"DateTime","PZH03_Delfweg_Stationsweg_Keukenhof_b-1"
"2024-01-01 00:00:00",119.0321254545
"2024-01-01 01:00:00",119.3641894
"2024-01-01 02:00:00",113.301393963
"2024-01-01 03:00:00",111.32440715
"2024-01-01 04:00:00",118.2326504103
"2024-01-01 05:00:00",114.0990325556
"2024-01-01 06:00:00",120.0052741778
"2024-01-01 07:00:00",118.3018280714
"2024-01-01 08:00:00",122.6746710294
"2024-01-01 09:00:00",130.0827789655
"2024-01-01 10:00:00",127.1757108
"2024-01-01 11:00:00",128.1729272667
"2024-01-01 12:00:00",130.2660020667
"2024-01-01 13:00:00",154.3673856667
"2024-01-01 14:00:00",131.3308888667
"2024-01-01 15:00:00",125.7184683167
"2024-01-01 16:00:00",118.109495339
"2024-01-01 17:00:00",115.2238168833
"2024-01-01 18:00:00",115.4155993167
"2024-01-01 19:00:00",116.99533355
"2024-01-01 20:00:00",123.5417920167
"2024-01-01 21:00:00",123.2036990333
"2024-01-01 22:00:00",129.2093603621
"2024-01-01 23:00:00",126.29776475
"2024-01-02 00:00:00",125.8279437097
"2024-01-02 01:00:00",117.5935303448
"2024-01-02 02:00:00",123.4512316667
"2024-01-02 03:00:00",113.7558090476
"2024-01-02 04:00:00",127.4593876512
"2024-01-02 05:00:00",117.780165
"2024-01-02 06:00:00",122.72348375
"2024-01-02 07:00:00",122.1884200833
"2024-01-02 08:00:00",126.0030849833
"2024-01-02 09:00:00",130.7023788333
"2024-01-02 10:00:00",128.5380436
"2024-01-02 11:00:00",128.4027554833
"2024-01-02 12:00:00",130.3820968
"2024-01-02 13:00:00",129.6324828
"2024-01-02 14:00:00",132.55620665
"2024-01-02 15:00:00",126.8629770333
"2024-01-02 16:00:00",129.2514661667
"2024-01-02 17:00:00",122.60971075
"2024-01-02 18:00:00",120.5084811667
"2024-01-02 19:00:00",112.0649411167
"2024-01-02 20:00:00",124.8515363167
"2024-01-02 21:00:00",129.0809139259
"2024-01-02 22:00:00",118.9523277556
"2024-01-02 23:00:00",123.5064636
"2024-01-03 00:00:00",
"2024-01-03 01:00:00",
"2024-01-03 02:00:00",117.91833
"2024-01-03 03:00:00",120.3406261304
"2024-01-03 04:00:00",120.6043925476
"2024-01-03 05:00:00",119.7715095667
"2024-01-03 06:00:00",135.5099434833
"2024-01-03 07:00:00",131.00258245
"2024-01-03 08:00:00",133.1172317333
"2024-01-03 09:00:00",134.48356455
"2024-01-03 10:00:00",131.99483275
"2024-01-03 11:00:00",138.4716080833
"2024-01-03 12:00:00",143.0846299167
"2024-01-03 13:00:00",134.2139679
"2024-01-03 14:00:00",132.763245
"2024-01-03 15:00:00",128.4107556167
"2024-01-03 16:00:00",124.90491675
"2024-01-03 17:00:00",121.3164589
"2024-01-03 18:00:00",119.1060979333
"2024-01-03 19:00:00",119.8902830167
"2024-01-03 20:00:00",123.0012439333
"2024-01-03 21:00:00",114.7431313167
"2024-01-03 22:00:00",125.3225893
"2024-01-03 23:00:00",122.0900829
"2024-01-04 00:00:00",131.5913707667
"2024-01-04 01:00:00",119.3773727097
"2024-01-04 02:00:00",
"2024-01-04 03:00:00",
"2024-01-04 04:00:00",124.85714166
"2024-01-04 05:00:00",127.854700619
"2024-01-04 06:00:00",123.8761977333
"2024-01-04 07:00:00",127.1888740167
"2024-01-04 08:00:00",132.1330467667
"2024-01-04 09:00:00",123.3899917
"2024-01-04 10:00:00",132.5342811
"2024-01-04 11:00:00",139.3985146
"2024-01-04 12:00:00",134.0247778167
"2024-01-04 13:00:00",133.9991629
"2024-01-04 14:00:00",132.7667245
"2024-01-04 15:00:00",134.7493505833
"2024-01-04 16:00:00",133.3673273667
"2024-01-04 17:00:00",123.09533405
"2024-01-04 18:00:00",123.6542683167
"2024-01-04 19:00:00",118.89421485
"2024-01-04 20:00:00",121.7077974082
"2024-01-04 21:00:00",119.1495898511
"2024-01-04 22:00:00",122.6450177586
"2024-01-04 23:00:00",120.8609646897
"2024-01-05 00:00:00",118.7384875667
"2024-01-05 01:00:00",134.6846519394
"2024-01-05 02:00:00",116.2479517949
"2024-01-05 03:00:00",105.5735536207
"2024-01-05 04:00:00",120.21776455
"2024-01-05 05:00:00",130.6256030556
"2024-01-05 06:00:00",125.75314005
"2024-01-05 07:00:00",123.1540331833
"2024-01-05 08:00:00",131.72303245
"2024-01-05 09:00:00",138.687589
"2024-01-05 10:00:00",128.1406965667
"2024-01-05 11:00:00",134.4509861667
"2024-01-05 12:00:00",139.1536497667
"2024-01-05 13:00:00",171.9869343833
"2024-01-05 14:00:00",132.7412562167
"2024-01-05 15:00:00",128.7578852
"2024-01-05 16:00:00",128.3033336333
"2024-01-05 17:00:00",123.3830846833
"2024-01-05 18:00:00",118.2493923167
"2024-01-05 19:00:00",122.0973442167
"2024-01-05 20:00:00",114.1191464167
"2024-01-05 21:00:00",112.7071095085
"2024-01-05 22:00:00",113.7067114815
"2024-01-05 23:00:00",112.1154562
"2024-01-06 00:00:00",117.8785392321
"2024-01-06 01:00:00",116.4797143333
"2024-01-06 02:00:00",112.8786494407
"2024-01-06 03:00:00",120.3830045
"2024-01-06 04:00:00",111.9047367059
"2024-01-06 05:00:00",117.75680126
"2024-01-06 06:00:00",121.7428383913
"2024-01-06 07:00:00",121.1034960857
"2024-01-06 08:00:00",126.0468756667
"2024-01-06 09:00:00",131.90492325
"2024-01-06 10:00:00",133.3990160333
"2024-01-06 11:00:00",135.6792283333
"2024-01-06 12:00:00",128.4052052167
"2024-01-06 13:00:00",132.7919389333
"2024-01-06 14:00:00",127.8617888333
"2024-01-06 15:00:00",127.1746050333
"2024-01-06 16:00:00",130.7008961667
"2024-01-06 17:00:00",120.0738033333
"2024-01-06 18:00:00",119.57362385
"2024-01-06 19:00:00",118.0996341017
"2024-01-06 20:00:00",116.7205320185
"2024-01-06 21:00:00",105.5936172759
"2024-01-06 22:00:00",113.5945078667
"2024-01-06 23:00:00",113.2992518167
"2024-01-07 00:00:00",118.8726720702
"2024-01-07 01:00:00",108.107983129
"2024-01-07 02:00:00",114.9747098421
"2024-01-07 03:00:00",126.191599
"2024-01-07 04:00:00",127.2408575
"2024-01-07 05:00:00",125.7818028696
"2024-01-07 06:00:00",130.1327135
"2024-01-07 07:00:00",114.2890234833
"2024-01-07 08:00:00",128.3129859833
"2024-01-07 09:00:00",131.7981294333
"2024-01-07 10:00:00",126.6278264167
"2024-01-07 11:00:00",132.6842173333
"2024-01-07 12:00:00",135.6730401833
"2024-01-07 13:00:00",133.00848825
"2024-01-07 14:00:00",139.6656519833
"2024-01-07 15:00:00",126.82127885
"2024-01-07 16:00:00",123.30761215
"2024-01-07 17:00:00",119.7613640167
"2024-01-07 18:00:00",115.2889828
"2024-01-07 19:00:00",118.71739235
"2024-01-07 20:00:00",114.3310800833
"2024-01-07 21:00:00",122.7943963421
"2024-01-07 22:00:00",115.7366410652
"2024-01-07 23:00:00",120.6233800233
"2024-01-08 00:00:00",
"2024-01-08 01:00:00",
"2024-01-08 02:00:00",115.8314971724
"2024-01-08 03:00:00",
"2024-01-08 04:00:00",125.1832377907
"2024-01-08 05:00:00",137.6722767833
"2024-01-08 06:00:00",145.8873744167
"2024-01-08 07:00:00",137.769488
"2024-01-08 08:00:00",129.743644
"2024-01-08 09:00:00",132.6410918333
"2024-01-08 10:00:00",133.6901748333
"2024-01-08 11:00:00",134.7230487667
"2024-01-08 12:00:00",130.6099085667
"2024-01-08 13:00:00",127.9758858983
"2024-01-08 14:00:00",130.7314373833
"2024-01-08 15:00:00",137.06196415
"2024-01-08 16:00:00",130.1566758333
"2024-01-08 17:00:00",129.0508286167
"2024-01-08 18:00:00",145.90367225
"2024-01-08 19:00:00",116.5279161167
"2024-01-08 20:00:00",109.91261696
"2024-01-08 21:00:00",122.8035971404
"2024-01-08 22:00:00",121.7224117647
"2024-01-08 23:00:00",131.3819116667
"2024-01-09 00:00:00",114.4438238333
"2024-01-09 01:00:00",113.8465441
"2024-01-09 02:00:00",
"2024-01-09 03:00:00",103.2351014706
"2024-01-09 04:00:00",115.9544919298
"2024-01-09 05:00:00",122.84582935
"2024-01-09 06:00:00",133.2294080167
"2024-01-09 07:00:00",144.3720475
"2024-01-09 08:00:00",125.5569289833
"2024-01-09 09:00:00",136.3646511
"2024-01-09 10:00:00",140.4884963
"2024-01-09 11:00:00",134.9203080833
"2024-01-09 12:00:00",130.4880051833
"2024-01-09 13:00:00",129.3791039
"2024-01-09 14:00:00",128.4205372167
"2024-01-09 15:00:00",137.2116223167
"2024-01-09 16:00:00",129.98648365
"2024-01-09 17:00:00",122.2956781167
"2024-01-09 18:00:00",120.9358165
"2024-01-09 19:00:00",119.16386005
"2024-01-09 20:00:00",113.1501503667
"2024-01-09 21:00:00",117.7413103
"2024-01-09 22:00:00",114.3195219
"2024-01-09 23:00:00",121.3
"2024-01-10 00:00:00",116.6128248621
"2024-01-10 01:00:00",109.225596
"2024-01-10 02:00:00",
"2024-01-10 03:00:00",107.3889535
"2024-01-10 04:00:00",124.0711585349
"2024-01-10 05:00:00",122.6139375667
"2024-01-10 06:00:00",128.5186651333
"2024-01-10 07:00:00",128.6961486833
"2024-01-10 08:00:00",125.6423548
"2024-01-10 09:00:00",129.7728795333
"2024-01-10 10:00:00",138.6232229333
"2024-01-10 11:00:00",140.1571129333
"2024-01-10 12:00:00",137.3670745167
"2024-01-10 13:00:00",137.1831079167
"2024-01-10 14:00:00",136.7437176667
"2024-01-10 15:00:00",131.0809507667
"2024-01-10 16:00:00",130.9166547333
"2024-01-10 17:00:00",123.35841285
"2024-01-10 18:00:00",127.3629518
"2024-01-10 19:00:00",125.87144465
"2024-01-10 20:00:00",126.4425535667
"2024-01-10 21:00:00",118.5696825333
"2024-01-10 22:00:00",122.0961665
"2024-01-10 23:00:00",132.0613947667
"2024-01-11 00:00:00",145.4418618182
"2024-01-11 01:00:00",111.0566381304
"2024-01-11 02:00:00",109.7194990435
"2024-01-11 03:00:00",
"2024-01-11 04:00:00",110.4201955283
"2024-01-11 05:00:00",118.8158231833
"2024-01-11 06:00:00",133.3341540333
"2024-01-11 07:00:00",131.9164347667
"2024-01-11 08:00:00",130.8743214
"2024-01-11 09:00:00",134.3399812833
"2024-01-11 10:00:00",134.0497976
"2024-01-11 11:00:00",135.2902164333
"2024-01-11 12:00:00",136.20766725
"2024-01-11 13:00:00",135.7089045
"2024-01-11 14:00:00",137.3837168333
"2024-01-11 15:00:00",132.5664587167
"2024-01-11 16:00:00",137.5673701667
"2024-01-11 17:00:00",125.8551880667
"2024-01-11 18:00:00",115.2290981
"2024-01-11 19:00:00",124.4463691333
"2024-01-11 20:00:00",127.1276681667
"2024-01-11 21:00:00",120.12084405
"2024-01-11 22:00:00",117.1435458367
"2024-01-11 23:00:00",114.0263412143
"2024-01-12 00:00:00",115.9224647959
"2024-01-12 01:00:00",122.02687
"2024-01-12 02:00:00",
"2024-01-12 03:00:00",
"2024-01-12 04:00:00",117.6367784545
"2024-01-12 05:00:00",121.5589389833
"2024-01-12 06:00:00",131.8264085333
"2024-01-12 07:00:00",135.2324861833
"2024-01-12 08:00:00",129.9580469333
"2024-01-12 09:00:00",128.21725575
"2024-01-12 10:00:00",131.5468190333
"2024-01-12 11:00:00",130.96290835
"2024-01-12 12:00:00",131.9519979
"2024-01-12 13:00:00",134.0311682333
"2024-01-12 14:00:00",136.7781934333
"2024-01-12 15:00:00",132.2893178
"2024-01-12 16:00:00",134.2713846
"2024-01-12 17:00:00",126.8002040167
"2024-01-12 18:00:00",119.0367118833
"2024-01-12 19:00:00",122.7149366833
"2024-01-12 20:00:00",121.5073983167
"2024-01-12 21:00:00",114.8150253774
"2024-01-12 22:00:00",124.7473870667
"2024-01-12 23:00:00",116.9308959833
"2024-01-13 00:00:00",117.1341519333
"2024-01-13 01:00:00",113.4128025741
"2024-01-13 02:00:00",106.0227575
"2024-01-13 03:00:00",120.2634405862
"2024-01-13 04:00:00",114.4721705556
"2024-01-13 05:00:00",142.55592644
"2024-01-13 06:00:00",115.2730074
"2024-01-13 07:00:00",123.3027519667
"2024-01-13 08:00:00",128.7203632333
"2024-01-13 09:00:00",150.1816535667
"2024-01-13 10:00:00",131.2842169833
"2024-01-13 11:00:00",130.6131066833
"2024-01-13 12:00:00",130.5860510167
"2024-01-13 13:00:00",131.43692005
"2024-01-13 14:00:00",128.4815331333
"2024-01-13 15:00:00",130.1671598
"2024-01-13 16:00:00",126.4062725
"2024-01-13 17:00:00",118.4934497833
"2024-01-13 18:00:00",118.9252777333
"2024-01-13 19:00:00",121.5287936
"2024-01-13 20:00:00",120.1385267167
"2024-01-13 21:00:00",119.9117159667
"2024-01-13 22:00:00",127.755014525
"2024-01-13 23:00:00",116.5615231607
"2024-01-14 00:00:00",119.6029141167
"2024-01-14 01:00:00",111.845123587
"2024-01-14 02:00:00",116.4513980357
"2024-01-14 03:00:00",104.1657384211
"2024-01-14 04:00:00",115.017128125
"2024-01-14 05:00:00",
"2024-01-14 06:00:00",
"2024-01-14 07:00:00",122.4032796571
"2024-01-14 08:00:00",126.1331080833
"2024-01-14 09:00:00",122.22472485
"2024-01-14 10:00:00",130.1176366167
"2024-01-14 11:00:00",129.7887553167
"2024-01-14 12:00:00",134.1046205
"2024-01-14 13:00:00",127.8199867333
"2024-01-14 14:00:00",134.9601023333
"2024-01-14 15:00:00",134.7045880333
"2024-01-14 16:00:00",122.9218998667
"2024-01-14 17:00:00",122.9425527667
"2024-01-14 18:00:00",121.9523656
"2024-01-14 19:00:00",119.9431382333
"2024-01-14 20:00:00",120.1457877833
"2024-01-14 21:00:00",119.5748649667
"2024-01-14 22:00:00",119.33217225
"2024-01-14 23:00:00",110.5678034419
"2024-01-15 00:00:00",134.2215672381
"2024-01-15 01:00:00",125.7937916667
"2024-01-15 02:00:00",
"2024-01-15 03:00:00",
"2024-01-15 04:00:00",111.20431316
"2024-01-15 05:00:00",124.7016077667
"2024-01-15 06:00:00",136.3062608333
"2024-01-15 07:00:00",138.6530491833
"2024-01-15 08:00:00",139.7562389833
"2024-01-15 09:00:00",129.9294966
"2024-01-15 10:00:00",150.4356722667
"2024-01-15 11:00:00",131.4771371
"2024-01-15 12:00:00",130.2293813333
"2024-01-15 13:00:00",136.5605916667
"2024-01-15 14:00:00",132.5862168
"2024-01-15 15:00:00",141.6687406667
"2024-01-15 16:00:00",140.06202275
"2024-01-15 17:00:00",125.08102725
"2024-01-15 18:00:00",131.4194271333
"2024-01-15 19:00:00",129.20947645
"2024-01-15 20:00:00",128.6628215667
"2024-01-15 21:00:00",121.4853522632
"2024-01-15 22:00:00",123.8243457407
"2024-01-15 23:00:00",118.8325073962
"2024-01-16 00:00:00",145.9053543191
"2024-01-16 01:00:00",168.0882103571
"2024-01-16 02:00:00",124.4368169375
"2024-01-16 03:00:00",
"2024-01-16 04:00:00",133.3341389574
"2024-01-16 05:00:00",182.9103088333
"2024-01-16 06:00:00",206.7258258333
"2024-01-16 07:00:00",220.3845005
"2024-01-16 08:00:00",196.839659
"2024-01-16 09:00:00",151.1409405
"2024-01-16 10:00:00",146.2211673333
"2024-01-16 11:00:00",131.0753426
"2024-01-16 12:00:00",132.4870083333
"2024-01-16 13:00:00",140.072906
"2024-01-16 14:00:00",131.9411708333
"2024-01-16 15:00:00",136.884056
"2024-01-16 16:00:00",133.055699
"2024-01-16 17:00:00",127.8452253667
"2024-01-16 18:00:00",129.6321227
"2024-01-16 19:00:00",129.5992943833
"2024-01-16 20:00:00",126.4668749667
"2024-01-16 21:00:00",130.8619027333
"2024-01-16 22:00:00",118.541418275
"2024-01-16 23:00:00",122.3801166667
"2024-01-17 00:00:00",115.7752404667
"2024-01-17 01:00:00",114.11241475
"2024-01-17 02:00:00",122.6047181
"2024-01-17 03:00:00",115.160331
"2024-01-17 04:00:00",124.41275025
"2024-01-17 05:00:00",123.8937903333
"2024-01-17 06:00:00",135.2405216667
"2024-01-17 07:00:00",133.1759352667
"2024-01-17 08:00:00",128.2122921667
"2024-01-17 09:00:00",129.79192505
"2024-01-17 10:00:00",140.744706
"2024-01-17 11:00:00",134.82658205
"2024-01-17 12:00:00",137.4643268333
"2024-01-17 13:00:00",137.2952283333
"2024-01-17 14:00:00",128.9911390167
"2024-01-17 15:00:00",136.9886205
"2024-01-17 16:00:00",140.3537098167
"2024-01-17 17:00:00",125.7666604667
"2024-01-17 18:00:00",120.3025272333
"2024-01-17 19:00:00",127.450368875
"2024-01-17 20:00:00",117.8675506167
"2024-01-17 21:00:00",118.7923132632
"2024-01-17 22:00:00",127.2597899167
"2024-01-17 23:00:00",145.3548865833
"2024-01-18 00:00:00",126.7910222553
"2024-01-18 01:00:00",130.7382519231
"2024-01-18 02:00:00",222.5628594595
"2024-01-18 03:00:00",
"2024-01-18 04:00:00",144.9042598837
"2024-01-18 05:00:00",126.5933529167
"2024-01-18 06:00:00",145.7525331667
"2024-01-18 07:00:00",137.2812703167
"2024-01-18 08:00:00",137.13698
"2024-01-18 09:00:00",133.4686913667
"2024-01-18 10:00:00",134.7583771833
"2024-01-18 11:00:00",132.0400258085
"2024-01-18 12:00:00",146.5858335714
"2024-01-18 13:00:00",143.8037006667
"2024-01-18 14:00:00",135.4857337667
"2024-01-18 15:00:00",134.1659673167
"2024-01-18 16:00:00",135.2918691833
"2024-01-18 17:00:00",128.34224695
"2024-01-18 18:00:00",132.2824229
"2024-01-18 19:00:00",132.19923805
"2024-01-18 20:00:00",131.4216613833
"2024-01-18 21:00:00",123.6400065102
"2024-01-18 22:00:00",116.5378143793
"2024-01-18 23:00:00",119.2844844833
"2024-01-19 00:00:00",119.7728729216
"2024-01-19 01:00:00",
"2024-01-19 02:00:00",
"2024-01-19 03:00:00",106.869564
"2024-01-19 04:00:00",126.0798972083
"2024-01-19 05:00:00",125.5030021
"2024-01-19 06:00:00",134.9896979333
"2024-01-19 07:00:00",141.4386683333
"2024-01-19 08:00:00",136.4216906667
"2024-01-19 09:00:00",130.8069229
"2024-01-19 10:00:00",137.0104498333
"2024-01-19 11:00:00",133.3576691667
"2024-01-19 12:00:00",138.0834628333
"2024-01-19 13:00:00",141.6401378333
"2024-01-19 14:00:00",134.2461545667
"2024-01-19 15:00:00",135.6047434
"2024-01-19 16:00:00",128.5265876667
"2024-01-19 17:00:00",121.0612721167
"2024-01-19 18:00:00",131.9234738333
"2024-01-19 19:00:00",132.48418955
"2024-01-19 20:00:00",126.7921341
"2024-01-19 21:00:00",117.7225040333
"2024-01-19 22:00:00",126.5979875763
"2024-01-19 23:00:00",115.4577602353
"2024-01-20 00:00:00",124.8950717941
"2024-01-20 01:00:00",117.8570307209
"2024-01-20 02:00:00",121.1689485
"2024-01-20 03:00:00",106.3256319667
"2024-01-20 04:00:00",111.4696187742
"2024-01-20 05:00:00",125.44643524
"2024-01-20 06:00:00",116.7317861667
"2024-01-20 07:00:00",127.40063455
"2024-01-20 08:00:00",123.7745959833
"2024-01-20 09:00:00",127.94159865
"2024-01-20 10:00:00",133.393669
"2024-01-20 11:00:00",135.4079787333
"2024-01-20 12:00:00",133.9195193167
"2024-01-20 13:00:00",132.1435495
"2024-01-20 14:00:00",136.3602741667
"2024-01-20 15:00:00",137.364208
"2024-01-20 16:00:00",131.98220525
"2024-01-20 17:00:00",124.9859952833
"2024-01-20 18:00:00",126.8692108833
"2024-01-20 19:00:00",118.45544005
"2024-01-20 20:00:00",121.5047299831
"2024-01-20 21:00:00",123.8491181628
"2024-01-20 22:00:00",112.55659835
"2024-01-20 23:00:00",115.5416805814
"2024-01-21 00:00:00",117.8568236167
"2024-01-21 01:00:00",118.0972135714
"2024-01-21 02:00:00",126.6434902333
"2024-01-21 03:00:00",126.270518069
"2024-01-21 04:00:00",117.2295631379
"2024-01-21 05:00:00",
"2024-01-21 06:00:00",115.6799016316
"2024-01-21 07:00:00",115.0447431579
"2024-01-21 08:00:00",118.8026732909
"2024-01-21 09:00:00",124.29495765
"2024-01-21 10:00:00",128.8473618
"2024-01-21 11:00:00",129.74550725
"2024-01-21 12:00:00",131.3017268
"2024-01-21 13:00:00",137.1762451667
"2024-01-21 14:00:00",131.6478986167
"2024-01-21 15:00:00",124.2018956333
"2024-01-21 16:00:00",120.9524405667
"2024-01-21 17:00:00",120.1128162
"2024-01-21 18:00:00",122.1057057833
"2024-01-21 19:00:00",119.5662004167
"2024-01-21 20:00:00",120.3015588947
"2024-01-21 21:00:00",122.5104238043
"2024-01-21 22:00:00",108.8922786757
"2024-01-21 23:00:00",111.5687235152
"2024-01-22 00:00:00",122.41655
"2024-01-22 01:00:00",
"2024-01-22 02:00:00",
"2024-01-22 03:00:00",
"2024-01-22 04:00:00",124.5466658095
"2024-01-22 05:00:00",126.7035949167
"2024-01-22 06:00:00",132.2921524833
"2024-01-22 07:00:00",129.7288973
"2024-01-22 08:00:00",124.06927505
"2024-01-22 09:00:00",130.41880395
"2024-01-22 10:00:00",134.6827532167
"2024-01-22 11:00:00",130.2557772667
"2024-01-22 12:00:00",135.6960380833
"2024-01-22 13:00:00",137.1643901
"2024-01-22 14:00:00",132.7209529833
"2024-01-22 15:00:00",130.8244252833
"2024-01-22 16:00:00",132.3356216
"2024-01-22 17:00:00",120.3637622667
"2024-01-22 18:00:00",122.4957338
"2024-01-22 19:00:00",123.31475815
"2024-01-22 20:00:00",112.81408445
"2024-01-22 21:00:00",117.3610311818
"2024-01-22 22:00:00",119.5428825714
"2024-01-22 23:00:00",123.7865338378
"2024-01-23 00:00:00",123.8167272167
"2024-01-23 01:00:00",117.4826392308
"2024-01-23 02:00:00",122.086188
"2024-01-23 03:00:00",
"2024-01-23 04:00:00",118.1846036327
"2024-01-23 05:00:00",131.26731895
"2024-01-23 06:00:00",129.7075339
"2024-01-23 07:00:00",132.13801995
"2024-01-23 08:00:00",129.3622229
"2024-01-23 09:00:00",135.952919
"2024-01-23 10:00:00",141.7959326667
"2024-01-23 11:00:00",138.2936350333
"2024-01-23 12:00:00",139.2824515
"2024-01-23 13:00:00",141.2954747667
"2024-01-23 14:00:00",141.13485385
"2024-01-23 15:00:00",132.19068115
"2024-01-23 16:00:00",132.30669935
"2024-01-23 17:00:00",125.7570699
"2024-01-23 18:00:00",120.24513885
"2024-01-23 19:00:00",116.7579368
"2024-01-23 20:00:00",115.2431302833
"2024-01-23 21:00:00",127.2688425333
"2024-01-23 22:00:00",110.665147069
"2024-01-23 23:00:00",107.852668
"2024-01-24 00:00:00",114.8038777895
"2024-01-24 01:00:00",118.1571080625
"2024-01-24 02:00:00",124.7189189655
"2024-01-24 03:00:00",
"2024-01-24 04:00:00",125.4495012258
"2024-01-24 05:00:00",118.4971669
"2024-01-24 06:00:00",141.5982220667
"2024-01-24 07:00:00",129.5052747833
"2024-01-24 08:00:00",127.62570725
"2024-01-24 09:00:00",143.2474338333
"2024-01-24 10:00:00",131.3617042833
"2024-01-24 11:00:00",132.3861444333
"2024-01-24 12:00:00",131.9129918333
"2024-01-24 13:00:00",139.6334722667
"2024-01-24 14:00:00",144.4990827667
"2024-01-24 15:00:00",132.3161256
"2024-01-24 16:00:00",130.8976277333
"2024-01-24 17:00:00",125.6851625333
"2024-01-24 18:00:00",121.5066603167
"2024-01-24 19:00:00",121.99155465
"2024-01-24 20:00:00",119.3478926667
"2024-01-24 21:00:00",121.0525794833
"2024-01-24 22:00:00",124.9544584333
"2024-01-24 23:00:00",126.1191660833
"2024-01-25 00:00:00",122.78408
"2024-01-25 01:00:00",
"2024-01-25 02:00:00",
"2024-01-25 03:00:00",127.7277768372
"2024-01-25 04:00:00",111.2790826
"2024-01-25 05:00:00",124.9185089833
"2024-01-25 06:00:00",140.9563230833
"2024-01-25 07:00:00",143.1261415
"2024-01-25 08:00:00",133.2214146833
"2024-01-25 09:00:00",133.3160784333
"2024-01-25 10:00:00",134.2410105833
"2024-01-25 11:00:00",135.8232927833
"2024-01-25 12:00:00",146.1431308167
"2024-01-25 13:00:00",141.1618831167
"2024-01-25 14:00:00",130.5496480333
"2024-01-25 15:00:00",135.7734361667
"2024-01-25 16:00:00",139.6008270667
"2024-01-25 17:00:00",125.4451580167
"2024-01-25 18:00:00",121.6816630833
"2024-01-25 19:00:00",129.9396427833
"2024-01-25 20:00:00",123.9660105667
"2024-01-25 21:00:00",120.4858310833
"2024-01-25 22:00:00",118.1125581964
"2024-01-25 23:00:00",122.7939605
"2024-01-26 00:00:00",116.4520915
"2024-01-26 01:00:00",141.0445065517
"2024-01-26 02:00:00",106.4034954667
"2024-01-26 03:00:00",
"2024-01-26 04:00:00",113.062071
"2024-01-26 05:00:00",122.1340269833
"2024-01-26 06:00:00",127.2217056
"2024-01-26 07:00:00",130.8767411333
"2024-01-26 08:00:00",132.0666247833
"2024-01-26 09:00:00",132.6005713833
"2024-01-26 10:00:00",128.55452485
"2024-01-26 11:00:00",132.6574411333
"2024-01-26 12:00:00",131.0518075833
"2024-01-26 13:00:00",130.7036511667
"2024-01-26 14:00:00",148.3579656667
"2024-01-26 15:00:00",138.4445581
"2024-01-26 16:00:00",133.726766
"2024-01-26 17:00:00",127.5287357167
"2024-01-26 18:00:00",123.8511645667
"2024-01-26 19:00:00",121.4761571333
"2024-01-26 20:00:00",114.9296831333
"2024-01-26 21:00:00",119.0721157667
"2024-01-26 22:00:00",115.5315116167
"2024-01-26 23:00:00",111.64160972
"2024-01-27 00:00:00",107.9353597143
"2024-01-27 01:00:00",109.7274912917
"2024-01-27 02:00:00",118.1573542857
"2024-01-27 03:00:00",106.84263092
"2024-01-27 04:00:00",116.1163630909
"2024-01-27 05:00:00",119.5719431
"2024-01-27 06:00:00",115.5568346
"2024-01-27 07:00:00",116.1839845333
"2024-01-27 08:00:00",118.8822928333
"2024-01-27 09:00:00",123.4820501833
"2024-01-27 10:00:00",132.490367
"2024-01-27 11:00:00",137.8969375
"2024-01-27 12:00:00",139.6950548333
"2024-01-27 13:00:00",138.361088
"2024-01-27 14:00:00",136.4687212167
"2024-01-27 15:00:00",130.92511105
"2024-01-27 16:00:00",124.83484605
"2024-01-27 17:00:00",123.5634906167
"2024-01-27 18:00:00",120.0632611333
"2024-01-27 19:00:00",116.3723287833
"2024-01-27 20:00:00",120.6551631333
"2024-01-27 21:00:00",113.3757226
"2024-01-27 22:00:00",117.592546807
"2024-01-27 23:00:00",119.2062547167
"2024-01-28 00:00:00",112.1662960333
"2024-01-28 01:00:00",115.7426689167
"2024-01-28 02:00:00",111.7939008
"2024-01-28 03:00:00",109.8881662326
"2024-01-28 04:00:00",107.9081459767
"2024-01-28 05:00:00",116.3074618889
"2024-01-28 06:00:00",112.7339318571
"2024-01-28 07:00:00",115.3017217333
"2024-01-28 08:00:00",118.5086283167
"2024-01-28 09:00:00",130.92705095
"2024-01-28 10:00:00",130.8748490833
"2024-01-28 11:00:00",139.9500458333
"2024-01-28 12:00:00",143.914581
"2024-01-28 13:00:00",139.2542671667
"2024-01-28 14:00:00",140.2840253333
"2024-01-28 15:00:00",124.2104129167
"2024-01-28 16:00:00",126.5006794833
"2024-01-28 17:00:00",121.2117725667
"2024-01-28 18:00:00",115.2367218103
"2024-01-28 19:00:00",124.0591235098
"2024-01-28 20:00:00",116.7552883167
"2024-01-28 21:00:00",120.0814657143
"2024-01-28 22:00:00",115.8406812069
"2024-01-28 23:00:00",120.9418977667
"2024-01-29 00:00:00",
"2024-01-29 01:00:00",133.7960681786
"2024-01-29 02:00:00",
"2024-01-29 03:00:00",124.5326924286
"2024-01-29 04:00:00",117.4519133111
"2024-01-29 05:00:00",116.2679472833
"2024-01-29 06:00:00",136.2818285
"2024-01-29 07:00:00",133.01762295
"2024-01-29 08:00:00",132.67618875
"2024-01-29 09:00:00",130.8930044167
"2024-01-29 10:00:00",135.4654065667
"2024-01-29 11:00:00",125.9977728167
"2024-01-29 12:00:00",133.3135361167
"2024-01-29 13:00:00",130.1608495167
"2024-01-29 14:00:00",137.4346746667
"2024-01-29 15:00:00",139.225248
"2024-01-29 16:00:00",137.7310710167
"2024-01-29 17:00:00",121.1928447667
"2024-01-29 18:00:00",123.3601121167
"2024-01-29 19:00:00",131.9486519833
"2024-01-29 20:00:00",117.0340358704
"2024-01-29 21:00:00",114.8922029167
"2024-01-29 22:00:00",115.0571881702
"2024-01-29 23:00:00",116.3987236
"2024-01-30 00:00:00",124.138902
"2024-01-30 01:00:00",118.909477
"2024-01-30 02:00:00",
"2024-01-30 03:00:00",
"2024-01-30 04:00:00",124.8726576111
"2024-01-30 05:00:00",120.8350614167
"2024-01-30 06:00:00",134.7923844833
"2024-01-30 07:00:00",142.7469735
"2024-01-30 08:00:00",133.5082525833
"2024-01-30 09:00:00",137.5879979333
"2024-01-30 10:00:00",129.6634076333
"2024-01-30 11:00:00",136.2298166667
"2024-01-30 12:00:00",138.8817918833
"2024-01-30 13:00:00",149.1398064333
"2024-01-30 14:00:00",133.5999121667
"2024-01-30 15:00:00",131.9161137833
"2024-01-30 16:00:00",135.8397425833
"2024-01-30 17:00:00",126.0428934833
"2024-01-30 18:00:00",125.0706525333
"2024-01-30 19:00:00",123.0956192167
"2024-01-30 20:00:00",116.7547936
"2024-01-30 21:00:00",116.4191264167
"2024-01-30 22:00:00",115.5873356
"2024-01-30 23:00:00",110.1760113023
"2024-01-31 00:00:00",115.890749
"2024-01-31 01:00:00",117.6254599655
"2024-01-31 02:00:00",
"2024-01-31 03:00:00",
"2024-01-31 04:00:00",129.312408
"2024-01-31 05:00:00",122.2135609667
"2024-01-31 06:00:00",152.7215680667
"2024-01-31 07:00:00",131.6216941833
"2024-01-31 08:00:00",131.86055465
"2024-01-31 09:00:00",134.770229
"2024-01-31 10:00:00",139.1552658333
"2024-01-31 11:00:00",134.9392579833
"2024-01-31 12:00:00",141.6237091667
"2024-01-31 13:00:00",141.9001741667
"2024-01-31 14:00:00",134.2705223167
"2024-01-31 15:00:00",146.9205147333
"2024-01-31 16:00:00",137.91661115
"2024-01-31 17:00:00",120.1942434167
"2024-01-31 18:00:00",121.1611886333
"2024-01-31 19:00:00",128.9977346833
"2024-01-31 20:00:00",128.1068106
"2024-01-31 21:00:00",118.0125730877
"2024-01-31 22:00:00",127.8204503793
"2024-01-31 23:00:00",130.0232484375
"2024-02-01 00:00:00",129.4298047826
"2024-02-01 01:00:00",118.0140752759
"2024-02-01 02:00:00",123.4671063214
"2024-02-01 03:00:00",123.829895
"2024-02-01 04:00:00",119.4008347174
"2024-02-01 05:00:00",119.0969363333
"2024-02-01 06:00:00",135.5871355833
"2024-02-01 07:00:00",132.4596782667
"2024-02-01 08:00:00",133.5591940678
"2024-02-01 09:00:00",137.9092864667
"2024-02-01 10:00:00",149.3180133333
"2024-02-01 11:00:00",136.3786672
"2024-02-01 12:00:00",137.5415471667
"2024-02-01 13:00:00",142.4235441667
"2024-02-01 14:00:00",139.7536833667
"2024-02-01 15:00:00",138.1029773333
"2024-02-01 16:00:00",134.5911761
"2024-02-01 17:00:00",131.1279400167
"2024-02-01 18:00:00",123.1248286
"2024-02-01 19:00:00",121.2102598833
"2024-02-01 20:00:00",116.3464324167
"2024-02-01 21:00:00",120.8289244038
"2024-02-01 22:00:00",107.2415629333
"2024-02-01 23:00:00",116.9651272115
"2024-02-02 00:00:00",114.8038054
"2024-02-02 01:00:00",
"2024-02-02 02:00:00",122.8450830909
"2024-02-02 03:00:00",123.9265112632
"2024-02-02 04:00:00",110.2314833929
"2024-02-02 05:00:00",124.0463430333
"2024-02-02 06:00:00",135.6279693
"2024-02-02 07:00:00",135.7143856833
"2024-02-02 08:00:00",135.13035375
"2024-02-02 09:00:00",139.3279006
"2024-02-02 10:00:00",141.2463846667
"2024-02-02 11:00:00",133.3588135
"2024-02-02 12:00:00",136.2437154167
"2024-02-02 13:00:00",139.879782
"2024-02-02 14:00:00",151.7521618333
"2024-02-02 15:00:00",132.7845822667
"2024-02-02 16:00:00",128.7808850833
"2024-02-02 17:00:00",122.96285055
"2024-02-02 18:00:00",120.9037561
"2024-02-02 19:00:00",124.2894133333
"2024-02-02 20:00:00",123.2330553333
"2024-02-02 21:00:00",117.12034955
"2024-02-02 22:00:00",109.9620447333
"2024-02-02 23:00:00",111.8907547368
"2024-02-03 00:00:00",113.26900774
"2024-02-03 01:00:00",117.9663179167
"2024-02-03 02:00:00",110.0929884444
"2024-02-03 03:00:00",122.5513695
"2024-02-03 04:00:00",114.8604604167
"2024-02-03 05:00:00",119.8803221667
"2024-02-03 06:00:00",120.0193491667
"2024-02-03 07:00:00",119.7323814167
"2024-02-03 08:00:00",128.5379598167
"2024-02-03 09:00:00",131.71266515
"2024-02-03 10:00:00",134.6830337667
"2024-02-03 11:00:00",137.0853188333
"2024-02-03 12:00:00",138.3703665
"2024-02-03 13:00:00",136.7502629833
"2024-02-03 14:00:00",130.8483120833
"2024-02-03 15:00:00",130.5824805667
"2024-02-03 16:00:00",123.92217435
"2024-02-03 17:00:00",124.3751984167
"2024-02-03 18:00:00",116.22683235
"2024-02-03 19:00:00",117.62820195
"2024-02-03 20:00:00",130.7660775333
"2024-02-03 21:00:00",143.6855332833
"2024-02-03 22:00:00",118.1162614
"2024-02-03 23:00:00",117.4702059
"2024-02-04 00:00:00",108.00580325
"2024-02-04 01:00:00",110.4406525862
"2024-02-04 02:00:00",117.73854086
"2024-02-04 03:00:00",112.3250999
"2024-02-04 04:00:00",110.2268131667
"2024-02-04 05:00:00",112.0772427
"2024-02-04 06:00:00",111.33793512
"2024-02-04 07:00:00",112.2210592667
"2024-02-04 08:00:00",120.5940777833
"2024-02-04 09:00:00",129.32938445
"2024-02-04 10:00:00",132.1115951333
"2024-02-04 11:00:00",131.1535757833
"2024-02-04 12:00:00",132.95889535
"2024-02-04 13:00:00",136.6727846667
"2024-02-04 14:00:00",131.02200125
"2024-02-04 15:00:00",120.5088913
"2024-02-04 16:00:00",120.51286055
"2024-02-04 17:00:00",137.9720097333
"2024-02-04 18:00:00",119.6483890667
"2024-02-04 19:00:00",119.7412359
"2024-02-04 20:00:00",114.1131835333
"2024-02-04 21:00:00",197.6748352632
"2024-02-04 22:00:00",122.4087182963
"2024-02-04 23:00:00",118.3765869143
"2024-02-05 00:00:00",
"2024-02-05 01:00:00",138.433535
"2024-02-05 02:00:00",134.26260664
"2024-02-05 03:00:00",147.98629125
"2024-02-05 04:00:00",112.9990704286
"2024-02-05 05:00:00",115.9188809667
"2024-02-05 06:00:00",138.0014150667
"2024-02-05 07:00:00",129.5743944167
"2024-02-05 08:00:00",133.140333
"2024-02-05 09:00:00",132.0149179333
"2024-02-05 10:00:00",133.43173195
"2024-02-05 11:00:00",134.5270266667
"2024-02-05 12:00:00",137.3438288833
"2024-02-05 13:00:00",127.3579176333
"2024-02-05 14:00:00",135.0760283
"2024-02-05 15:00:00",129.4302511333
"2024-02-05 16:00:00",133.6304722167
"2024-02-05 17:00:00",125.640141
"2024-02-05 18:00:00",121.82017775
"2024-02-05 19:00:00",119.6968880833
"2024-02-05 20:00:00",129.34348735
"2024-02-05 21:00:00",107.7630421833
"2024-02-05 22:00:00",117.0236245333
"2024-02-05 23:00:00",114.6223620385
"2024-02-06 00:00:00",
"2024-02-06 01:00:00",116.4242345862
"2024-02-06 02:00:00",107.1171884333
"2024-02-06 03:00:00",
"2024-02-06 04:00:00",120.4948788333
"2024-02-06 05:00:00",120.35199895
"2024-02-06 06:00:00",133.0698095333
"2024-02-06 07:00:00",137.8617189167
"2024-02-06 08:00:00",138.66679205
"2024-02-06 09:00:00",127.2039459167
"2024-02-06 10:00:00",141.1148599167
"2024-02-06 11:00:00",123.2131301167
"2024-02-06 12:00:00",137.7390752667
"2024-02-06 13:00:00",132.1834430167
"2024-02-06 14:00:00",132.09686675
"2024-02-06 15:00:00",133.2608014667
"2024-02-06 16:00:00",129.0323949167
"2024-02-06 17:00:00",123.8989837833
"2024-02-06 18:00:00",121.0341304167
"2024-02-06 19:00:00",121.9143522333
"2024-02-06 20:00:00",123.4391149833
"2024-02-06 21:00:00",123.6506172833
"2024-02-06 22:00:00",123.1481415094
"2024-02-06 23:00:00",104.7072647
"2024-02-07 00:00:00",116.401853069
"2024-02-07 01:00:00",106.9242156957
"2024-02-07 02:00:00",119.4939981667
"2024-02-07 03:00:00",192.2776563636
"2024-02-07 04:00:00",128.3656783793
"2024-02-07 05:00:00",122.9798150167
"2024-02-07 06:00:00",134.5293191667
"2024-02-07 07:00:00",138.6625007333
"2024-02-07 08:00:00",133.1309513
"2024-02-07 09:00:00",135.1577847667
"2024-02-07 10:00:00",141.1826848333
"2024-02-07 11:00:00",134.8656666667
"2024-02-07 12:00:00",148.7255368333
"2024-02-07 13:00:00",147.6991771667
"2024-02-07 14:00:00",139.3245712667
"2024-02-07 15:00:00",134.673392
"2024-02-07 16:00:00",132.8171907833
"2024-02-07 17:00:00",121.1798596167
"2024-02-07 18:00:00",118.71092035
"2024-02-07 19:00:00",119.0983559
"2024-02-07 20:00:00",120.4020058333
"2024-02-07 21:00:00",118.2311226
"2024-02-07 22:00:00",120.85022175
"2024-02-07 23:00:00",122.7658198772
"2024-02-08 00:00:00",135.1641821852
"2024-02-08 01:00:00",125.5918686667
"2024-02-08 02:00:00",106.313749
"2024-02-08 03:00:00",118.28271398
"2024-02-08 04:00:00",129.4743051714
"2024-02-08 05:00:00",127.1297906034
"2024-02-08 06:00:00",141.2061105833
"2024-02-08 07:00:00",137.6339811833
"2024-02-08 08:00:00",135.6572304
"2024-02-08 09:00:00",139.5661291667
"2024-02-08 10:00:00",157.4527358333
"2024-02-08 11:00:00",133.7726970333
"2024-02-08 12:00:00",132.8513658167
"2024-02-08 13:00:00",140.6248725667
"2024-02-08 14:00:00",153.7697385
"2024-02-08 15:00:00",142.5803347667
"2024-02-08 16:00:00",132.70595115
"2024-02-08 17:00:00",130.1476254
"2024-02-08 18:00:00",127.5868741667
"2024-02-08 19:00:00",121.1710122667
"2024-02-08 20:00:00",122.7777932167
"2024-02-08 21:00:00",114.4162454167
"2024-02-08 22:00:00",119.2498317
"2024-02-08 23:00:00",145.0927480333
"2024-02-09 00:00:00",116.8888668913
"2024-02-09 01:00:00",114.5194913103
"2024-02-09 02:00:00",111.6145637742
"2024-02-09 03:00:00",121.3588023333
"2024-02-09 04:00:00",126.6398261628
"2024-02-09 05:00:00",127.5049193667
"2024-02-09 06:00:00",140.7825233333
"2024-02-09 07:00:00",133.2026235167
"2024-02-09 08:00:00",127.5268829667
"2024-02-09 09:00:00",133.4617256
"2024-02-09 10:00:00",142.06893665
"2024-02-09 11:00:00",142.1448721667
"2024-02-09 12:00:00",137.3498687667
"2024-02-09 13:00:00",140.4922311667
"2024-02-09 14:00:00",133.4505571833
"2024-02-09 15:00:00",138.1953622667
"2024-02-09 16:00:00",144.2233229167
"2024-02-09 17:00:00",133.3027590667
"2024-02-09 18:00:00",121.4787849667
"2024-02-09 19:00:00",123.1291791333
"2024-02-09 20:00:00",116.4697031
"2024-02-09 21:00:00",119.209736193
"2024-02-09 22:00:00",113.5664276167
"2024-02-09 23:00:00",111.8400685306
"2024-02-10 00:00:00",109.5528078333
"2024-02-10 01:00:00",116.2780457667
"2024-02-10 02:00:00",122.62896
"2024-02-10 03:00:00",123.8818971667
"2024-02-10 04:00:00",119.419777878
"2024-02-10 05:00:00",116.4021393571
"2024-02-10 06:00:00",119.4057534706
"2024-02-10 07:00:00",123.8975751765
"2024-02-10 08:00:00",129.7656728333
"2024-02-10 09:00:00",131.7569224333
"2024-02-10 10:00:00",131.8971564
"2024-02-10 11:00:00",149.2819985
"2024-02-10 12:00:00",153.6234705
"2024-02-10 13:00:00",141.8705031667
"2024-02-10 14:00:00",133.38798225
"2024-02-10 15:00:00",128.6237094333
"2024-02-10 16:00:00",125.8413086833
"2024-02-10 17:00:00",123.6034584167
"2024-02-10 18:00:00",121.1101812167
"2024-02-10 19:00:00",121.1715415333
"2024-02-10 20:00:00",121.1526866667
"2024-02-10 21:00:00",122.8998284833
"2024-02-10 22:00:00",121.1135187667
"2024-02-10 23:00:00",116.0697245667
"2024-02-11 00:00:00",114.56239275
"2024-02-11 01:00:00",109.340955625
"2024-02-11 02:00:00",129.3128626757
"2024-02-11 03:00:00",115.4072440545
"2024-02-11 04:00:00",
"2024-02-11 05:00:00",112.4768425172
"2024-02-11 06:00:00",130.606915807
"2024-02-11 07:00:00",130.1026546122
"2024-02-11 08:00:00",126.2153688667
"2024-02-11 09:00:00",125.6852819
"2024-02-11 10:00:00",135.7325829167
"2024-02-11 11:00:00",136.2371809167
"2024-02-11 12:00:00",144.6594645
"2024-02-11 13:00:00",147.8459536667
"2024-02-11 14:00:00",135.45603235
"2024-02-11 15:00:00",128.7792160333
"2024-02-11 16:00:00",125.1880155
"2024-02-11 17:00:00",130.6215840909
"2024-02-11 18:00:00",121.8405053667
"2024-02-11 19:00:00",124.9489401167
"2024-02-11 20:00:00",121.3441487333
"2024-02-11 21:00:00",118.5413546
"2024-02-11 22:00:00",113.1568351091
"2024-02-11 23:00:00",121.7889165333
"2024-02-12 00:00:00",116.7915574074
"2024-02-12 01:00:00",124.4867844074
"2024-02-12 02:00:00",108.95928
"2024-02-12 03:00:00",116.1817498519
"2024-02-12 04:00:00",117.0835142571
"2024-02-12 05:00:00",121.1983346333
"2024-02-12 06:00:00",132.6335133333
"2024-02-12 07:00:00",133.3916840667
"2024-02-12 08:00:00",130.5194178167
"2024-02-12 09:00:00",141.9801999333
"2024-02-12 10:00:00",135.420984
"2024-02-12 11:00:00",129.9243772833
"2024-02-12 12:00:00",135.9328258333
"2024-02-12 13:00:00",139.1621728333
"2024-02-12 14:00:00",131.7436685
"2024-02-12 15:00:00",131.6695325333
"2024-02-12 16:00:00",132.5430391333
"2024-02-12 17:00:00",128.2150076167
"2024-02-12 18:00:00",125.9843798667
"2024-02-12 19:00:00",118.9454329
"2024-02-12 20:00:00",117.4316405167
"2024-02-12 21:00:00",112.0429877333
"2024-02-12 22:00:00",107.1963856735
"2024-02-12 23:00:00",118.0805911833
"2024-02-13 00:00:00",121.2855198205
"2024-02-13 01:00:00",123.3141446667
"2024-02-13 02:00:00",
"2024-02-13 03:00:00",
"2024-02-13 04:00:00",127.8263582
"2024-02-13 05:00:00",117.5844853559
"2024-02-13 06:00:00",134.3035164167
"2024-02-13 07:00:00",134.1419672
"2024-02-13 08:00:00",140.5752924667
"2024-02-13 09:00:00",132.5627249833
"2024-02-13 10:00:00",135.0233098667
"2024-02-13 11:00:00",141.9381428167
"2024-02-13 12:00:00",134.59309095
"2024-02-13 13:00:00",152.9114789333
"2024-02-13 14:00:00",133.7756025667
"2024-02-13 15:00:00",128.18737665
"2024-02-13 16:00:00",130.59642875
"2024-02-13 17:00:00",131.4008067167
"2024-02-13 18:00:00",122.81706185
"2024-02-13 19:00:00",123.4178706167
"2024-02-13 20:00:00",120.0823514667
"2024-02-13 21:00:00",115.14099275
"2024-02-13 22:00:00",118.1244248333
"2024-02-13 23:00:00",110.3592541579
"2024-02-14 00:00:00",115.6422150556
"2024-02-14 01:00:00",126.7255092564
"2024-02-14 02:00:00",121.1775225
"2024-02-14 03:00:00",123.0046393125
"2024-02-14 04:00:00",120.2115827273
"2024-02-14 05:00:00",130.79460635
"2024-02-14 06:00:00",135.7086950833
"2024-02-14 07:00:00",126.6511871167
"2024-02-14 08:00:00",138.599375
"2024-02-14 09:00:00",133.5792290833
"2024-02-14 10:00:00",138.9600310833
"2024-02-14 11:00:00",144.3272283333
"2024-02-14 12:00:00",148.2493913333
"2024-02-14 13:00:00",131.43757055
"2024-02-14 14:00:00",132.1444376
"2024-02-14 15:00:00",137.9292330667
"2024-02-14 16:00:00",130.48551175
"2024-02-14 17:00:00",127.9158240833
"2024-02-14 18:00:00",123.1213927833
"2024-02-14 19:00:00",123.5682039667
"2024-02-14 20:00:00",118.1835306667
"2024-02-14 21:00:00",119.6805448
"2024-02-14 22:00:00",109.8249612
"2024-02-14 23:00:00",105.3129949286
"2024-02-15 00:00:00",117.1812682222
"2024-02-15 01:00:00",118.3630790769
"2024-02-15 02:00:00",117.0811597667
"2024-02-15 03:00:00",
"2024-02-15 04:00:00",
"2024-02-15 05:00:00",134.0044977895
"2024-02-15 06:00:00",133.6262519
"2024-02-15 07:00:00",137.7403133333
"2024-02-15 08:00:00",136.1897309167
"2024-02-15 09:00:00",133.4052734333
"2024-02-15 10:00:00",136.7463244833
"2024-02-15 11:00:00",160.8919064167
"2024-02-15 12:00:00",138.8453923667
"2024-02-15 13:00:00",156.2026143333
"2024-02-15 14:00:00",136.3361178333
"2024-02-15 15:00:00",138.3995910667
"2024-02-15 16:00:00",128.2403291167
"2024-02-15 17:00:00",130.9867392167
"2024-02-15 18:00:00",125.9283277667
"2024-02-15 19:00:00",132.2165102667
"2024-02-15 20:00:00",121.3731028
"2024-02-15 21:00:00",116.66233665
"2024-02-15 22:00:00",111.6215389737
"2024-02-15 23:00:00",127.3390090185
"2024-02-16 00:00:00",118.2551339412
"2024-02-16 01:00:00",121.2599197391
"2024-02-16 02:00:00",114.7087722121
"2024-02-16 03:00:00",
"2024-02-16 04:00:00",
"2024-02-16 05:00:00",123.4353407222
"2024-02-16 06:00:00",130.26253765
"2024-02-16 07:00:00",130.98339405
"2024-02-16 08:00:00",139.1110773
"2024-02-16 09:00:00",131.5144316
"2024-02-16 10:00:00",134.794622
"2024-02-16 11:00:00",135.6469061667
"2024-02-16 12:00:00",141.74070585
"2024-02-16 13:00:00",151.856752
"2024-02-16 14:00:00",142.7515591667
"2024-02-16 15:00:00",136.1753577333
"2024-02-16 16:00:00",132.6624888167
"2024-02-16 17:00:00",120.8994483833
"2024-02-16 18:00:00",118.0065894667
"2024-02-16 19:00:00",117.8829318
"2024-02-16 20:00:00",120.2244011
"2024-02-16 21:00:00",121.4689709167
"2024-02-16 22:00:00",124.8877832667
"2024-02-16 23:00:00",112.80805475
"2024-02-17 00:00:00",111.5153451167
"2024-02-17 01:00:00",109.7954752222
"2024-02-17 02:00:00",116.1103352727
"2024-02-17 03:00:00",110.5165996875
"2024-02-17 04:00:00",111.7319377838
"2024-02-17 05:00:00",115.3470423846
"2024-02-17 06:00:00",113.2797071304
"2024-02-17 07:00:00",122.24556675
"2024-02-17 08:00:00",132.26501895
"2024-02-17 09:00:00",147.2554673333
"2024-02-17 10:00:00",131.41880285
"2024-02-17 11:00:00",136.6173548333
"2024-02-17 12:00:00",134.1766269333
"2024-02-17 13:00:00",137.6051053333
"2024-02-17 14:00:00",138.5227220667
"2024-02-17 15:00:00",134.5873338333
"2024-02-17 16:00:00",127.9402913667
"2024-02-17 17:00:00",126.5324151833
"2024-02-17 18:00:00",121.6019986667
"2024-02-17 19:00:00",118.3630449833
"2024-02-17 20:00:00",115.1038095333
"2024-02-17 21:00:00",118.5822272333
"2024-02-17 22:00:00",112.4420432679
"2024-02-17 23:00:00",108.35710815
"2024-02-18 00:00:00",108.2038058167
"2024-02-18 01:00:00",120.6899029362
"2024-02-18 02:00:00",106.8616421509
"2024-02-18 03:00:00",126.2220675667
"2024-02-18 04:00:00",126.4086483333
"2024-02-18 05:00:00",118.8288968571
"2024-02-18 06:00:00",122.0700161333
"2024-02-18 07:00:00",127.2375022778
"2024-02-18 08:00:00",121.0686086833
"2024-02-18 09:00:00",119.28291435
"2024-02-18 10:00:00",127.61576995
"2024-02-18 11:00:00",129.9642855333
"2024-02-18 12:00:00",135.0478933667
"2024-02-18 13:00:00",128.913982
"2024-02-18 14:00:00",127.0685833333
"2024-02-18 15:00:00",128.3069535667
"2024-02-18 16:00:00",130.7438339
"2024-02-18 17:00:00",121.5288351667
"2024-02-18 18:00:00",119.2907896333
"2024-02-18 19:00:00",115.6152103833
"2024-02-18 20:00:00",119.2395433
"2024-02-18 21:00:00",115.4911212667
"2024-02-18 22:00:00",121.7978109091
"2024-02-18 23:00:00",102.88607
"2024-02-19 00:00:00",110.8929671429
"2024-02-19 01:00:00",
"2024-02-19 02:00:00",
"2024-02-19 03:00:00",126.4716953333
"2024-02-19 04:00:00",122.3299823333
"2024-02-19 05:00:00",124.8010034746
"2024-02-19 06:00:00",187.0709046667
"2024-02-19 07:00:00",169.8492071667
"2024-02-19 08:00:00",172.373935
"2024-02-19 09:00:00",188.9458578333
"2024-02-19 10:00:00",183.332226
"2024-02-19 11:00:00",176.7664846667
"2024-02-19 12:00:00",185.8304978333
"2024-02-19 13:00:00",183.2344121667
"2024-02-19 14:00:00",185.3148555
"2024-02-19 15:00:00",188.635557
"2024-02-19 16:00:00",189.317511
"2024-02-19 17:00:00",166.4213333333
"2024-02-19 18:00:00",160.9629950833
"2024-02-19 19:00:00",160.7872649333
"2024-02-19 20:00:00",148.7986583833
"2024-02-19 21:00:00",149.9743843333
"2024-02-19 22:00:00",125.5873932115
"2024-02-19 23:00:00",126.7444363182
"2024-02-20 00:00:00",154.9355541379
"2024-02-20 01:00:00",166.6830797143
"2024-02-20 02:00:00",133.134286
"2024-02-20 03:00:00",116.52962725
"2024-02-20 04:00:00",131.1955307143
"2024-02-20 05:00:00",154.8723431667
"2024-02-20 06:00:00",170.7748075
"2024-02-20 07:00:00",173.0596966667
"2024-02-20 08:00:00",183.1728585
"2024-02-20 09:00:00",186.5669876667
"2024-02-20 10:00:00",202.1163173333
"2024-02-20 11:00:00",179.570446
"2024-02-20 12:00:00",249.4273181667
"2024-02-20 13:00:00",213.4418176667
"2024-02-20 14:00:00",205.370029
"2024-02-20 15:00:00",238.3339535
"2024-02-20 16:00:00",256.2592593333
"2024-02-20 17:00:00",168.130388
"2024-02-20 18:00:00",164.7657195
"2024-02-20 19:00:00",146.1425008333
"2024-02-20 20:00:00",151.1693466667
"2024-02-20 21:00:00",150.4476908333
"2024-02-20 22:00:00",122.2888012203
"2024-02-20 23:00:00",178.3961716667
"2024-02-21 00:00:00",
"2024-02-21 01:00:00",
"2024-02-21 02:00:00",
"2024-02-21 03:00:00",
"2024-02-21 04:00:00",140.5219564516
"2024-02-21 05:00:00",168.8295809434
"2024-02-21 06:00:00",175.1342291667
"2024-02-21 07:00:00",182.377243
"2024-02-21 08:00:00",177.1243745
"2024-02-21 09:00:00",175.5658316667
"2024-02-21 10:00:00",190.133634
"2024-02-21 11:00:00",217.6609283333
"2024-02-21 12:00:00",209.2105845
"2024-02-21 13:00:00",205.192718
"2024-02-21 14:00:00",211.7315168333
"2024-02-21 15:00:00",182.5633116667
"2024-02-21 16:00:00",353.3584933333
"2024-02-21 17:00:00",171.1148263333
"2024-02-21 18:00:00",168.3511923333
"2024-02-21 19:00:00",172.0826891667
"2024-02-21 20:00:00",159.3755068333
"2024-02-21 21:00:00",151.8227191667
"2024-02-21 22:00:00",151.82609
"2024-02-21 23:00:00",152.6758128571
"2024-02-22 00:00:00",130.6871662069
"2024-02-22 01:00:00",117.8188892414
"2024-02-22 02:00:00",
"2024-02-22 03:00:00",
"2024-02-22 04:00:00",140.2385422222
"2024-02-22 05:00:00",153.6917089833
"2024-02-22 06:00:00",187.8805761667
"2024-02-22 07:00:00",179.4037131667
"2024-02-22 08:00:00",191.790629
"2024-02-22 09:00:00",182.429394
"2024-02-22 10:00:00",166.6637166667
"2024-02-22 11:00:00",132.7741927667
"2024-02-22 12:00:00",137.4437321667
"2024-02-22 13:00:00",145.5364858333
"2024-02-22 14:00:00",142.0047860833
"2024-02-22 15:00:00",138.56741395
"2024-02-22 16:00:00",134.5858575833
"2024-02-22 17:00:00",129.5034674667
"2024-02-22 18:00:00",125.1594879667
"2024-02-22 19:00:00",133.9728403167
"2024-02-22 20:00:00",124.0932626
"2024-02-22 21:00:00",115.2045614167
"2024-02-22 22:00:00",117.0574237667
"2024-02-22 23:00:00",117.1428387966
"2024-02-23 00:00:00",116.7323116667
"2024-02-23 01:00:00",103.218623
"2024-02-23 02:00:00",113.3892381667
"2024-02-23 03:00:00",
"2024-02-23 04:00:00",
"2024-02-23 05:00:00",114.4703823929
"2024-02-23 06:00:00",129.9746455
"2024-02-23 07:00:00",128.5022647833
"2024-02-23 08:00:00",133.0541766667
"2024-02-23 09:00:00",145.8211366667
"2024-02-23 10:00:00",135.9196621833
"2024-02-23 11:00:00",133.3412893333
"2024-02-23 12:00:00",144.2755445
"2024-02-23 13:00:00",140.5544616667
"2024-02-23 14:00:00",139.9858394333
"2024-02-23 15:00:00",130.1921498167
"2024-02-23 16:00:00",132.8117791667
"2024-02-23 17:00:00",133.9143305333
"2024-02-23 18:00:00",124.95020465
"2024-02-23 19:00:00",116.2733271833
"2024-02-23 20:00:00",113.45103795
"2024-02-23 21:00:00",124.0545367667
"2024-02-23 22:00:00",120.4642907586
"2024-02-23 23:00:00",121.81478915
"2024-02-24 00:00:00",118.8875044
"2024-02-24 01:00:00",123.4304031667
"2024-02-24 02:00:00",125.0700829474
"2024-02-24 03:00:00",112.96643155
"2024-02-24 04:00:00",123.2496883333
"2024-02-24 05:00:00",124.3957569
"2024-02-24 06:00:00",122.0956156897
"2024-02-24 07:00:00",120.2966587667
"2024-02-24 08:00:00",123.4193608667
"2024-02-24 09:00:00",128.8774709667
"2024-02-24 10:00:00",135.1855933333
"2024-02-24 11:00:00",129.9379153167
"2024-02-24 12:00:00",133.9286500667
"2024-02-24 13:00:00",138.1493073333
"2024-02-24 14:00:00",131.0835791333
"2024-02-24 15:00:00",128.1732356167
"2024-02-24 16:00:00",129.3672854167
"2024-02-24 17:00:00",125.9422444333
"2024-02-24 18:00:00",126.4832823
"2024-02-24 19:00:00",124.26678185
"2024-02-24 20:00:00",117.71020885
"2024-02-24 21:00:00",121.1737506167
"2024-02-24 22:00:00",116.61223442
"2024-02-24 23:00:00",112.6603201333
"2024-02-25 00:00:00",118.4064769111
"2024-02-25 01:00:00",115.382158463
"2024-02-25 02:00:00",
"2024-02-25 03:00:00",
"2024-02-25 04:00:00",123.0610790667
"2024-02-25 05:00:00",111.1358094222
"2024-02-25 06:00:00",120.6938095667
"2024-02-25 07:00:00",122.44308225
"2024-02-25 08:00:00",126.78836755
"2024-02-25 09:00:00",126.60741475
"2024-02-25 10:00:00",133.3379453
"2024-02-25 11:00:00",138.4036701667
"2024-02-25 12:00:00",139.9996840167
"2024-02-25 13:00:00",138.6955191667
"2024-02-25 14:00:00",137.6995526
"2024-02-25 15:00:00",127.24161925
"2024-02-25 16:00:00",126.0685542333
"2024-02-25 17:00:00",118.95900055
"2024-02-25 18:00:00",117.4346621833
"2024-02-25 19:00:00",118.15113055
"2024-02-25 20:00:00",123.7977584667
"2024-02-25 21:00:00",114.5070339667
"2024-02-25 22:00:00",130.0296433333
"2024-02-25 23:00:00",172.512375537
"2024-02-26 00:00:00",171.1562624727
"2024-02-26 01:00:00",203.2604340909
"2024-02-26 02:00:00",
"2024-02-26 03:00:00",124.7837441
"2024-02-26 04:00:00",108.0397237647
"2024-02-26 05:00:00",120.6704619
"2024-02-26 06:00:00",130.773548
"2024-02-26 07:00:00",138.0329974
"2024-02-26 08:00:00",135.98827295
"2024-02-26 09:00:00",140.7375815833
"2024-02-26 10:00:00",138.07746725
"2024-02-26 11:00:00",141.72246965
"2024-02-26 12:00:00",136.1793575
"2024-02-26 13:00:00",132.0227914833
"2024-02-26 14:00:00",137.2984475
"2024-02-26 15:00:00",130.7785990333
"2024-02-26 16:00:00",132.4666413333
"2024-02-26 17:00:00",132.5611806
"2024-02-26 18:00:00",131.6605456
"2024-02-26 19:00:00",119.5681757167
"2024-02-26 20:00:00",118.5524535
"2024-02-26 21:00:00",117.6552709167
"2024-02-26 22:00:00",119.3945934833
"2024-02-26 23:00:00",118.06803175
"2024-02-27 00:00:00",
"2024-02-27 01:00:00",114.165761
"2024-02-27 02:00:00",
"2024-02-27 03:00:00",124.5057320769
"2024-02-27 04:00:00",125.8402259
"2024-02-27 05:00:00",118.4602325667
"2024-02-27 06:00:00",132.26654505
"2024-02-27 07:00:00",136.0656659
"2024-02-27 08:00:00",129.8700377333
"2024-02-27 09:00:00",139.5599909
"2024-02-27 10:00:00",144.031934
"2024-02-27 11:00:00",133.23720085
"2024-02-27 12:00:00",138.0205926667
"2024-02-27 13:00:00",145.7569502667
"2024-02-27 14:00:00",131.3294218167
"2024-02-27 15:00:00",135.1142750667
"2024-02-27 16:00:00",135.2412527333
"2024-02-27 17:00:00",134.3269871333
"2024-02-27 18:00:00",127.9304888333
"2024-02-27 19:00:00",116.5501331667
"2024-02-27 20:00:00",118.0986780333
"2024-02-27 21:00:00",120.7069220769
"2024-02-27 22:00:00",116.1972291667
"2024-02-27 23:00:00",112.7916685862
"2024-02-28 00:00:00",
"2024-02-28 01:00:00",
"2024-02-28 02:00:00",
"2024-02-28 03:00:00",
"2024-02-28 04:00:00",124.2528490833
"2024-02-28 05:00:00",133.4596858167
"2024-02-28 06:00:00",128.6548871833
"2024-02-28 07:00:00",134.5893680167
"2024-02-28 08:00:00",129.2587300667
"2024-02-28 09:00:00",133.1454673167
"2024-02-28 10:00:00",139.5637259167
"2024-02-28 11:00:00",138.1965848333
"2024-02-28 12:00:00",138.911752
"2024-02-28 13:00:00",139.0635466667
"2024-02-28 14:00:00",136.5965828
"2024-02-28 15:00:00",135.53806525
"2024-02-28 16:00:00",133.4306183333
"2024-02-28 17:00:00",126.0256965667
"2024-02-28 18:00:00",123.6644737
"2024-02-28 19:00:00",121.5508467
"2024-02-28 20:00:00",119.3122193333
"2024-02-28 21:00:00",110.0698403167
"2024-02-28 22:00:00",114.7587363333
"2024-02-28 23:00:00",132.9871862545
"2024-02-29 00:00:00",124.2148560227
"2024-02-29 01:00:00",125.4349724545
"2024-02-29 02:00:00",
"2024-02-29 03:00:00",141.2858512143
"2024-02-29 04:00:00",115.5843371944
"2024-02-29 05:00:00",126.0459528833
"2024-02-29 06:00:00",131.3575078667
"2024-02-29 07:00:00",133.1940353
"2024-02-29 08:00:00",129.9641642833
"2024-02-29 09:00:00",139.4020338333
"2024-02-29 10:00:00",146.2670576
"2024-02-29 11:00:00",150.5399859333
"2024-02-29 12:00:00",145.57098275
"2024-02-29 13:00:00",142.6636666667
"2024-02-29 14:00:00",135.8952921667
"2024-02-29 15:00:00",136.1465595
"2024-02-29 16:00:00",137.0556179333
"2024-02-29 17:00:00",123.1905700333
"2024-02-29 18:00:00",124.01872125
"2024-02-29 19:00:00",121.8824256667
"2024-02-29 20:00:00",116.6811888667
"2024-02-29 21:00:00",119.0381403
"2024-02-29 22:00:00",115.4452145
"2024-02-29 23:00:00",116.3593015625
"2024-03-01 00:00:00",111.7715511333
"2024-03-01 01:00:00",136.145884
"2024-03-01 02:00:00",
"2024-03-01 03:00:00",
"2024-03-01 04:00:00",124.7848234222
"2024-03-01 05:00:00",122.3040619
"2024-03-01 06:00:00",129.3171385833
"2024-03-01 07:00:00",135.4984185833
"2024-03-01 08:00:00",136.347847
"2024-03-01 09:00:00",143.1167886667
"2024-03-01 10:00:00",148.0684636667
"2024-03-01 11:00:00",137.4837240167
"2024-03-01 12:00:00",128.7097750167
"2024-03-01 13:00:00",135.5887916667
"2024-03-01 14:00:00",137.5721255833
"2024-03-01 15:00:00",131.3023209
"2024-03-01 16:00:00",127.1097658667
"2024-03-01 17:00:00",124.4732341833
"2024-03-01 18:00:00",122.0926806667
"2024-03-01 19:00:00",117.9065306167
"2024-03-01 20:00:00",121.7303396167
"2024-03-01 21:00:00",118.8372012833
"2024-03-01 22:00:00",119.7563138276
"2024-03-01 23:00:00",126.1259919667
"2024-03-02 00:00:00",111.7574295741
"2024-03-02 01:00:00",119.5882237069
"2024-03-02 02:00:00",127.4901681724
"2024-03-02 03:00:00",124.54279
"2024-03-02 04:00:00",106.0587266667
"2024-03-02 05:00:00",115.5949453833
"2024-03-02 06:00:00",126.5520265167
"2024-03-02 07:00:00",121.1403514833
"2024-03-02 08:00:00",120.3599357167
"2024-03-02 09:00:00",135.4321655667
"2024-03-02 10:00:00",134.9296713333
"2024-03-02 11:00:00",134.3243213333
"2024-03-02 12:00:00",138.2182010333
"2024-03-02 13:00:00",136.2088073167
"2024-03-02 14:00:00",135.4064271667
"2024-03-02 15:00:00",126.3274767333
"2024-03-02 16:00:00",140.4335789
"2024-03-02 17:00:00",121.2637452
"2024-03-02 18:00:00",123.1120920833
"2024-03-02 19:00:00",134.2643308333
"2024-03-02 20:00:00",124.69143475
"2024-03-02 21:00:00",118.6958485
"2024-03-02 22:00:00",114.2410426833
"2024-03-02 23:00:00",110.8646661333
"2024-03-03 00:00:00",118.090899
"2024-03-03 01:00:00",115.6508756957
"2024-03-03 02:00:00",105.1534913939
"2024-03-03 03:00:00",113.6703351875
"2024-03-03 04:00:00",104.4686112812
"2024-03-03 05:00:00",115.3473676
"2024-03-03 06:00:00",112.61832735
"2024-03-03 07:00:00",118.3203356
"2024-03-03 08:00:00",128.8116505
"2024-03-03 09:00:00",139.1960384
"2024-03-03 10:00:00",136.2568023167
"2024-03-03 11:00:00",136.0405358833
"2024-03-03 12:00:00",138.5037786667
"2024-03-03 13:00:00",133.5210380833
"2024-03-03 14:00:00",135.9097752
"2024-03-03 15:00:00",138.7359623333
"2024-03-03 16:00:00",129.5968488
"2024-03-03 17:00:00",120.5370556667
"2024-03-03 18:00:00",117.2451023
"2024-03-03 19:00:00",127.3946033667
"2024-03-03 20:00:00",122.17978105
"2024-03-03 21:00:00",118.2447646364
"2024-03-03 22:00:00",114.4440321818
"2024-03-03 23:00:00",118.9654456098
"2024-03-04 00:00:00",125.8489891333
"2024-03-04 01:00:00",
"2024-03-04 02:00:00",
"2024-03-04 03:00:00",
"2024-03-04 04:00:00",119.4869280714
"2024-03-04 05:00:00",120.4458107333
"2024-03-04 06:00:00",133.7538066167
"2024-03-04 07:00:00",137.3682488136
"2024-03-04 08:00:00",138.6520855
"2024-03-04 09:00:00",140.2935806667
"2024-03-04 10:00:00",142.5063789167
"2024-03-04 11:00:00",133.0807146333
"2024-03-04 12:00:00",139.1319256667
"2024-03-04 13:00:00",140.9955905833
"2024-03-04 14:00:00",140.6781918333
"2024-03-04 15:00:00",135.417586069
"2024-03-04 16:00:00",131.8035242712
"2024-03-04 17:00:00",119.2069688333
"2024-03-04 18:00:00",119.3289372
"2024-03-04 19:00:00",118.3801707333
"2024-03-04 20:00:00",124.4110647333
"2024-03-04 21:00:00",115.9073646897
"2024-03-04 22:00:00",123.4537378246
"2024-03-04 23:00:00",127.8064353929
"2024-03-05 00:00:00",
"2024-03-05 01:00:00",114.0747403448
"2024-03-05 02:00:00",
"2024-03-05 03:00:00",
"2024-03-05 04:00:00",114.9900404167
"2024-03-05 05:00:00",120.4612426333
"2024-03-05 06:00:00",130.1197873
"2024-03-05 07:00:00",136.8584352667
"2024-03-05 08:00:00",132.3957032833
"2024-03-05 09:00:00",135.4095670833
"2024-03-05 10:00:00",135.6252423051
"2024-03-05 11:00:00",134.7691337167
"2024-03-05 12:00:00",132.7790086667
"2024-03-05 13:00:00",135.6681014333
"2024-03-05 14:00:00",134.883314322
"2024-03-05 15:00:00",130.2042720833
"2024-03-05 16:00:00",133.649758807
"2024-03-05 17:00:00",128.3654074667
"2024-03-05 18:00:00",125.8192402167
"2024-03-05 19:00:00",121.7384808
"2024-03-05 20:00:00",122.47379615
"2024-03-05 21:00:00",118.2808006
"2024-03-05 22:00:00",109.8558325
"2024-03-05 23:00:00",110.4356788833
"2024-03-06 00:00:00",
"2024-03-06 01:00:00",
"2024-03-06 02:00:00",
"2024-03-06 03:00:00",
"2024-03-06 04:00:00",108.4311883902
"2024-03-06 05:00:00",119.8762113833
"2024-03-06 06:00:00",130.9528402667
"2024-03-06 07:00:00",136.0205969333
"2024-03-06 08:00:00",139.7287718167
"2024-03-06 09:00:00",129.0522682333
"2024-03-06 10:00:00",144.4529716333
"2024-03-06 11:00:00",141.9463538167
"2024-03-06 12:00:00",135.1954171833
"2024-03-06 13:00:00",137.2983213333
"2024-03-06 14:00:00",133.3226826167
"2024-03-06 15:00:00",131.1214692414
"2024-03-06 16:00:00",127.0923718947
"2024-03-06 17:00:00",123.3548163667
"2024-03-06 18:00:00",126.7405536667
"2024-03-06 19:00:00",127.9173122333
"2024-03-06 20:00:00",119.4436038
"2024-03-06 21:00:00",124.3206818793
"2024-03-06 22:00:00",121.0703911887
"2024-03-06 23:00:00",125.2540947941
"2024-03-07 00:00:00",100.9494857143
"2024-03-07 01:00:00",111.63703866
"2024-03-07 02:00:00",
"2024-03-07 03:00:00",
"2024-03-07 04:00:00",
"2024-03-07 05:00:00",111.9749201017
"2024-03-07 06:00:00",122.4143541833
"2024-03-07 07:00:00",136.6059389667
"2024-03-07 08:00:00",134.60904675
"2024-03-07 09:00:00",150.7183466667
"2024-03-07 10:00:00",147.7393003333
"2024-03-07 11:00:00",137.3542675
"2024-03-07 12:00:00",139.4860734833
"2024-03-07 13:00:00",144.5012491667
"2024-03-07 14:00:00",130.84476105
"2024-03-07 15:00:00",134.5437231356
"2024-03-07 16:00:00",135.0177475439
"2024-03-07 17:00:00",123.4008913333
"2024-03-07 18:00:00",122.9019635
"2024-03-07 19:00:00",127.1569684167
"2024-03-07 20:00:00",114.7028358167
"2024-03-07 21:00:00",120.3764178125
"2024-03-07 22:00:00",114.7042899375
"2024-03-07 23:00:00",122.3796346167
"2024-03-08 00:00:00",121.6008613256
"2024-03-08 01:00:00",123.2198761667
"2024-03-08 02:00:00",116.9105355217
"2024-03-08 03:00:00",121.9606516667
"2024-03-08 04:00:00",117.9743559474
"2024-03-08 05:00:00",123.7010568
"2024-03-08 06:00:00",131.7845160833
"2024-03-08 07:00:00",139.7499675667
"2024-03-08 08:00:00",138.2935461833
"2024-03-08 09:00:00",141.8134878
"2024-03-08 10:00:00",139.37764225
"2024-03-08 11:00:00",134.0485135333
"2024-03-08 12:00:00",153.549674
"2024-03-08 13:00:00",155.797931
"2024-03-08 14:00:00",135.1277633051
"2024-03-08 15:00:00",137.4331423333
"2024-03-08 16:00:00",132.6249121667
"2024-03-08 17:00:00",130.19116625
"2024-03-08 18:00:00",124.5007374333
"2024-03-08 19:00:00",123.60534645
"2024-03-08 20:00:00",117.6609419
"2024-03-08 21:00:00",116.3742978667
"2024-03-08 22:00:00",122.972061617
"2024-03-08 23:00:00",116.97713005
"2024-03-09 00:00:00",110.4539244107
"2024-03-09 01:00:00",120.9038230847
"2024-03-09 02:00:00",121.651764
"2024-03-09 03:00:00",104.5587670435
"2024-03-09 04:00:00",118.1531626667
"2024-03-09 05:00:00",112.5725485714
"2024-03-09 06:00:00",112.3161709
"2024-03-09 07:00:00",164.0841108333
"2024-03-09 08:00:00",135.3286646
"2024-03-09 09:00:00",132.0863937167
"2024-03-09 10:00:00",136.1677401667
"2024-03-09 11:00:00",140.9673517333
"2024-03-09 12:00:00",152.4710516667
"2024-03-09 13:00:00",151.685367
"2024-03-09 14:00:00",134.5117848333
"2024-03-09 15:00:00",133.71182215
"2024-03-09 16:00:00",126.1030430833
"2024-03-09 17:00:00",132.9519249
"2024-03-09 18:00:00",117.7614799167
"2024-03-09 19:00:00",119.4358685167
"2024-03-09 20:00:00",116.3200325333
"2024-03-09 21:00:00",123.9493399333
"2024-03-09 22:00:00",116.7803507
"2024-03-09 23:00:00",111.7804769667
"2024-03-10 00:00:00",117.8886560833
"2024-03-10 01:00:00",119.2891507692
"2024-03-10 02:00:00",103.5618424667
"2024-03-10 03:00:00",105.4484934762
"2024-03-10 04:00:00",121.6838595714
"2024-03-10 05:00:00",121.9571748367
"2024-03-10 06:00:00",123.9476470909
"2024-03-10 07:00:00",114.9797040179
"2024-03-10 08:00:00",126.2071164333
"2024-03-10 09:00:00",131.8595071833
"2024-03-10 10:00:00",136.9012077
"2024-03-10 11:00:00",141.0483245667
"2024-03-10 12:00:00",140.8400066667
"2024-03-10 13:00:00",142.685055
"2024-03-10 14:00:00",142.0774570833
"2024-03-10 15:00:00",128.0406618667
"2024-03-10 16:00:00",135.7717976833
"2024-03-10 17:00:00",119.5204381
"2024-03-10 18:00:00",113.3444418222
"2024-03-10 19:00:00",117.5959512667
"2024-03-10 20:00:00",117.1076914167
"2024-03-10 21:00:00",124.1329891087
"2024-03-10 22:00:00",116.9945593256
"2024-03-10 23:00:00",118.9391292619
"2024-03-11 00:00:00",
"2024-03-11 01:00:00",
"2024-03-11 02:00:00",109.9242203043
"2024-03-11 03:00:00",120.1479934286
"2024-03-11 04:00:00",115.7738686667
"2024-03-11 05:00:00",131.0695529167
"2024-03-11 06:00:00",128.7174853833
"2024-03-11 07:00:00",136.6512263333
"2024-03-11 08:00:00",137.4272292167
"2024-03-11 09:00:00",138.1302034
"2024-03-11 10:00:00",136.2719058333
"2024-03-11 11:00:00",144.3609559
"2024-03-11 12:00:00",137.8983130833
"2024-03-11 13:00:00",144.8049983333
"2024-03-11 14:00:00",134.4182522
"2024-03-11 15:00:00",135.1236452833
"2024-03-11 16:00:00",134.0979948475
"2024-03-11 17:00:00",123.5745502833
"2024-03-11 18:00:00",122.70599035
"2024-03-11 19:00:00",120.315522617
"2024-03-11 20:00:00",121.0550489828
"2024-03-11 21:00:00",116.167847
"2024-03-11 22:00:00",116.9965293333
"2024-03-11 23:00:00",113.5820108
"2024-03-12 00:00:00",123.6320956667
"2024-03-12 01:00:00",119.9601752778
"2024-03-12 02:00:00",115.738895
"2024-03-12 03:00:00",
"2024-03-12 04:00:00",118.74803875
"2024-03-12 05:00:00",115.8729351833
"2024-03-12 06:00:00",133.95140125
"2024-03-12 07:00:00",148.3934121667
"2024-03-12 08:00:00",138.5602151667
"2024-03-12 09:00:00",140.2880420333
"2024-03-12 10:00:00",136.0335807
"2024-03-12 11:00:00",133.9823981667
"2024-03-12 12:00:00",137.8306529167
"2024-03-12 13:00:00",146.5653661667
"2024-03-12 14:00:00",143.1935216667
"2024-03-12 15:00:00",131.7280453448
"2024-03-12 16:00:00",132.0482198966
"2024-03-12 17:00:00",128.7712562333
"2024-03-12 18:00:00",127.2757985185
"2024-03-12 19:00:00",123.6430626833
"2024-03-12 20:00:00",118.4269994
"2024-03-12 21:00:00",115.3182178167
"2024-03-12 22:00:00",116.9190617
"2024-03-12 23:00:00",119.898025125
"2024-03-13 00:00:00",114.9500990588
"2024-03-13 01:00:00",121.2834273077
"2024-03-13 02:00:00",125.0490745882
"2024-03-13 03:00:00",
"2024-03-13 04:00:00",126.8937130227
"2024-03-13 05:00:00",123.5285412
"2024-03-13 06:00:00",135.5882070833
"2024-03-13 07:00:00",137.5288988333
"2024-03-13 08:00:00",148.1939375167
"2024-03-13 09:00:00",147.1201253333
"2024-03-13 10:00:00",148.7996043333
"2024-03-13 11:00:00",140.6330386667
"2024-03-13 12:00:00",143.9569538333
"2024-03-13 13:00:00",140.5446378333
"2024-03-13 14:00:00",135.7167560667
"2024-03-13 15:00:00",143.5190985593
"2024-03-13 16:00:00",135.0703163158
"2024-03-13 17:00:00",123.8827792833
"2024-03-13 18:00:00",117.3886266167
"2024-03-13 19:00:00",119.7037495667
"2024-03-13 20:00:00",119.4316278
"2024-03-13 21:00:00",125.10429615
"2024-03-13 22:00:00",114.487203
"2024-03-13 23:00:00",107.8836733333
"2024-03-14 00:00:00",114.710756
"2024-03-14 01:00:00",119.273939125
"2024-03-14 02:00:00",
"2024-03-14 03:00:00",
"2024-03-14 04:00:00",120.4194112917
"2024-03-14 05:00:00",122.5760958833
"2024-03-14 06:00:00",128.2848673333
"2024-03-14 07:00:00",132.9320602333
"2024-03-14 08:00:00",155.0479463333
"2024-03-14 09:00:00",147.1036135
"2024-03-14 10:00:00",144.261326
"2024-03-14 11:00:00",149.9668436667
"2024-03-14 12:00:00",142.1219923333
"2024-03-14 13:00:00",153.2500561667
"2024-03-14 14:00:00",149.3922668333
"2024-03-14 15:00:00",132.3128882373
"2024-03-14 16:00:00",137.3140596429
"2024-03-14 17:00:00",134.1784574167
"2024-03-14 18:00:00",118.9587663167
"2024-03-14 19:00:00",115.8250379833
"2024-03-14 20:00:00",118.5236047667
"2024-03-14 21:00:00",116.14674295
"2024-03-14 22:00:00",111.6361802333
"2024-03-14 23:00:00",117.0765576047
"2024-03-15 00:00:00",
"2024-03-15 01:00:00",
"2024-03-15 02:00:00",
"2024-03-15 03:00:00",124.6315954138
"2024-03-15 04:00:00",120.8265781042
"2024-03-15 05:00:00",119.7757787333
"2024-03-15 06:00:00",129.8961012833
"2024-03-15 07:00:00",133.5807505833
"2024-03-15 08:00:00",134.0758623333
"2024-03-15 09:00:00",143.0573432
"2024-03-15 10:00:00",143.0765218333
"2024-03-15 11:00:00",150.869283
"2024-03-15 12:00:00",176.6369476667
"2024-03-15 13:00:00",139.2592176667
"2024-03-15 14:00:00",142.1982882333
"2024-03-15 15:00:00",136.5187862667
"2024-03-15 16:00:00",130.54062925
"2024-03-15 17:00:00",126.61552375
"2024-03-15 18:00:00",122.6497366
"2024-03-15 19:00:00",114.7084940833
"2024-03-15 20:00:00",119.8780573833
"2024-03-15 21:00:00",113.60412315
"2024-03-15 22:00:00",117.5240588167
"2024-03-15 23:00:00",109.0391719833
"2024-03-16 00:00:00",122.951215
"2024-03-16 01:00:00",127.44070896
"2024-03-16 02:00:00",
"2024-03-16 03:00:00",
"2024-03-16 04:00:00",
"2024-03-16 05:00:00",113.0869362045
"2024-03-16 06:00:00",141.6034820833
"2024-03-16 07:00:00",133.7580390833
"2024-03-16 08:00:00",141.6061848333
"2024-03-16 09:00:00",142.0094905167
"2024-03-16 10:00:00",145.0486115
"2024-03-16 11:00:00",140.969953
"2024-03-16 12:00:00",145.6550368333
"2024-03-16 13:00:00",152.7889213333
"2024-03-16 14:00:00",148.5888603333
"2024-03-16 15:00:00",137.9725665667
"2024-03-16 16:00:00",128.0121673333
"2024-03-16 17:00:00",129.3534848
"2024-03-16 18:00:00",136.5046805333
"2024-03-16 19:00:00",119.4596181333
"2024-03-16 20:00:00",129.9749692333
"2024-03-16 21:00:00",125.9408827833
"2024-03-16 22:00:00",117.6494155167
"2024-03-16 23:00:00",125.0450647167
"2024-03-17 00:00:00",123.5826955833
"2024-03-17 01:00:00",113.3527256833
"2024-03-17 02:00:00",109.81065595
"2024-03-17 03:00:00",118.1856227833
"2024-03-17 04:00:00",118.954723225
"2024-03-17 05:00:00",104.4433402273
"2024-03-17 06:00:00",115.2235937561
"2024-03-17 07:00:00",120.7746195
"2024-03-17 08:00:00",132.4646198333
"2024-03-17 09:00:00",138.6089993333
"2024-03-17 10:00:00",136.057204
"2024-03-17 11:00:00",142.7783666667
"2024-03-17 12:00:00",142.9619295
"2024-03-17 13:00:00",144.8467498333
"2024-03-17 14:00:00",133.4853145333
"2024-03-17 15:00:00",133.2194014667
"2024-03-17 16:00:00",126.0720460333
"2024-03-17 17:00:00",115.42625935
"2024-03-17 18:00:00",122.5168392667
"2024-03-17 19:00:00",129.5364549833
"2024-03-17 20:00:00",118.1913518333
"2024-03-17 21:00:00",118.9100674
"2024-03-17 22:00:00",116.1155898305
"2024-03-17 23:00:00",122.54021
"2024-03-18 00:00:00",112.72148
"2024-03-18 01:00:00",118.8905019231
"2024-03-18 02:00:00",121.90205345
"2024-03-18 03:00:00",
"2024-03-18 04:00:00",131.8469605263
"2024-03-18 05:00:00",114.9744679667
"2024-03-18 06:00:00",129.6364516
"2024-03-18 07:00:00",130.7019701897
"2024-03-18 08:00:00",140.1610685
"2024-03-18 09:00:00",136.1041054167
"2024-03-18 10:00:00",137.6936208
"2024-03-18 11:00:00",139.6187644167
"2024-03-18 12:00:00",144.9122338
"2024-03-18 13:00:00",142.9826575
"2024-03-18 14:00:00",142.4013176667
"2024-03-18 15:00:00",136.5136206667
"2024-03-18 16:00:00",128.4132612333
"2024-03-18 17:00:00",127.8053208167
"2024-03-18 18:00:00",124.83409385
"2024-03-18 19:00:00",123.01111205
"2024-03-18 20:00:00",138.50377005
"2024-03-18 21:00:00",120.6331018667
"2024-03-18 22:00:00",125.7282612857
"2024-03-18 23:00:00",122.4171014667
"2024-03-19 00:00:00",128.8869933421
"2024-03-19 01:00:00",120.4381687333
"2024-03-19 02:00:00",
"2024-03-19 03:00:00",
"2024-03-19 04:00:00",105.13307
"2024-03-19 05:00:00",119.2805776333
"2024-03-19 06:00:00",135.8272555667
"2024-03-19 07:00:00",140.6698999333
"2024-03-19 08:00:00",134.67077135
"2024-03-19 09:00:00",138.9347128333
"2024-03-19 10:00:00",159.2192243333
"2024-03-19 11:00:00",143.2706208333
"2024-03-19 12:00:00",140.7626196667
"2024-03-19 13:00:00",157.254793
"2024-03-19 14:00:00",143.7728711667
"2024-03-19 15:00:00",136.6539863167
"2024-03-19 16:00:00",142.7964445667
"2024-03-19 17:00:00",126.2275672167
"2024-03-19 18:00:00",126.7023728667
"2024-03-19 19:00:00",128.2577994333
"2024-03-19 20:00:00",126.7053822833
"2024-03-19 21:00:00",119.5957588833
"2024-03-19 22:00:00",116.3355520816
"2024-03-19 23:00:00",105.5128834333
"2024-03-20 00:00:00",116.0698833704
"2024-03-20 01:00:00",118.2156369474
"2024-03-20 02:00:00",121.9934040769
"2024-03-20 03:00:00",
"2024-03-20 04:00:00",105.6631633333
"2024-03-20 05:00:00",128.3302523667
"2024-03-20 06:00:00",140.5628042667
"2024-03-20 07:00:00",132.5146044
"2024-03-20 08:00:00",141.2507474333
"2024-03-20 09:00:00",141.0783478333
"2024-03-20 10:00:00",139.2832924167
"2024-03-20 11:00:00",151.4620379667
"2024-03-20 12:00:00",162.1896211667
"2024-03-20 13:00:00",149.3649138333
"2024-03-20 14:00:00",148.27867
"2024-03-20 15:00:00",152.7327521667
"2024-03-20 16:00:00",142.8334775
"2024-03-20 17:00:00",129.69197265
"2024-03-20 18:00:00",130.3145444333
"2024-03-20 19:00:00",124.24287925
"2024-03-20 20:00:00",136.1458699
"2024-03-20 21:00:00",123.73748785
"2024-03-20 22:00:00",119.0108739167
"2024-03-20 23:00:00",122.1947069667
"2024-03-21 00:00:00",124.6247640625
"2024-03-21 01:00:00",113.4982617647
"2024-03-21 02:00:00",122.51582
"2024-03-21 03:00:00",127.6251365862
"2024-03-21 04:00:00",112.5528184583
"2024-03-21 05:00:00",121.3419232833
"2024-03-21 06:00:00",135.7015943333
"2024-03-21 07:00:00",136.5094052333
"2024-03-21 08:00:00",158.6229613333
"2024-03-21 09:00:00",171.3036605
"2024-03-21 10:00:00",170.4759266667
"2024-03-21 11:00:00",161.8536373333
"2024-03-21 12:00:00",148.5096163333
"2024-03-21 13:00:00",160.6033608333
"2024-03-21 14:00:00",154.0393196667
"2024-03-21 15:00:00",151.4856753333
"2024-03-21 16:00:00",146.2594316667
"2024-03-21 17:00:00",135.0044106333
"2024-03-21 18:00:00",132.7051705167
"2024-03-21 19:00:00",123.5161337667
"2024-03-21 20:00:00",118.7108801333
"2024-03-21 21:00:00",119.1436670667
"2024-03-21 22:00:00",121.2650072333
"2024-03-21 23:00:00",120.2865435833
"2024-03-22 00:00:00",
"2024-03-22 01:00:00",114.9494254667
"2024-03-22 02:00:00",
"2024-03-22 03:00:00",121.3344265556
"2024-03-22 04:00:00",125.6170177143
"2024-03-22 05:00:00",128.1719870408
"2024-03-22 06:00:00",133.7910700833
"2024-03-22 07:00:00",138.4215911667
"2024-03-22 08:00:00",143.9839593333
"2024-03-22 09:00:00",153.1971198333
"2024-03-22 10:00:00",146.3004475
"2024-03-22 11:00:00",151.1199381667
"2024-03-22 12:00:00",151.9349355
"2024-03-22 13:00:00",151.5294566667
"2024-03-22 14:00:00",151.4648646667
"2024-03-22 15:00:00",139.4308166667
"2024-03-22 16:00:00",137.816671
"2024-03-22 17:00:00",136.0103941667
"2024-03-22 18:00:00",133.4422756833
"2024-03-22 19:00:00",129.3685594167
"2024-03-22 20:00:00",120.95483125
"2024-03-22 21:00:00",126.7628449487
"2024-03-22 22:00:00",129.08990335
"2024-03-22 23:00:00",115.9613114167
"2024-03-23 00:00:00",110.1886323208
"2024-03-23 01:00:00",111.0941229833
"2024-03-23 02:00:00",104.09865
"2024-03-23 03:00:00",116.0855128636
"2024-03-23 04:00:00",116.7975180286
"2024-03-23 05:00:00",119.6153719474
"2024-03-23 06:00:00",125.3992324333
"2024-03-23 07:00:00",140.5549826
"2024-03-23 08:00:00",155.639936
"2024-03-23 09:00:00",175.459019
"2024-03-23 10:00:00",165.7055761667
"2024-03-23 11:00:00",159.7885966667
"2024-03-23 12:00:00",161.2556513333
"2024-03-23 13:00:00",175.2500226667
"2024-03-23 14:00:00",168.2266756667
"2024-03-23 15:00:00",162.7818465
"2024-03-23 16:00:00",149.3378686667
"2024-03-23 17:00:00",139.0868835
"2024-03-23 18:00:00",136.6451750167
"2024-03-23 19:00:00",132.7383293333
"2024-03-23 20:00:00",128.6257249167
"2024-03-23 21:00:00",117.5927562667
"2024-03-23 22:00:00",117.5625668305
"2024-03-23 23:00:00",112.6705686667
"2024-03-24 00:00:00",115.8891526389
"2024-03-24 01:00:00",121.4798303902
"2024-03-24 02:00:00",128.8602920566
"2024-03-24 03:00:00",109.9226161163
"2024-03-24 04:00:00",127.8909922881
"2024-03-24 05:00:00",112.90514236
"2024-03-24 06:00:00",111.4100310769
"2024-03-24 07:00:00",141.1057660702
"2024-03-24 08:00:00",143.8061450877
"2024-03-24 09:00:00",143.3168571
"2024-03-24 10:00:00",153.367853
"2024-03-24 11:00:00",151.6629015
"2024-03-24 12:00:00",153.8523178333
"2024-03-24 13:00:00",151.454921
"2024-03-24 14:00:00",151.9253443333
"2024-03-24 15:00:00",146.6965271667
"2024-03-24 16:00:00",135.6200848
"2024-03-24 17:00:00",136.93999945
"2024-03-24 18:00:00",134.0927457667
"2024-03-24 19:00:00",125.2750696167
"2024-03-24 20:00:00",118.2838592679
"2024-03-24 21:00:00",118.3762392667
"2024-03-24 22:00:00",123.7628292449
"2024-03-24 23:00:00",115.2722357018
"2024-03-25 00:00:00",127.5541276667
"2024-03-25 01:00:00",
"2024-03-25 02:00:00",
"2024-03-25 03:00:00",
"2024-03-25 04:00:00",128.3679022826
"2024-03-25 05:00:00",126.5100031167
"2024-03-25 06:00:00",142.48545525
"2024-03-25 07:00:00",151.8022123333
"2024-03-25 08:00:00",162.1668658333
"2024-03-25 09:00:00",207.5116758333
"2024-03-25 10:00:00",288.694557
"2024-03-25 11:00:00",172.9282406667
"2024-03-25 12:00:00",174.2295316667
"2024-03-25 13:00:00",188.2706238333
"2024-03-25 14:00:00",180.392244
"2024-03-25 15:00:00",168.6881456667
"2024-03-25 16:00:00",156.0279267797
"2024-03-25 17:00:00",144.9503086
"2024-03-25 18:00:00",127.3186394
"2024-03-25 19:00:00",129.2566164167
"2024-03-25 20:00:00",114.6808094167
"2024-03-25 21:00:00",116.7006061167
"2024-03-25 22:00:00",120.9345740167
"2024-03-25 23:00:00",117.8482646304
"2024-03-26 00:00:00",124.3404917586
"2024-03-26 01:00:00",119.0537088
"2024-03-26 02:00:00",
"2024-03-26 03:00:00",
"2024-03-26 04:00:00",128.364994
"2024-03-26 05:00:00",127.4500346167
"2024-03-26 06:00:00",136.8131201667
"2024-03-26 07:00:00",151.8014013333
"2024-03-26 08:00:00",158.1745326667
"2024-03-26 09:00:00",223.079672
"2024-03-26 10:00:00",206.9748403333
"2024-03-26 11:00:00",193.5368226667
"2024-03-26 12:00:00",178.1318095
"2024-03-26 13:00:00",189.8056876667
"2024-03-26 14:00:00",167.85648
"2024-03-26 15:00:00",173.332397
"2024-03-26 16:00:00",150.6242443103
"2024-03-26 17:00:00",131.2221172833
"2024-03-26 18:00:00",129.35279075
"2024-03-26 19:00:00",113.3105416333
"2024-03-26 20:00:00",121.3809493158
"2024-03-26 21:00:00",115.23059245
"2024-03-26 22:00:00",109.1199251064
"2024-03-26 23:00:00",120.6296726087
"2024-03-27 00:00:00",147.9966810294
"2024-03-27 01:00:00",136.7345938049
"2024-03-27 02:00:00",116.9035193871
"2024-03-27 03:00:00",
"2024-03-27 04:00:00",126.6100951702
"2024-03-27 05:00:00",126.65435765
"2024-03-27 06:00:00",136.6723193667
"2024-03-27 07:00:00",140.429708
"2024-03-27 08:00:00",150.0468895
"2024-03-27 09:00:00",155.2924381667
"2024-03-27 10:00:00",158.1282998333
"2024-03-27 11:00:00",173.8890288333
"2024-03-27 12:00:00",165.9594258333
"2024-03-27 13:00:00",164.4503036667
"2024-03-27 14:00:00",177.4601745
"2024-03-27 15:00:00",168.439164
"2024-03-27 16:00:00",153.165673
"2024-03-27 17:00:00",134.6479534667
"2024-03-27 18:00:00",134.77595095
"2024-03-27 19:00:00",124.38750625
"2024-03-27 20:00:00",117.9540915
"2024-03-27 21:00:00",108.3614096333
"2024-03-27 22:00:00",115.7481609667
"2024-03-27 23:00:00",113.4283649167
"2024-03-28 00:00:00",116.3127257576
"2024-03-28 01:00:00",105.6899272581
"2024-03-28 02:00:00",119.1367623333
"2024-03-28 03:00:00",115.695903
"2024-03-28 04:00:00",128.0513073542
"2024-03-28 05:00:00",123.5321778667
"2024-03-28 06:00:00",136.5587125667
"2024-03-28 07:00:00",144.771915
"2024-03-28 08:00:00",150.795234
"2024-03-28 09:00:00",160.2665056667
"2024-03-28 10:00:00",167.0778301667
"2024-03-28 11:00:00",157.2107385
"2024-03-28 12:00:00",166.0444488333
"2024-03-28 13:00:00",172.7412958621
"2024-03-28 14:00:00",168.4044493333
"2024-03-28 15:00:00",171.6123642593
"2024-03-28 16:00:00",148.1992817241
"2024-03-28 17:00:00",142.8152645
"2024-03-28 18:00:00",134.98659065
"2024-03-28 19:00:00",130.5632632667
"2024-03-28 20:00:00",121.3175528667
"2024-03-28 21:00:00",122.6913848667
"2024-03-28 22:00:00",120.1273082609
"2024-03-28 23:00:00",118.0315503846
"2024-03-29 00:00:00",121.4864761875
"2024-03-29 01:00:00",117.8148163793
"2024-03-29 02:00:00",124.4427268
"2024-03-29 03:00:00",123.2715913548
"2024-03-29 04:00:00",130.4832370976
"2024-03-29 05:00:00",121.3413328833
"2024-03-29 06:00:00",127.4154757833
"2024-03-29 07:00:00",136.8810425
"2024-03-29 08:00:00",162.9714023333
"2024-03-29 09:00:00",181.2833108333
"2024-03-29 10:00:00",197.6247416667
"2024-03-29 11:00:00",353.597923
"2024-03-29 12:00:00",263.6051073333
"2024-03-29 13:00:00",273.9284175
"2024-03-29 14:00:00",334.8606131667
"2024-03-29 15:00:00",304.104724
"2024-03-29 16:00:00",197.0622656667
"2024-03-29 17:00:00",152.7111915
"2024-03-29 18:00:00",136.8421523333
"2024-03-29 19:00:00",118.3698106667
"2024-03-29 20:00:00",124.41024955
"2024-03-29 21:00:00",125.1913349333
"2024-03-29 22:00:00",115.9189759333
"2024-03-29 23:00:00",110.0848193077
"2024-03-30 00:00:00",116.9431053667
"2024-03-30 01:00:00",112.6542368857
"2024-03-30 02:00:00",131.6183475
"2024-03-30 03:00:00",113.6766215385
"2024-03-30 04:00:00",116.6234329355
"2024-03-30 05:00:00",122.3622319333
"2024-03-30 06:00:00",124.9649456458
"2024-03-30 07:00:00",147.4739705
"2024-03-30 08:00:00",157.5304346667
"2024-03-30 09:00:00",178.6545976667
"2024-03-30 10:00:00",229.2128045
"2024-03-30 11:00:00",273.8038193333
"2024-03-30 12:00:00",295.816155
"2024-03-30 13:00:00",254.1541121667
"2024-03-30 14:00:00",222.3765798333
"2024-03-30 15:00:00",188.2433973333
"2024-03-30 16:00:00",173.8909111667
"2024-03-30 17:00:00",152.4351049167
"2024-03-30 18:00:00",132.1724171
"2024-03-30 19:00:00",126.5202054237
"2024-03-30 20:00:00",129.6811741167
"2024-03-30 21:00:00",124.0537136296
"2024-03-30 22:00:00",113.9864795167
"2024-03-30 23:00:00",112.314805
"2024-03-31 00:00:00",115.0766401373
"2024-03-31 02:00:00",115.5400634211
"2024-03-31 03:00:00",
"2024-03-31 04:00:00",
"2024-03-31 05:00:00",116.5533791
"2024-03-31 06:00:00",141.4647910833
"2024-03-31 07:00:00",149.2058155833
"2024-03-31 08:00:00",166.6229783333
"2024-03-31 09:00:00",161.8150801667
"2024-03-31 10:00:00",213.8441345
"2024-03-31 11:00:00",293.8645095
"2024-03-31 12:00:00",461.5761053333
"2024-03-31 13:00:00",398.0936681667
"2024-03-31 14:00:00",310.0618946667
"2024-03-31 15:00:00",284.9986355
"2024-03-31 16:00:00",240.7342255
"2024-03-31 17:00:00",166.6004893333
"2024-03-31 18:00:00",137.3743813333
"2024-03-31 19:00:00",125.9445901667
"2024-03-31 20:00:00",118.989566
"2024-03-31 21:00:00",116.785993
"2024-03-31 22:00:00",123.3030664
"2024-03-31 23:00:00",122.7154640833
"2024-04-01 00:00:00",116.2454937187
"2024-04-01 01:00:00",112.474747
"2024-04-01 02:00:00",122.7529325556
"2024-04-01 03:00:00",
"2024-04-01 04:00:00",127.7195136977
"2024-04-01 05:00:00",120.026995025
"2024-04-01 06:00:00",134.1791904545
"2024-04-01 07:00:00",141.1817458167
"2024-04-01 08:00:00",147.638759661
"2024-04-01 09:00:00",159.6099349
"2024-04-01 10:00:00",223.8210471667
"2024-04-01 11:00:00",298.0188581667
"2024-04-01 12:00:00",254.5252415
"2024-04-01 13:00:00",230.8345953333
"2024-04-01 14:00:00",270.027522
"2024-04-01 15:00:00",187.1493251667
"2024-04-01 16:00:00",173.4530271667
"2024-04-01 17:00:00",139.8464971667
"2024-04-01 18:00:00",134.1692795833
"2024-04-01 19:00:00",124.4927094
"2024-04-01 20:00:00",115.1112680508
"2024-04-01 21:00:00",117.4337849074
"2024-04-01 22:00:00",130.1243840952
"2024-04-01 23:00:00",115.3862123729
"2024-04-02 00:00:00",116.4508752826
"2024-04-02 01:00:00",118.1828426207
"2024-04-02 02:00:00",100.4765795333
"2024-04-02 03:00:00",114.4676804
"2024-04-02 04:00:00",123.6200218
"2024-04-02 05:00:00",127.78152605
"2024-04-02 06:00:00",133.7258971833
"2024-04-02 07:00:00",144.5271178333
"2024-04-02 08:00:00",159.0181203333
"2024-04-02 09:00:00",187.1724958333
"2024-04-02 10:00:00",197.928182
"2024-04-02 11:00:00",189.4196673333
"2024-04-02 12:00:00",185.8053691667
"2024-04-02 13:00:00",204.6400733333
"2024-04-02 14:00:00",189.5283115
"2024-04-02 15:00:00",177.5551598305
"2024-04-02 16:00:00",164.0745608333
"2024-04-02 17:00:00",145.2483948333
"2024-04-02 18:00:00",146.667268
"2024-04-02 19:00:00",149.7384218333
"2024-04-02 20:00:00",122.3338701833
"2024-04-02 21:00:00",115.20573075
"2024-04-02 22:00:00",116.9227531667
"2024-04-02 23:00:00",125.0768531833
"2024-04-03 00:00:00",122.0906849667
"2024-04-03 01:00:00",124.6682342619
"2024-04-03 02:00:00",121.5980420833
"2024-04-03 03:00:00",112.1576560455
"2024-04-03 04:00:00",129.2246529667
"2024-04-03 05:00:00",127.25244195
"2024-04-03 06:00:00",138.4824985
"2024-04-03 07:00:00",138.066721
"2024-04-03 08:00:00",152.5804738333
"2024-04-03 09:00:00",159.9740273333
"2024-04-03 10:00:00",176.511914
"2024-04-03 11:00:00",172.5181498333
"2024-04-03 12:00:00",176.6530141667
"2024-04-03 13:00:00",188.1198598333
"2024-04-03 14:00:00",179.1169803333
"2024-04-03 15:00:00",185.0472995
"2024-04-03 16:00:00",159.7800513333
"2024-04-03 17:00:00",136.807589
"2024-04-03 18:00:00",131.6463790333
"2024-04-03 19:00:00",126.1486596667
"2024-04-03 20:00:00",123.9896401
"2024-04-03 21:00:00",116.00979635
"2024-04-03 22:00:00",122.7806216667
"2024-04-03 23:00:00",129.1509964074
"2024-04-04 00:00:00",119.520742027
"2024-04-04 01:00:00",125.5598324074
"2024-04-04 02:00:00",131.9507716667
"2024-04-04 03:00:00",
"2024-04-04 04:00:00",116.927358449
"2024-04-04 05:00:00",122.3917053167
"2024-04-04 06:00:00",142.5037331333
"2024-04-04 07:00:00",145.8608600833
"2024-04-04 08:00:00",159.480407
"2024-04-04 09:00:00",167.2590905
"2024-04-04 10:00:00",174.4611701667
"2024-04-04 11:00:00",180.1904081667
"2024-04-04 12:00:00",170.9511125
"2024-04-04 13:00:00",169.7827285
"2024-04-04 14:00:00",183.2241571667
"2024-04-04 15:00:00",162.609982
"2024-04-04 16:00:00",168.5277751667
"2024-04-04 17:00:00",150.6202679167
"2024-04-04 18:00:00",129.7937532167
"2024-04-04 19:00:00",134.54680765
"2024-04-04 20:00:00",128.42388015
"2024-04-04 21:00:00",112.4822728333
"2024-04-04 22:00:00",110.9757223333
"2024-04-04 23:00:00",143.4428994333
"2024-04-05 00:00:00",136.1360597097
"2024-04-05 01:00:00",116.7537435102
"2024-04-05 02:00:00",122.2597705789
"2024-04-05 03:00:00",128.6562612439
"2024-04-05 04:00:00",168.3433511702
"2024-04-05 05:00:00",120.81157305
"2024-04-05 06:00:00",134.7403727333
"2024-04-05 07:00:00",146.0997824
"2024-04-05 08:00:00",172.1132001667
"2024-04-05 09:00:00",205.1099805
"2024-04-05 10:00:00",203.5308458333
"2024-04-05 11:00:00",209.357276
"2024-04-05 12:00:00",200.1213233333
"2024-04-05 13:00:00",192.3555798333
"2024-04-05 14:00:00",190.9508781667
"2024-04-05 15:00:00",201.6996553333
"2024-04-05 16:00:00",179.9915401667
"2024-04-05 17:00:00",161.6007228333
"2024-04-05 18:00:00",141.7886693
"2024-04-05 19:00:00",128.0632659667
"2024-04-05 20:00:00",120.7697374833
"2024-04-05 21:00:00",116.7662105667
"2024-04-05 22:00:00",119.2378932
"2024-04-05 23:00:00",129.95187278
"2024-04-06 00:00:00",122.3621783125
"2024-04-06 01:00:00",115.1042901607
"2024-04-06 02:00:00",112.8999301458
"2024-04-06 03:00:00",114.2365425484
"2024-04-06 04:00:00",118.2866204561
"2024-04-06 05:00:00",131.2993308571
"2024-04-06 06:00:00",144.6869990667
"2024-04-06 07:00:00",146.85374915
"2024-04-06 08:00:00",205.4824195
"2024-04-06 09:00:00",345.435249
"2024-04-06 10:00:00",318.3502681667
"2024-04-06 11:00:00",488.7509133333
"2024-04-06 12:00:00",329.7961283333
"2024-04-06 13:00:00",526.3952495
"2024-04-06 14:00:00",583.4449598333
"2024-04-06 15:00:00",325.6405128333
"2024-04-06 16:00:00",291.9656786667
"2024-04-06 17:00:00",268.348881
"2024-04-06 18:00:00",163.4192768333
"2024-04-06 19:00:00",133.7257915833
"2024-04-06 20:00:00",118.7392202833
"2024-04-06 21:00:00",116.9283513833
"2024-04-06 22:00:00",108.4741071167
"2024-04-06 23:00:00",143.6702684
"2024-04-07 00:00:00",119.0035681887
"2024-04-07 01:00:00",115.3320510238
"2024-04-07 02:00:00",114.9097256667
"2024-04-07 03:00:00",115.536557898
"2024-04-07 04:00:00",117.00119008
"2024-04-07 05:00:00",122.33460625
"2024-04-07 06:00:00",123.9336568889
"2024-04-07 07:00:00",139.03707985
"2024-04-07 08:00:00",170.2903491667
"2024-04-07 09:00:00",227.9114508333
"2024-04-07 10:00:00",337.6635808333
"2024-04-07 11:00:00",425.2920268333
"2024-04-07 12:00:00",472.0446608333
"2024-04-07 13:00:00",434.2870901667
"2024-04-07 14:00:00",482.0552375
"2024-04-07 15:00:00",264.7053211667
"2024-04-07 16:00:00",208.6080563333
"2024-04-07 17:00:00",160.9273835
"2024-04-07 18:00:00",147.7022468333
"2024-04-07 19:00:00",131.34291865
"2024-04-07 20:00:00",122.05566635
"2024-04-07 21:00:00",115.45978755
"2024-04-07 22:00:00",117.0818908333
"2024-04-07 23:00:00",219.7908091429
"2024-04-08 00:00:00",172.2487108824
"2024-04-08 01:00:00",119.9082819062
"2024-04-08 02:00:00",
"2024-04-08 03:00:00",
"2024-04-08 04:00:00",123.7573104694
"2024-04-08 05:00:00",122.7969736333
"2024-04-08 06:00:00",142.5817883333
"2024-04-08 07:00:00",153.5249896667
"2024-04-08 08:00:00",166.138193
"2024-04-08 09:00:00",196.1717375
"2024-04-08 10:00:00",204.483295
"2024-04-08 11:00:00",207.657201
"2024-04-08 12:00:00",199.1470015
"2024-04-08 13:00:00",204.9791201667
"2024-04-08 14:00:00",200.7437736667
"2024-04-08 15:00:00",184.1637163333
"2024-04-08 16:00:00",164.776227193
"2024-04-08 17:00:00",140.4451951667
"2024-04-08 18:00:00",139.1296966833
"2024-04-08 19:00:00",153.2161158333
"2024-04-08 20:00:00",121.5071256333
"2024-04-08 21:00:00",114.4491447833
"2024-04-08 22:00:00",119.7327014
"2024-04-08 23:00:00",117.0407987907
"2024-04-09 00:00:00",113.0314043667
"2024-04-09 01:00:00",118.3919453793
"2024-04-09 02:00:00",
"2024-04-09 03:00:00",
"2024-04-09 04:00:00",126.6263137708
"2024-04-09 05:00:00",124.8276020167
"2024-04-09 06:00:00",136.8511014833
"2024-04-09 07:00:00",141.9367690833
"2024-04-09 08:00:00",154.12029
"2024-04-09 09:00:00",173.2713331667
"2024-04-09 10:00:00",184.4164088333
"2024-04-09 11:00:00",178.0383206667
"2024-04-09 12:00:00",169.4046275
"2024-04-09 13:00:00",168.6197461667
"2024-04-09 14:00:00",177.1879251667
"2024-04-09 15:00:00",160.7702658333
"2024-04-09 16:00:00",150.0248618966
"2024-04-09 17:00:00",133.40290085
"2024-04-09 18:00:00",133.9313085167
"2024-04-09 19:00:00",124.5920855167
"2024-04-09 20:00:00",128.32212445
"2024-04-09 21:00:00",115.8471482143
"2024-04-09 22:00:00",122.9852803333
"2024-04-09 23:00:00",124.2469248627
"2024-04-10 00:00:00",126.270819025
"2024-04-10 01:00:00",112.480615619
"2024-04-10 02:00:00",120.8966907778
"2024-04-10 03:00:00",
"2024-04-10 04:00:00",123.4743094524
"2024-04-10 05:00:00",122.370728
"2024-04-10 06:00:00",136.3025086667
"2024-04-10 07:00:00",149.7359728333
"2024-04-10 08:00:00",167.8917845
"2024-04-10 09:00:00",196.0872281667
"2024-04-10 10:00:00",237.8375963333
"2024-04-10 11:00:00",238.942044
"2024-04-10 12:00:00",277.7910665
"2024-04-10 13:00:00",275.2157043333
"2024-04-10 14:00:00",249.45267
"2024-04-10 15:00:00",239.7989773333
"2024-04-10 16:00:00",255.0349348333
"2024-04-10 17:00:00",169.3644755
"2024-04-10 18:00:00",141.06457425
"2024-04-10 19:00:00",157.0326945
"2024-04-10 20:00:00",129.7375432833
"2024-04-10 21:00:00",121.2946844
"2024-04-10 22:00:00",123.5932191613
"2024-04-10 23:00:00",115.7872347
"2024-04-11 00:00:00",
"2024-04-11 01:00:00",
"2024-04-11 02:00:00",
"2024-04-11 03:00:00",110.9710563
"2024-04-11 04:00:00",117.8532127021
"2024-04-11 05:00:00",119.8599516667
"2024-04-11 06:00:00",140.3711176667
"2024-04-11 07:00:00",150.145681
"2024-04-11 08:00:00",154.710176
"2024-04-11 09:00:00",186.64044
"2024-04-11 10:00:00",165.0289003333
"2024-04-11 11:00:00",179.9197536667
"2024-04-11 12:00:00",178.9921553333
"2024-04-11 13:00:00",187.1451638333
"2024-04-11 14:00:00",175.9250773333
"2024-04-11 15:00:00",173.5391155
"2024-04-11 16:00:00",159.376331
"2024-04-11 17:00:00",149.442833
"2024-04-11 18:00:00",132.2813950333
"2024-04-11 19:00:00",126.35986855
"2024-04-11 20:00:00",122.8580390333
"2024-04-11 21:00:00",115.7297004667
"2024-04-11 22:00:00",121.2356560847
"2024-04-11 23:00:00",113.4137196304
"2024-04-12 00:00:00",114.1252126207
"2024-04-12 01:00:00",115.8561259444
"2024-04-12 02:00:00",121.4611978182
"2024-04-12 03:00:00",
"2024-04-12 04:00:00",128.9752645517
"2024-04-12 05:00:00",129.2252911
"2024-04-12 06:00:00",128.5649482
"2024-04-12 07:00:00",164.9305921667
"2024-04-12 08:00:00",183.9113295
"2024-04-12 09:00:00",223.54441
"2024-04-12 10:00:00",270.5483738333
"2024-04-12 11:00:00",319.8373951667
"2024-04-12 12:00:00",387.9322111667
"2024-04-12 13:00:00",386.4287106667
"2024-04-12 14:00:00",293.1972196667
"2024-04-12 15:00:00",314.9874608333
"2024-04-12 16:00:00",274.779527
"2024-04-12 17:00:00",218.5169323333
"2024-04-12 18:00:00",144.0361781667
"2024-04-12 19:00:00",140.3690408333
"2024-04-12 20:00:00",126.3614936
"2024-04-12 21:00:00",136.7867464468
"2024-04-12 22:00:00",123.3375362833
"2024-04-12 23:00:00",119.9326252963
"2024-04-13 00:00:00",121.6745527143
"2024-04-13 01:00:00",113.2519026071
"2024-04-13 02:00:00",114.2443828679
"2024-04-13 03:00:00",110.9866217368
"2024-04-13 04:00:00",128.7750041
"2024-04-13 05:00:00",132.1254143404
"2024-04-13 06:00:00",141.3904295
"2024-04-13 07:00:00",153.676386
"2024-04-13 08:00:00",193.7235466667
"2024-04-13 09:00:00",223.9441143333
"2024-04-13 10:00:00",271.2097141667
"2024-04-13 11:00:00",286.3065775
"2024-04-13 12:00:00",426.281821
"2024-04-13 13:00:00",515.3699815
"2024-04-13 14:00:00",530.365499
"2024-04-13 15:00:00",313.189927
"2024-04-13 16:00:00",271.3327573333
"2024-04-13 17:00:00",217.7671668333
"2024-04-13 18:00:00",151.4206818333
"2024-04-13 19:00:00",145.76097825
"2024-04-13 20:00:00",133.6042167333
"2024-04-13 21:00:00",121.5218468333
"2024-04-13 22:00:00",122.020673359
"2024-04-13 23:00:00",122.7409295
"2024-04-14 00:00:00",123.3627242963
"2024-04-14 01:00:00",121.8695787667
"2024-04-14 02:00:00",107.4933741538
"2024-04-14 03:00:00",114.6670568605
"2024-04-14 04:00:00",
"2024-04-14 05:00:00",130.2996583043
"2024-04-14 06:00:00",140.9726532258
"2024-04-14 07:00:00",156.0184848333
"2024-04-14 08:00:00",198.5861748333
"2024-04-14 09:00:00",215.6380536667
"2024-04-14 10:00:00",275.409844
"2024-04-14 11:00:00",499.17814
"2024-04-14 12:00:00",476.5910361667
"2024-04-14 13:00:00",490.3318358333
"2024-04-14 14:00:00",334.8649553333
"2024-04-14 15:00:00",274.953142
"2024-04-14 16:00:00",228.637423
"2024-04-14 17:00:00",154.3114933333
"2024-04-14 18:00:00",144.2827446667
"2024-04-14 19:00:00",121.3702005167
"2024-04-14 20:00:00",118.8487537833
"2024-04-14 21:00:00",115.1524466833
"2024-04-14 22:00:00",120.8612133
"2024-04-14 23:00:00",121.7422249535
"2024-04-15 00:00:00",108.8541179714
"2024-04-15 01:00:00",118.94702
"2024-04-15 02:00:00",110.2333966207
"2024-04-15 03:00:00",
"2024-04-15 04:00:00",123.6026496765
"2024-04-15 05:00:00",124.3081133833
"2024-04-15 06:00:00",128.8420780333
"2024-04-15 07:00:00",160.10494
"2024-04-15 08:00:00",168.0967661667
"2024-04-15 09:00:00",188.054528
"2024-04-15 10:00:00",189.3668373333
"2024-04-15 11:00:00",169.9784136667
"2024-04-15 12:00:00",182.281133
"2024-04-15 13:00:00",173.8338196667
"2024-04-15 14:00:00",159.9403968333
"2024-04-15 15:00:00",173.5818165
"2024-04-15 16:00:00",168.4854053333
"2024-04-15 17:00:00",140.1539390833
"2024-04-15 18:00:00",125.8327897667
"2024-04-15 19:00:00",125.7554116
"2024-04-15 20:00:00",117.0837291833
"2024-04-15 21:00:00",123.3327734068
"2024-04-15 22:00:00",122.0409004808
"2024-04-15 23:00:00",111.7981155185
"2024-04-16 00:00:00",121.5229094737
"2024-04-16 01:00:00",
"2024-04-16 02:00:00",
"2024-04-16 03:00:00",117.3226808966
"2024-04-16 04:00:00",132.4279605278
"2024-04-16 05:00:00",125.2164056167
"2024-04-16 06:00:00",138.2776381667
"2024-04-16 07:00:00",154.6043363333
"2024-04-16 08:00:00",167.0017295
"2024-04-16 09:00:00",186.7572333333
"2024-04-16 10:00:00",187.1604883333
"2024-04-16 11:00:00",176.0710893333
"2024-04-16 12:00:00",175.5153673333
"2024-04-16 13:00:00",173.0914395
"2024-04-16 14:00:00",170.0349726667
"2024-04-16 15:00:00",156.4997786667
"2024-04-16 16:00:00",156.2334381667
"2024-04-16 17:00:00",140.4804449667
"2024-04-16 18:00:00",142.3040796
"2024-04-16 19:00:00",135.9153955167
"2024-04-16 20:00:00",121.41493525
"2024-04-16 21:00:00",117.8547349167
"2024-04-16 22:00:00",116.5964441833
"2024-04-16 23:00:00",125.8407924815
"2024-04-17 00:00:00",115.6563098776
"2024-04-17 01:00:00",127.871058
"2024-04-17 02:00:00",117.8909804833
"2024-04-17 03:00:00",118.5070121628
"2024-04-17 04:00:00",120.653762413
"2024-04-17 05:00:00",121.1679950167
"2024-04-17 06:00:00",134.9489531
"2024-04-17 07:00:00",155.6672228333
"2024-04-17 08:00:00",183.360417
"2024-04-17 09:00:00",197.703756
"2024-04-17 10:00:00",208.6588023333
"2024-04-17 11:00:00",202.354431
"2024-04-17 12:00:00",189.072272
"2024-04-17 13:00:00",183.6834168333
"2024-04-17 14:00:00",184.293028
"2024-04-17 15:00:00",188.9230676667
"2024-04-17 16:00:00",185.0128066667
"2024-04-17 17:00:00",155.0158963333
"2024-04-17 18:00:00",140.8262771667
"2024-04-17 19:00:00",123.3617329833
"2024-04-17 20:00:00",122.4228419667
"2024-04-17 21:00:00",121.7149056833
"2024-04-17 22:00:00",120.0506979821
"2024-04-17 23:00:00",116.3851004167
"2024-04-18 00:00:00",116.4791768529
"2024-04-18 01:00:00",118.0762052903
"2024-04-18 02:00:00",
"2024-04-18 03:00:00",
"2024-04-18 04:00:00",123.7390741538
"2024-04-18 05:00:00",128.7444033833
"2024-04-18 06:00:00",141.3145181667
"2024-04-18 07:00:00",166.2426976667
"2024-04-18 08:00:00",186.7216736667
"2024-04-18 09:00:00",218.0617728333
"2024-04-18 10:00:00",262.9073643333
"2024-04-18 11:00:00",277.6853113333
"2024-04-18 12:00:00",316.9593208333
"2024-04-18 13:00:00",257.7781743333
"2024-04-18 14:00:00",306.3997058333
"2024-04-18 15:00:00",387.3446195
"2024-04-18 16:00:00",276.9597891667
"2024-04-18 17:00:00",156.4491661667
"2024-04-18 18:00:00",149.4585073333
"2024-04-18 19:00:00",138.7349185
"2024-04-18 20:00:00",127.4840906
"2024-04-18 21:00:00",119.3812861833
"2024-04-18 22:00:00",122.9960011667
"2024-04-18 23:00:00",128.5284412549
"2024-04-19 00:00:00",119.42787634
"2024-04-19 01:00:00",125.370188125
"2024-04-19 02:00:00",
"2024-04-19 03:00:00",108.0889012
"2024-04-19 04:00:00",126.3985412241
"2024-04-19 05:00:00",125.1686200333
"2024-04-19 06:00:00",147.8268501667
"2024-04-19 07:00:00",171.9763965
"2024-04-19 08:00:00",180.6755983333
"2024-04-19 09:00:00",195.0063653333
"2024-04-19 10:00:00",186.577998
"2024-04-19 11:00:00",199.58424
"2024-04-19 12:00:00",207.7550775
"2024-04-19 13:00:00",207.9231596667
"2024-04-19 14:00:00",223.3524578333
"2024-04-19 15:00:00",221.7391983333
"2024-04-19 16:00:00",218.7593895
"2024-04-19 17:00:00",152.7896125
"2024-04-19 18:00:00",150.392298
"2024-04-19 19:00:00",151.5606585833
"2024-04-19 20:00:00",123.33851575
"2024-04-19 21:00:00",125.8996528333
"2024-04-19 22:00:00",118.5661770667
"2024-04-19 23:00:00",111.7658239167
"2024-04-20 00:00:00",117.0979405
"2024-04-20 01:00:00",116.3763222222
"2024-04-20 02:00:00",121.0190868333
"2024-04-20 03:00:00",123.2159582857
"2024-04-20 04:00:00",123.6871434286
"2024-04-20 05:00:00",129.3634357069
"2024-04-20 06:00:00",146.5973345
"2024-04-20 07:00:00",211.5424375
"2024-04-20 08:00:00",214.9973541667
"2024-04-20 09:00:00",207.3324223333
"2024-04-20 10:00:00",256.0664778333
"2024-04-20 11:00:00",242.5985481667
"2024-04-20 12:00:00",237.0107923333
"2024-04-20 13:00:00",236.2107333333
"2024-04-20 14:00:00",223.2340485
"2024-04-20 15:00:00",255.8518488333
"2024-04-20 16:00:00",501.1094438333
"2024-04-20 17:00:00",157.9683603333
"2024-04-20 18:00:00",146.3375596667
"2024-04-20 19:00:00",133.9349015167
"2024-04-20 20:00:00",125.0259444333
"2024-04-20 21:00:00",121.7304673667
"2024-04-20 22:00:00",113.19841535
"2024-04-20 23:00:00",190.6590626415
"2024-04-21 00:00:00",134.3104357209
"2024-04-21 01:00:00",119.6708731404
"2024-04-21 02:00:00",107.86085115
"2024-04-21 03:00:00",118.5879149
"2024-04-21 04:00:00",123.6837858333
"2024-04-21 05:00:00",112.8928099783
"2024-04-21 06:00:00",122.8237415667
"2024-04-21 07:00:00",168.0357531034
"2024-04-21 08:00:00",215.0315711667
"2024-04-21 09:00:00",268.5687981667
"2024-04-21 10:00:00",283.2287395
"2024-04-21 11:00:00",267.892872
"2024-04-21 12:00:00",397.5678573333
"2024-04-21 13:00:00",432.8977973333
"2024-04-21 14:00:00",361.981152
"2024-04-21 15:00:00",347.2684665
"2024-04-21 16:00:00",256.6381038333
"2024-04-21 17:00:00",165.1452226667
"2024-04-21 18:00:00",144.6125366667
"2024-04-21 19:00:00",132.1975645833
"2024-04-21 20:00:00",123.6081576667
"2024-04-21 21:00:00",120.0434366167
"2024-04-21 22:00:00",119.2382448511
"2024-04-21 23:00:00",110.5484743488
"2024-04-22 00:00:00",124.8647597931
"2024-04-22 01:00:00",111.6822566552
"2024-04-22 02:00:00",
"2024-04-22 03:00:00",
"2024-04-22 04:00:00",124.8522272162
"2024-04-22 05:00:00",119.3293158667
"2024-04-22 06:00:00",137.1433458333
"2024-04-22 07:00:00",168.9717591667
"2024-04-22 08:00:00",245.5504245
"2024-04-22 09:00:00",263.7750698333
"2024-04-22 10:00:00",287.534287
"2024-04-22 11:00:00",290.2716595
"2024-04-22 12:00:00",280.3442886667
"2024-04-22 13:00:00",252.1162531667
"2024-04-22 14:00:00",253.1676153333
"2024-04-22 15:00:00",271.6895475
"2024-04-22 16:00:00",271.4804245
"2024-04-22 17:00:00",153.0146298333
"2024-04-22 18:00:00",143.1733473333
"2024-04-22 19:00:00",136.5705119167
"2024-04-22 20:00:00",122.1738244667
"2024-04-22 21:00:00",120.6211591667
"2024-04-22 22:00:00",113.2897506512
"2024-04-22 23:00:00",120.4341124833
"2024-04-23 00:00:00",124.2104
"2024-04-23 01:00:00",113.7380718966
"2024-04-23 02:00:00",110.6441546333
"2024-04-23 03:00:00",
"2024-04-23 04:00:00",136.1004668919
"2024-04-23 05:00:00",119.5678999333
"2024-04-23 06:00:00",138.6567052333
"2024-04-23 07:00:00",155.609374
"2024-04-23 08:00:00",168.5701896667
"2024-04-23 09:00:00",210.4337605
"2024-04-23 10:00:00",243.8557926667
"2024-04-23 11:00:00",266.7947095
"2024-04-23 12:00:00",252.3797481667
"2024-04-23 13:00:00",203.9208981667
"2024-04-23 14:00:00",277.3396975
"2024-04-23 15:00:00",358.7209968333
"2024-04-23 16:00:00",270.5856968333
"2024-04-23 17:00:00",145.355431
"2024-04-23 18:00:00",135.2530213167
"2024-04-23 19:00:00",122.8262539
"2024-04-23 20:00:00",128.2748686833
"2024-04-23 21:00:00",119.9418319667
"2024-04-23 22:00:00",121.9342740625
"2024-04-23 23:00:00",134.386831087
"2024-04-24 00:00:00",125.6865378889
"2024-04-24 01:00:00",
"2024-04-24 02:00:00",113.5707641724
"2024-04-24 03:00:00",
"2024-04-24 04:00:00",125.9700049153
"2024-04-24 05:00:00",122.2017937333
"2024-04-24 06:00:00",134.7994984833
"2024-04-24 07:00:00",140.24276525
"2024-04-24 08:00:00",160.4368188333
"2024-04-24 09:00:00",194.559164
"2024-04-24 10:00:00",193.420823
"2024-04-24 11:00:00",197.974563
"2024-04-24 12:00:00",170.2327543333
"2024-04-24 13:00:00",203.6052086667
"2024-04-24 14:00:00",200.3343398333
"2024-04-24 15:00:00",177.2999205
"2024-04-24 16:00:00",171.2314423333
"2024-04-24 17:00:00",141.0453889167
"2024-04-24 18:00:00",144.3896778333
"2024-04-24 19:00:00",131.9628326
"2024-04-24 20:00:00",121.5543942167
"2024-04-24 21:00:00",126.17252165
"2024-04-24 22:00:00",123.3890601167
"2024-04-24 23:00:00",131.4641315333
"2024-04-25 00:00:00",124.4065648235
"2024-04-25 01:00:00",110.4722552963
"2024-04-25 02:00:00",120.430135
"2024-04-25 03:00:00",130.0865696429
"2024-04-25 04:00:00",130.0539668889
"2024-04-25 05:00:00",122.70405515
"2024-04-25 06:00:00",138.1766135833
"2024-04-25 07:00:00",143.7915996667
"2024-04-25 08:00:00",159.7273545
"2024-04-25 09:00:00",177.8299746667
"2024-04-25 10:00:00",199.2128946667
"2024-04-25 11:00:00",191.5225201667
"2024-04-25 12:00:00",188.8745878333
"2024-04-25 13:00:00",171.1499106667
"2024-04-25 14:00:00",204.945281
"2024-04-25 15:00:00",160.7211456667
"2024-04-25 16:00:00",162.6855378333
"2024-04-25 17:00:00",146.727279
"2024-04-25 18:00:00",136.2325581
"2024-04-25 19:00:00",127.9990316
"2024-04-25 20:00:00",136.27071965
"2024-04-25 21:00:00",119.36808255
"2024-04-25 22:00:00",128.7937546333
"2024-04-25 23:00:00",116.8035346346
"2024-04-26 00:00:00",114.25145164
"2024-04-26 01:00:00",130.2471483333
"2024-04-26 02:00:00",125.3435791667
"2024-04-26 03:00:00",
"2024-04-26 04:00:00",134.1210415385
"2024-04-26 05:00:00",123.7167335333
"2024-04-26 06:00:00",139.5497269167
"2024-04-26 07:00:00",155.0539568333
"2024-04-26 08:00:00",203.4358256667
"2024-04-26 09:00:00",241.6441888333
"2024-04-26 10:00:00",239.5115065
"2024-04-26 11:00:00",229.6449613333
"2024-04-26 12:00:00",234.1355181667
"2024-04-26 13:00:00",210.5039142105
"2024-04-26 14:00:00",252.2005729091
"2024-04-26 15:00:00",279.3191803922
"2024-04-26 16:00:00",238.5944513793
"2024-04-26 17:00:00",157.1940764407
"2024-04-26 18:00:00",141.5601281034
"2024-04-26 19:00:00",134.2223263729
"2024-04-26 20:00:00",122.8107292931
"2024-04-26 21:00:00",112.6463385294
"2024-04-26 22:00:00",115.2610182167
"2024-04-26 23:00:00",116.1978492333
"2024-04-27 00:00:00",117.6394831333
"2024-04-27 01:00:00",120.907616
"2024-04-27 03:00:00",123.0366828049
"2024-04-27 04:00:00",115.2974922653
"2024-04-27 05:00:00",125.8606451837
"2024-04-27 06:00:00",145.8003900333
"2024-04-27 07:00:00",167.1272115
"2024-04-27 08:00:00",193.7382877966
"2024-04-27 09:00:00",209.773686
"2024-04-27 10:00:00",272.8154371667
"2024-04-27 11:00:00",246.2569413333
"2024-04-27 12:00:00",251.1147961667
"2024-04-27 13:00:00",278.8306115
"2024-04-27 14:00:00",261.3845
"2024-04-27 15:00:00",245.3136115
"2024-04-27 16:00:00",239.3086103333
"2024-04-27 17:00:00",155.7774001667
"2024-04-27 18:00:00",149.3102513333
"2024-04-27 19:00:00",135.5097734667
"2024-04-27 20:00:00",119.4052641509
"2024-04-27 21:00:00",120.3187187273
"2024-04-27 22:00:00",122.63490945
"2024-04-27 23:00:00",119.3114632333
"2024-04-28 00:00:00",117.1653097667
"2024-04-28 01:00:00",114.9108209828
"2024-04-28 02:00:00",120.5635621833
"2024-04-28 03:00:00",117.5569169333
"2024-04-28 04:00:00",122.216663
"2024-04-28 05:00:00",119.8110482222
"2024-04-28 06:00:00",137.9194822766
"2024-04-28 07:00:00",172.5803669167
"2024-04-28 08:00:00",186.6815256667
"2024-04-28 09:00:00",249.0157738333
"2024-04-28 10:00:00",262.1651976667
"2024-04-28 11:00:00",294.4497665
"2024-04-28 12:00:00",317.2758445
"2024-04-28 13:00:00",348.4484965
"2024-04-28 14:00:00",346.6012981667
"2024-04-28 15:00:00",298.0472955
"2024-04-28 16:00:00",237.6790223333
"2024-04-28 17:00:00",161.3405868333
"2024-04-28 18:00:00",138.8041715
"2024-04-28 19:00:00",130.609162
"2024-04-28 20:00:00",131.8507241
"2024-04-28 21:00:00",115.1527347167
"2024-04-28 22:00:00",112.4443368182
"2024-04-28 23:00:00",115.0085835
"2024-04-29 00:00:00",123.1267208182
"2024-04-29 01:00:00",123.70376204
"2024-04-29 02:00:00",
"2024-04-29 03:00:00",
"2024-04-29 04:00:00",138.1880371842
"2024-04-29 05:00:00",130.2142649667
"2024-04-29 06:00:00",134.6659377833
"2024-04-29 07:00:00",193.02858725
"2024-04-29 08:00:00",229.2128758333
"2024-04-29 09:00:00",278.7183451667
"2024-04-29 10:00:00",353.7119195
"2024-04-29 11:00:00",352.2261816667
"2024-04-29 12:00:00",315.8751683333
"2024-04-29 13:00:00",363.0032456667
"2024-04-29 14:00:00",398.592065
"2024-04-29 15:00:00",371.253328
"2024-04-29 16:00:00",341.4170298333
"2024-04-29 17:00:00",199.4452446667
"2024-04-29 18:00:00",148.0365923333
"2024-04-29 19:00:00",144.1571148333
"2024-04-29 20:00:00",122.1451762667
"2024-04-29 21:00:00",128.2656536667
"2024-04-29 22:00:00",117.9723659057
"2024-04-29 23:00:00",125.4188488333
"2024-04-30 00:00:00",119.752016
"2024-04-30 01:00:00",120.9990727321
"2024-04-30 02:00:00",120.4309091724
"2024-04-30 03:00:00",127.25993575
"2024-04-30 04:00:00",127.4837203953
"2024-04-30 05:00:00",135.3718671
"2024-04-30 06:00:00",138.7283708333
"2024-04-30 07:00:00",148.65977825
"2024-04-30 08:00:00",176.115109
"2024-04-30 09:00:00",250.4923595
"2024-04-30 10:00:00",255.4464051667
"2024-04-30 11:00:00",250.205142
"2024-04-30 12:00:00",250.3912195
"2024-04-30 13:00:00",250.8735646667
"2024-04-30 14:00:00",232.3452015
"2024-04-30 15:00:00",269.5735768333
"2024-04-30 16:00:00",225.9124245
"2024-04-30 17:00:00",160.105063
"2024-04-30 18:00:00",137.8088796667
"2024-04-30 19:00:00",131.8058879333
"2024-04-30 20:00:00",131.1678540333
"2024-04-30 21:00:00",131.2566763333
"2024-04-30 22:00:00",124.5085513559
"2024-04-30 23:00:00",114.64746225
"2024-05-01 00:00:00",126.9250625294
"2024-05-01 01:00:00",
"2024-05-01 02:00:00",121.2920090333
"2024-05-01 03:00:00",
"2024-05-01 04:00:00",154.7783131538
"2024-05-01 05:00:00",126.8804658333
"2024-05-01 06:00:00",140.6266763333
"2024-05-01 07:00:00",154.5765553333
"2024-05-01 08:00:00",191.7637905
"2024-05-01 09:00:00",202.20104
"2024-05-01 10:00:00",325.9617216667
"2024-05-01 11:00:00",392.2873228333
"2024-05-01 12:00:00",388.8482108333
"2024-05-01 13:00:00",383.9374471667
"2024-05-01 14:00:00",366.7619488333
"2024-05-01 15:00:00",306.3154918333
"2024-05-01 16:00:00",337.0134876667
"2024-05-01 17:00:00",236.7731008333
"2024-05-01 18:00:00",157.504204
"2024-05-01 19:00:00",132.76859475
"2024-05-01 20:00:00",123.5613793167
"2024-05-01 21:00:00",119.1129535333
"2024-05-01 22:00:00",107.1469382683
"2024-05-01 23:00:00",
"2024-05-02 00:00:00",
"2024-05-02 01:00:00",116.6598670345
"2024-05-02 02:00:00",
"2024-05-02 03:00:00",
"2024-05-02 04:00:00",123.1640658974
"2024-05-02 05:00:00",119.4836598667
"2024-05-02 06:00:00",138.0997874833
"2024-05-02 07:00:00",151.746209
"2024-05-02 08:00:00",195.5179654237
"2024-05-02 09:00:00",233.7832166667
"2024-05-02 10:00:00",253.979661
"2024-05-02 11:00:00",261.746249
"2024-05-02 12:00:00",248.5036563333
"2024-05-02 13:00:00",226.0755303333
"2024-05-02 14:00:00",283.7362986667
"2024-05-02 15:00:00",270.6417465
"2024-05-02 16:00:00",219.8248753333
"2024-05-02 17:00:00",149.6769633333
"2024-05-02 18:00:00",141.8233365
"2024-05-02 19:00:00",128.9185889833
"2024-05-02 20:00:00",130.2077474167
"2024-05-02 21:00:00",127.4509618333
"2024-05-02 22:00:00",123.3659692034
"2024-05-02 23:00:00",112.4523185306
"2024-05-03 00:00:00",112.9203567
"2024-05-03 01:00:00",
"2024-05-03 02:00:00",
"2024-05-03 03:00:00",116.349715
"2024-05-03 04:00:00",126.1309150233
"2024-05-03 05:00:00",126.5810625517
"2024-05-03 06:00:00",133.8272649833
"2024-05-03 07:00:00",138.0033159167
"2024-05-03 08:00:00",170.9216925
"2024-05-03 09:00:00",206.6405258333
"2024-05-03 10:00:00",208.4295328333
"2024-05-03 11:00:00",171.9504666667
"2024-05-03 12:00:00",189.0558113333
"2024-05-03 13:00:00",176.917853
"2024-05-03 14:00:00",167.9259336667
"2024-05-03 15:00:00",163.6826155
"2024-05-03 16:00:00",144.468785
"2024-05-03 17:00:00",131.5265329167
"2024-05-03 18:00:00",126.1367213333
"2024-05-03 19:00:00",124.8242004333
"2024-05-03 20:00:00",116.5313553167
"2024-05-03 21:00:00",120.3630429833
"2024-05-03 22:00:00",117.1291386667
"2024-05-03 23:00:00",114.9857032642
"2024-05-04 00:00:00",110.1122160645
"2024-05-04 01:00:00",113.3736306296
"2024-05-04 02:00:00",133.2770068966
"2024-05-04 03:00:00",
"2024-05-04 04:00:00",116.8396498667
"2024-05-04 05:00:00",125.0306331481
"2024-05-04 06:00:00",128.2496508113
"2024-05-04 07:00:00",151.8257326667
"2024-05-04 08:00:00",202.6949661667
"2024-05-04 09:00:00",215.1807886667
"2024-05-04 10:00:00",309.8469266667
"2024-05-04 11:00:00",419.1407973333
"2024-05-04 12:00:00",425.0330711667
"2024-05-04 13:00:00",270.2962093333
"2024-05-04 14:00:00",280.9737408333
"2024-05-04 15:00:00",246.8733045
"2024-05-04 16:00:00",232.5136698333
"2024-05-04 17:00:00",165.5576633333
"2024-05-04 18:00:00",145.9980363333
"2024-05-04 19:00:00",132.9775946333
"2024-05-04 20:00:00",129.56189805
"2024-05-04 21:00:00",124.2468238333
"2024-05-04 22:00:00",118.4046936833
"2024-05-04 23:00:00",115.3445344
"2024-05-05 00:00:00",117.3401720167
"2024-05-05 01:00:00",106.7984522333
"2024-05-05 02:00:00",119.8792421
"2024-05-05 03:00:00",
"2024-05-05 04:00:00",127.4112142667
"2024-05-05 05:00:00",116.5529032727
"2024-05-05 06:00:00",123.7499727391
"2024-05-05 07:00:00",129.4438817667
"2024-05-05 08:00:00",178.2594943333
"2024-05-05 09:00:00",311.2672663333
"2024-05-05 10:00:00",293.8178058333
"2024-05-05 11:00:00",283.6409945
"2024-05-05 12:00:00",314.7441375
"2024-05-05 13:00:00",260.3973571667
"2024-05-05 14:00:00",232.351763
"2024-05-05 15:00:00",222.774776
"2024-05-05 16:00:00",178.004415
"2024-05-05 17:00:00",155.1400005
"2024-05-05 18:00:00",135.0817465333
"2024-05-05 19:00:00",126.7325957167
"2024-05-05 20:00:00",122.5917081667
"2024-05-05 21:00:00",114.2363235263
"2024-05-05 22:00:00",117.3318657692
"2024-05-05 23:00:00",133.9822740536
"2024-05-06 00:00:00",107.5560045333
"2024-05-06 01:00:00",120.245249
"2024-05-06 02:00:00",117.5012511724
"2024-05-06 03:00:00",112.44565245
"2024-05-06 04:00:00",121.5201382692
"2024-05-06 05:00:00",124.4573524833
"2024-05-06 06:00:00",143.306547
"2024-05-06 07:00:00",148.2054058333
"2024-05-06 08:00:00",165.5458028333
"2024-05-06 09:00:00",203.2732765
"2024-05-06 10:00:00",199.4200773333
"2024-05-06 11:00:00",196.8584916667
"2024-05-06 12:00:00",179.062221
"2024-05-06 13:00:00",176.5230113333
"2024-05-06 14:00:00",185.614837
"2024-05-06 15:00:00",168.7716395
"2024-05-06 16:00:00",150.1919586667
"2024-05-06 17:00:00",139.165643
"2024-05-06 18:00:00",134.35069755
"2024-05-06 19:00:00",127.6381228
"2024-05-06 20:00:00",159.6911124167
"2024-05-06 21:00:00",113.32700335
"2024-05-06 22:00:00",115.0242148333
"2024-05-06 23:00:00",113.989036
"2024-05-07 00:00:00",119.20194525
"2024-05-07 01:00:00",114.9384156765
"2024-05-07 02:00:00",115.534058
"2024-05-07 03:00:00",112.4049541224
"2024-05-07 04:00:00",130.40222884
"2024-05-07 05:00:00",117.7551786
"2024-05-07 06:00:00",136.0868918333
"2024-05-07 07:00:00",144.3181996333
"2024-05-07 08:00:00",157.5589861667
"2024-05-07 09:00:00",188.1283973333
"2024-05-07 10:00:00",213.6800368333
"2024-05-07 11:00:00",199.3954638333
"2024-05-07 12:00:00",181.3359401667
"2024-05-07 13:00:00",187.485169
"2024-05-07 14:00:00",164.80593
"2024-05-07 15:00:00",165.9410653333
"2024-05-07 16:00:00",156.7068128333
"2024-05-07 17:00:00",140.006687
"2024-05-07 18:00:00",128.2049872667
"2024-05-07 19:00:00",120.2437848
"2024-05-07 20:00:00",131.6703712167
"2024-05-07 21:00:00",137.0873790667
"2024-05-07 22:00:00",115.0912555789
"2024-05-07 23:00:00",121.17316306
"2024-05-08 00:00:00",120.3299048043
"2024-05-08 01:00:00",122.5499141053
"2024-05-08 02:00:00",
"2024-05-08 03:00:00",113.5062220345
"2024-05-08 04:00:00",119.1625751591
"2024-05-08 05:00:00",123.9158683167
"2024-05-08 06:00:00",134.5309148167
"2024-05-08 07:00:00",150.4832485
"2024-05-08 08:00:00",160.1565555
"2024-05-08 09:00:00",185.195178
"2024-05-08 10:00:00",196.8533421667
"2024-05-08 11:00:00",211.5840188333
"2024-05-08 12:00:00",179.8922505
"2024-05-08 13:00:00",188.892228
"2024-05-08 14:00:00",211.4133468333
"2024-05-08 15:00:00",196.0355483333
"2024-05-08 16:00:00",156.657372
"2024-05-08 17:00:00",154.923575
"2024-05-08 18:00:00",148.2357185
"2024-05-08 19:00:00",125.3501588833
"2024-05-08 20:00:00",149.7558236333
"2024-05-08 21:00:00",142.7909803333
"2024-05-08 22:00:00",143.2589212037
"2024-05-08 23:00:00",121.1877225714
"2024-05-09 00:00:00",126.1237768889
"2024-05-09 01:00:00",131.53791525
"2024-05-09 02:00:00",
"2024-05-09 03:00:00",
"2024-05-09 04:00:00",111.6482309583
"2024-05-09 05:00:00",133.4487996154
"2024-05-09 06:00:00",147.9304545455
"2024-05-09 07:00:00",140.8718679333
"2024-05-09 08:00:00",206.572754
"2024-05-09 09:00:00",256.044376
"2024-05-09 10:00:00",299.2459516667
"2024-05-09 11:00:00",256.3459858333
"2024-05-09 12:00:00",361.7056938333
"2024-05-09 13:00:00",337.0656755
"2024-05-09 14:00:00",242.3367721667
"2024-05-09 15:00:00",201.4277016667
"2024-05-09 16:00:00",214.8648071667
"2024-05-09 17:00:00",184.2170448333
"2024-05-09 18:00:00",132.6498479167
"2024-05-09 19:00:00",134.7878793
"2024-05-09 20:00:00",127.3027543
"2024-05-09 21:00:00",117.7785014833
"2024-05-09 22:00:00",119.6758166744
"2024-05-09 23:00:00",115.243484122
"2024-05-10 00:00:00",113.2106566667
"2024-05-10 01:00:00",
"2024-05-10 02:00:00",
"2024-05-10 03:00:00",115.7893164138
"2024-05-10 04:00:00",120.2134630811
"2024-05-10 05:00:00",114.423269125
"2024-05-10 06:00:00",128.4990147167
"2024-05-10 07:00:00",138.9482494167
"2024-05-10 08:00:00",270.815823
"2024-05-10 09:00:00",227.9601293333
"2024-05-10 10:00:00",244.8963698333
"2024-05-10 11:00:00",295.3746395
"2024-05-10 12:00:00",279.5942291525
"2024-05-10 13:00:00",233.5775288333
"2024-05-10 14:00:00",222.8098113333
"2024-05-10 15:00:00",207.134933
"2024-05-10 16:00:00",194.24003
"2024-05-10 17:00:00",150.0686881667
"2024-05-10 18:00:00",142.4986071
"2024-05-10 19:00:00",129.0086733167
"2024-05-10 20:00:00",122.2294232
"2024-05-10 21:00:00",123.0985187833
"2024-05-10 22:00:00",116.8770393667
"2024-05-10 23:00:00",115.8528837333
"2024-05-11 00:00:00",116.7683291228
"2024-05-11 01:00:00",119.7447624107
"2024-05-11 02:00:00",115.9519143824
"2024-05-11 03:00:00",
"2024-05-11 04:00:00",126.7047754783
"2024-05-11 05:00:00",137.1250717647
"2024-05-11 06:00:00",121.1484368478
"2024-05-11 07:00:00",136.6808760732
"2024-05-11 08:00:00",175.4732378333
"2024-05-11 09:00:00",188.2826385
"2024-05-11 10:00:00",215.2706273333
"2024-05-11 11:00:00",264.0873316667
"2024-05-11 12:00:00",214.6265561667
"2024-05-11 13:00:00",205.5488808333
"2024-05-11 14:00:00",179.6352828333
"2024-05-11 15:00:00",172.0875601667
"2024-05-11 16:00:00",159.4749113333
"2024-05-11 17:00:00",143.6955736667
"2024-05-11 18:00:00",138.3468090667
"2024-05-11 19:00:00",129.76930915
"2024-05-11 20:00:00",131.4369115167
"2024-05-11 21:00:00",126.72912515
"2024-05-11 22:00:00",125.6335685167
"2024-05-11 23:00:00",119.5545744
"2024-05-12 00:00:00",117.69560715
"2024-05-12 01:00:00",120.5397791667
"2024-05-12 02:00:00",115.4841724318
"2024-05-12 03:00:00",115.951356125
"2024-05-12 04:00:00",121.4774372857
"2024-05-12 05:00:00",122.1022195833
"2024-05-12 06:00:00",128.9373211667
"2024-05-12 07:00:00",124.0589983725
"2024-05-12 08:00:00",159.3919672
"2024-05-12 09:00:00",220.9528756667
"2024-05-12 10:00:00",264.770214
"2024-05-12 11:00:00",224.8760968333
"2024-05-12 12:00:00",226.97827
"2024-05-12 13:00:00",183.5956551667
"2024-05-12 14:00:00",182.9285733333
"2024-05-12 15:00:00",164.9874326667
"2024-05-12 16:00:00",152.9911571667
"2024-05-12 17:00:00",142.0979513333
"2024-05-12 18:00:00",136.0010207333
"2024-05-12 19:00:00",128.2212485167
"2024-05-12 20:00:00",127.7525923
"2024-05-12 21:00:00",119.3744992667
"2024-05-12 22:00:00",123.64530825
"2024-05-12 23:00:00",117.646479125
"2024-05-13 00:00:00",113.4123771304
"2024-05-13 01:00:00",
"2024-05-13 02:00:00",
"2024-05-13 03:00:00",123.6290239787
"2024-05-13 04:00:00",118.7328375714
"2024-05-13 05:00:00",123.0020592833
"2024-05-13 06:00:00",129.8827417333
"2024-05-13 08:00:00",131.4493670167
"2024-05-13 09:00:00",137.9108142333
"2024-05-13 10:00:00",148.9363963333
"2024-05-13 11:00:00",136.41753765
"2024-05-13 12:00:00",138.7737096667
"2024-05-13 13:00:00",139.5324077333
"2024-05-13 14:00:00",142.0938615
"2024-05-13 15:00:00",134.4529590833
"2024-05-13 16:00:00",129.1051438167
"2024-05-13 17:00:00",125.2310898
"2024-05-13 18:00:00",121.5491444667
"2024-05-13 19:00:00",122.22562505
"2024-05-13 20:00:00",131.6422563167
"2024-05-13 21:00:00",119.67011925
"2024-05-13 22:00:00",119.6631877547
"2024-05-13 23:00:00",120.9267143125
"2024-05-14 00:00:00",112.3525998462
"2024-05-14 01:00:00",
"2024-05-14 02:00:00",
"2024-05-14 03:00:00",
"2024-05-14 04:00:00",97.13753
"2024-05-14 05:00:00",118.18025645
"2024-05-14 06:00:00",132.4991577833
"2024-05-14 07:00:00",147.5783018333
"2024-05-14 08:00:00",141.2997224167
"2024-05-14 09:00:00",139.1369768333
"2024-05-14 10:00:00",136.5953651833
"2024-05-14 11:00:00",140.483759
"2024-05-14 12:00:00",135.9252288333
"2024-05-14 13:00:00",144.9650635833
"2024-05-14 14:00:00",131.6040059167
"2024-05-14 15:00:00",140.6990676667
"2024-05-14 16:00:00",135.0079519667
"2024-05-14 17:00:00",125.0610978167
"2024-05-14 18:00:00",124.0119969833
"2024-05-14 19:00:00",126.0844028833
"2024-05-14 20:00:00",121.4506394333
"2024-05-14 21:00:00",124.2290995
"2024-05-14 22:00:00",122.798929575
"2024-05-14 23:00:00",
"2024-05-15 00:00:00",
"2024-05-15 01:00:00",
"2024-05-15 02:00:00",
"2024-05-15 03:00:00",123.1367843667
"2024-05-15 04:00:00",113.0691174348
"2024-05-15 05:00:00",117.6025742667
"2024-05-15 06:00:00",132.8585399
"2024-05-15 07:00:00",135.5201631667
"2024-05-15 08:00:00",148.5308705
"2024-05-15 09:00:00",137.658285
"2024-05-15 10:00:00",148.3914993333
"2024-05-15 11:00:00",138.4340993333
"2024-05-15 12:00:00",147.1748336667
"2024-05-15 13:00:00",137.6640676667
"2024-05-15 14:00:00",137.84444475
"2024-05-15 15:00:00",142.9276093333
"2024-05-15 16:00:00",131.5896373333
"2024-05-15 17:00:00",123.5927434667
"2024-05-15 18:00:00",130.70380665
"2024-05-15 19:00:00",117.8723244667
"2024-05-15 20:00:00",138.2475068
"2024-05-15 21:00:00",121.8617989667
"2024-05-15 22:00:00",120.9280532281
"2024-05-15 23:00:00",115.410101
"2024-05-16 00:00:00",119.5168574583
"2024-05-16 01:00:00",116.7939758333
"2024-05-16 02:00:00",127.5364701379
"2024-05-16 03:00:00",118.8598463091
"2024-05-16 04:00:00",
"2024-05-16 05:00:00",134.3040082833
"2024-05-16 06:00:00",172.087606
"2024-05-16 07:00:00",178.3711246667
"2024-05-16 08:00:00",171.6789463333
"2024-05-16 09:00:00",177.3798351667
"2024-05-16 10:00:00",184.1264366667
"2024-05-16 11:00:00",181.8049461667
"2024-05-16 12:00:00",184.3446805
"2024-05-16 13:00:00",194.2396243333
"2024-05-16 14:00:00",174.4870286667
"2024-05-16 15:00:00",143.1669234167
"2024-05-16 16:00:00",134.0679337833
"2024-05-16 17:00:00",134.9395029667
"2024-05-16 18:00:00",124.9720411
"2024-05-16 19:00:00",130.1427313167
"2024-05-16 20:00:00",114.5214536833
"2024-05-16 21:00:00",116.2171902281
"2024-05-16 22:00:00",119.7479773953
"2024-05-16 23:00:00",126.7206257647
"2024-05-17 00:00:00",127.3708890606
"2024-05-17 01:00:00",123.99804375
"2024-05-17 02:00:00",122.788839
"2024-05-17 03:00:00",122.532511
"2024-05-17 04:00:00",111.2540433929
"2024-05-17 05:00:00",126.12679615
"2024-05-17 06:00:00",125.3350602
"2024-05-17 07:00:00",137.5258505
"2024-05-17 08:00:00",170.2859998333
"2024-05-17 09:00:00",178.8226786667
"2024-05-17 10:00:00",140.7404742333
"2024-05-17 11:00:00",140.8421991667
"2024-05-17 12:00:00",137.1997238333
"2024-05-17 13:00:00",138.4001846667
"2024-05-17 14:00:00",138.7434318333
"2024-05-17 15:00:00",143.2507341667
"2024-05-17 16:00:00",131.96258425
"2024-05-17 17:00:00",130.5931772667
"2024-05-17 18:00:00",126.0572564
"2024-05-17 19:00:00",132.4776469667
"2024-05-17 20:00:00",126.6275175833
"2024-05-17 21:00:00",126.7551483167
"2024-05-17 22:00:00",120.37896635
"2024-05-17 23:00:00",118.1720758
"2024-05-18 00:00:00",116.1904715714
"2024-05-18 01:00:00",107.4025134211
"2024-05-18 02:00:00",111.7042197805
"2024-05-18 03:00:00",114.2471274286
"2024-05-18 04:00:00",117.1406157143
"2024-05-18 05:00:00",130.2599322128
"2024-05-18 06:00:00",129.2948477193
"2024-05-18 07:00:00",123.8511664833
"2024-05-18 08:00:00",133.23580435
"2024-05-18 09:00:00",130.7342027667
"2024-05-18 10:00:00",133.2411215667
"2024-05-18 11:00:00",136.5491574167
"2024-05-18 12:00:00",145.1508526667
"2024-05-18 13:00:00",143.8554663333
"2024-05-18 14:00:00",137.63683
"2024-05-18 15:00:00",136.6533198333
"2024-05-18 16:00:00",130.7255554
"2024-05-18 17:00:00",131.4577879833
"2024-05-18 18:00:00",129.35402905
"2024-05-18 19:00:00",126.5215132667
"2024-05-18 20:00:00",139.37524625
"2024-05-18 21:00:00",121.4504552333
"2024-05-18 22:00:00",119.3107581667
"2024-05-18 23:00:00",116.50635505
"2024-05-19 00:00:00",119.1346532712
"2024-05-19 01:00:00",118.3291432963
"2024-05-19 02:00:00",115.9492362075
"2024-05-19 03:00:00",124.8367112174
"2024-05-19 04:00:00",
"2024-05-19 05:00:00",117.6176668421
"2024-05-19 06:00:00",116.3135375833
"2024-05-19 07:00:00",135.3614137091
"2024-05-19 08:00:00",127.3207913
"2024-05-19 09:00:00",133.7808310833
"2024-05-19 10:00:00",143.2622616667
"2024-05-19 11:00:00",140.2023472333
"2024-05-19 12:00:00",139.4936191667
"2024-05-19 13:00:00",140.3365709167
"2024-05-19 14:00:00",134.2900622667
"2024-05-19 15:00:00",127.1363176167
"2024-05-19 16:00:00",130.4807127833
"2024-05-19 17:00:00",125.0821702667
"2024-05-19 18:00:00",127.88290475
"2024-05-19 19:00:00",123.7772370833
"2024-05-19 20:00:00",128.6658935333
"2024-05-19 21:00:00",119.7556717843
"2024-05-19 22:00:00",119.7347808644
"2024-05-19 23:00:00",123.3172510526
"2024-05-20 00:00:00",117.5991858833
"2024-05-20 01:00:00",119.135849
"2024-05-20 02:00:00",107.2308148684
"2024-05-20 03:00:00",
"2024-05-20 04:00:00",
"2024-05-20 05:00:00",125.4364830526
"2024-05-20 06:00:00",124.7007376667
"2024-05-20 07:00:00",128.4999723158
"2024-05-20 08:00:00",119.7139428333
"2024-05-20 09:00:00",137.0585971
"2024-05-20 10:00:00",169.470605
"2024-05-20 11:00:00",156.2997963333
"2024-05-20 12:00:00",142.2969408333
"2024-05-20 13:00:00",149.3214935
"2024-05-20 14:00:00",156.7029186667
"2024-05-20 15:00:00",136.6453854167
"2024-05-20 16:00:00",126.50811665
"2024-05-20 17:00:00",126.7501363667
"2024-05-20 18:00:00",118.6171612833
"2024-05-20 19:00:00",122.2221202167
"2024-05-20 20:00:00",125.1018968667
"2024-05-20 21:00:00",125.561236234
"2024-05-20 22:00:00",121.7932390357
"2024-05-20 23:00:00",114.0115103043
"2024-05-21 00:00:00",119.895604
"2024-05-21 01:00:00",119.4440162
"2024-05-21 02:00:00",
"2024-05-21 03:00:00",
"2024-05-21 04:00:00",104.0670127059
"2024-05-21 05:00:00",125.4715663333
"2024-05-21 06:00:00",137.8157495833
"2024-05-21 07:00:00",141.4572546
"2024-05-21 08:00:00",136.1969000667
"2024-05-21 09:00:00",146.3462491667
"2024-05-21 10:00:00",139.8563075
"2024-05-21 11:00:00",146.9452452667
"2024-05-21 12:00:00",138.3512908833
"2024-05-21 13:00:00",148.8775008333
"2024-05-21 14:00:00",144.6337082333
"2024-05-21 15:00:00",140.9925505
"2024-05-21 16:00:00",139.010985
"2024-05-21 17:00:00",128.8671849833
"2024-05-21 18:00:00",133.7024267667
"2024-05-21 19:00:00",125.3019502
"2024-05-21 20:00:00",133.5670837833
"2024-05-21 21:00:00",116.3679082453
"2024-05-21 22:00:00",116.1948979434
"2024-05-21 23:00:00",109.2915646333
"2024-05-22 00:00:00",
"2024-05-22 01:00:00",113.8999151667
"2024-05-22 02:00:00",
"2024-05-22 03:00:00",
"2024-05-22 04:00:00",121.0767233333
"2024-05-22 05:00:00",125.4580971667
"2024-05-22 06:00:00",138.833214
"2024-05-22 07:00:00",140.1654373333
"2024-05-22 08:00:00",143.6631760667
"2024-05-22 09:00:00",147.9566106667
"2024-05-22 10:00:00",135.6850903333
"2024-05-22 11:00:00",141.5699983333
"2024-05-22 12:00:00",136.6130689833
"2024-05-22 13:00:00",146.0878068333
"2024-05-22 14:00:00",139.9571037667
"2024-05-22 15:00:00",134.342658
"2024-05-22 16:00:00",127.8819760833
"2024-05-22 17:00:00",120.7119274333
"2024-05-22 18:00:00",117.1367684833
"2024-05-22 19:00:00",120.2830869
"2024-05-22 20:00:00",123.4366033167
"2024-05-22 21:00:00",115.9291202167
"2024-05-22 22:00:00",121.7576953667
"2024-05-22 23:00:00",125.4416028214
"2024-05-23 00:00:00",118.1465086383
"2024-05-23 01:00:00",116.409535303
"2024-05-23 02:00:00",124.0829718333
"2024-05-23 03:00:00",128.5913307692
"2024-05-23 04:00:00",132.199652
"2024-05-23 05:00:00",137.0906852167
"2024-05-23 06:00:00",128.8615458167
"2024-05-23 07:00:00",128.9763327
"2024-05-23 08:00:00",135.7025515833
"2024-05-23 09:00:00",133.8331108833
"2024-05-23 10:00:00",153.5066728333
"2024-05-23 11:00:00",142.7407991667
"2024-05-23 12:00:00",139.4878564167
"2024-05-23 13:00:00",142.8767033333
"2024-05-23 14:00:00",146.7896076667
"2024-05-23 15:00:00",147.6013810667
"2024-05-23 16:00:00",133.0838525167
"2024-05-23 17:00:00",133.1089734333
"2024-05-23 18:00:00",126.24452945
"2024-05-23 19:00:00",119.0886806833
"2024-05-23 20:00:00",122.7976017333
"2024-05-23 21:00:00",114.9934289833
"2024-05-23 22:00:00",123.406162
"2024-05-23 23:00:00",111.5726427273
"2024-05-24 00:00:00",107.6912205862
"2024-05-24 01:00:00",118.2121335238
"2024-05-24 02:00:00",122.2822501786
"2024-05-24 03:00:00",
"2024-05-24 05:00:00",120.8751492833
"2024-05-24 06:00:00",135.56162035
"2024-05-24 07:00:00",137.39947155
"2024-05-24 08:00:00",142.3869898333
"2024-05-24 09:00:00",133.3104764833
"2024-05-24 10:00:00",133.2860167458
"2024-05-24 11:00:00",143.5051472833
"2024-05-24 12:00:00",133.9520016167
"2024-05-24 13:00:00",134.0627927667
"2024-05-24 14:00:00",151.1879108333
"2024-05-24 15:00:00",138.709066
"2024-05-24 16:00:00",136.450258
"2024-05-24 17:00:00",123.6515784333
"2024-05-24 18:00:00",139.19038535
"2024-05-24 19:00:00",123.9814338167
"2024-05-24 20:00:00",118.4896241
"2024-05-24 21:00:00",124.3293486216
"2024-05-24 22:00:00",131.4214146
"2024-05-24 23:00:00",122.7499477143
"2024-05-25 00:00:00",128.4290794062
"2024-05-25 01:00:00",
"2024-05-25 02:00:00",122.9794922979
"2024-05-25 03:00:00",125.5880639091
"2024-05-25 04:00:00",122.302368303
"2024-05-25 05:00:00",121.5202831961
"2024-05-25 06:00:00",124.6279054694
"2024-05-25 07:00:00",134.013454
"2024-05-25 08:00:00",132.7443839667
"2024-05-25 09:00:00",137.8204387667
"2024-05-25 10:00:00",142.633614
"2024-05-25 11:00:00",156.9199288667
"2024-05-25 12:00:00",174.930864
"2024-05-25 13:00:00",163.962434
"2024-05-25 14:00:00",161.2257561667
"2024-05-25 15:00:00",170.9827741667
"2024-05-25 16:00:00",146.6626750667
"2024-05-25 17:00:00",148.2771749333
"2024-05-25 18:00:00",138.5461727667
"2024-05-25 19:00:00",150.6316200833
"2024-05-25 20:00:00",165.9613375
"2024-05-25 21:00:00",156.362083
"2024-05-25 22:00:00",187.674905
"2024-05-26 00:00:00",124.601870875
"2024-05-26 01:00:00",124.6586254464
"2024-05-26 02:00:00",211.8900675
"2024-05-26 03:00:00",113.0851175667
"2024-05-26 04:00:00",
"2024-05-26 05:00:00",123.6707902353
"2024-05-26 06:00:00",119.7060320222
"2024-05-26 07:00:00",122.694698
"2024-05-26 08:00:00",146.53859185
"2024-05-26 09:00:00",131.8128455667
"2024-05-26 10:00:00",130.11458485
"2024-05-26 11:00:00",127.0963106833
"2024-05-26 12:00:00",126.85596525
"2024-05-26 13:00:00",127.8082523
"2024-05-26 14:00:00",135.4920829333
"2024-05-26 15:00:00",131.0199060167
"2024-05-26 16:00:00",127.4832484167
"2024-05-26 17:00:00",125.6986683833
"2024-05-26 18:00:00",119.8422784833
"2024-05-26 19:00:00",124.4132453833
"2024-05-26 21:00:00",119.9453466481
"2024-05-26 22:00:00",107.976613
"2024-05-26 23:00:00",110.2223196949
"2024-05-27 00:00:00",120.32833
"2024-05-27 01:00:00",123.5241831111
"2024-05-27 02:00:00",126.9231063415
"2024-05-27 03:00:00",119.0091792857
"2024-05-27 04:00:00",125.7682206833
"2024-05-27 05:00:00",121.7129947667
"2024-05-27 06:00:00",138.9865177167
"2024-05-27 07:00:00",130.6282845
"2024-05-27 08:00:00",133.6590322333
"2024-05-27 09:00:00",139.2823635833
"2024-05-27 10:00:00",138.7813701667
"2024-05-27 11:00:00",141.4123665
"2024-05-27 12:00:00",142.0599718333
"2024-05-27 13:00:00",143.5673841667
"2024-05-27 14:00:00",147.584543
"2024-05-27 16:00:00",133.33092135
"2024-05-27 17:00:00",124.6107685
"2024-05-27 18:00:00",124.2944762
"2024-05-27 19:00:00",131.5471044
"2024-05-27 20:00:00",117.6629523667
"2024-05-27 21:00:00",116.2333775
"2024-05-27 22:00:00",120.5757669153
"2024-05-27 23:00:00",113.9784403913
"2024-05-28 00:00:00",116.66346928
"2024-05-28 01:00:00",119.4443036207
"2024-05-28 02:00:00",
"2024-05-28 03:00:00",
"2024-05-28 04:00:00",104.4975082308
"2024-05-28 05:00:00",115.5893750333
"2024-05-28 06:00:00",133.6054775
"2024-05-28 07:00:00",142.3593389167
"2024-05-28 08:00:00",140.7750886667
"2024-05-28 09:00:00",140.3119118333
"2024-05-28 10:00:00",138.93918025
"2024-05-28 11:00:00",134.6899689
"2024-05-28 12:00:00",135.0880635833
"2024-05-28 13:00:00",135.102196
"2024-05-28 14:00:00",133.8256614833
"2024-05-28 15:00:00",144.9796165
"2024-05-28 16:00:00",136.7365933167
"2024-05-28 17:00:00",127.27933475
"2024-05-28 18:00:00",127.5639228167
"2024-05-28 19:00:00",118.1316972167
"2024-05-28 20:00:00",126.2453868333
"2024-05-28 21:00:00",129.5970133333
"2024-05-28 22:00:00",122.8882393095
"2024-05-28 23:00:00",120.1849672609
"2024-05-29 00:00:00",
"2024-05-29 01:00:00",111.3254359687
"2024-05-29 02:00:00",112.678642069
"2024-05-29 03:00:00",149.0989714286
"2024-05-29 04:00:00",133.64616
"2024-05-29 05:00:00",128.4310804333
"2024-05-29 06:00:00",136.6295573333
"2024-05-29 07:00:00",136.6900845
"2024-05-29 08:00:00",139.1877496167
"2024-05-29 09:00:00",142.7217414333
"2024-05-29 10:00:00",140.8708446667
"2024-05-29 12:00:00",
"2024-05-29 13:00:00",135.77821322
"2024-05-29 14:00:00",141.885853
"2024-05-29 15:00:00",136.8434736667
"2024-05-29 16:00:00",130.1912861167
"2024-05-29 17:00:00",125.0732736
"2024-05-29 18:00:00",122.63684155
"2024-05-29 19:00:00",125.1555704167
"2024-05-29 20:00:00",130.00941235
"2024-05-29 21:00:00",121.2329532333
"2024-05-29 22:00:00",119.9666109483
"2024-05-29 23:00:00",113.9495415
"2024-05-30 00:00:00",112.1858836222
"2024-05-30 01:00:00",117.0620779333
"2024-05-30 02:00:00",
"2024-05-30 03:00:00",
"2024-05-30 04:00:00",110.48572
"2024-05-30 05:00:00",127.4491902167
"2024-05-30 06:00:00",130.4092467
"2024-05-30 07:00:00",131.4858219667
"2024-05-30 08:00:00",136.8271068333
"2024-05-30 09:00:00",139.5992696667
"2024-05-30 10:00:00",138.4365121833
"2024-05-30 11:00:00",139.6617089833
"2024-05-30 12:00:00",145.2035675667
"2024-05-30 13:00:00",141.3324737
"2024-05-30 14:00:00",137.2885946667
"2024-05-30 15:00:00",147.01518925
"2024-05-30 16:00:00",138.8161175
"2024-05-30 17:00:00",121.3509631333
"2024-05-30 18:00:00",121.86908015
"2024-05-30 19:00:00",130.1561508333
"2024-05-30 20:00:00",117.88055335
"2024-05-30 21:00:00",116.0026865686
"2024-05-30 22:00:00",114.6617503273
"2024-05-30 23:00:00",119.1240921081
"2024-05-31 00:00:00",
"2024-05-31 01:00:00",116.0940310667
"2024-05-31 02:00:00",
"2024-05-31 03:00:00",112.1140893793
"2024-05-31 04:00:00",114.0435791951
"2024-05-31 05:00:00",115.9672007833
"2024-05-31 06:00:00",127.0986031833
"2024-05-31 07:00:00",139.2096598167
"2024-05-31 08:00:00",145.457417
"2024-05-31 09:00:00",141.1165576667
"2024-05-31 10:00:00",142.8466702333
"2024-05-31 11:00:00",145.0275448333
"2024-05-31 12:00:00",137.7036368333
"2024-05-31 13:00:00",142.474997
"2024-05-31 14:00:00",143.6929961667
"2024-05-31 15:00:00",136.7514411167
"2024-05-31 16:00:00",131.9381873167
"2024-05-31 17:00:00",127.7745873833
"2024-05-31 18:00:00",130.0504951
"2024-05-31 19:00:00",129.8710102333
"2024-05-31 20:00:00",123.38366305
"2024-05-31 21:00:00",126.3495143833
"2024-05-31 22:00:00",123.5512125
"2024-05-31 23:00:00",125.3665388
"2024-06-01 00:00:00",124.9859632333
"2024-06-01 01:00:00",117.5706949636
"2024-06-01 02:00:00",124.981421
"2024-06-01 03:00:00",
"2024-06-01 04:00:00",117.6617815484
"2024-06-01 05:00:00",131.0132422778
"2024-06-01 06:00:00",113.8158379667
"2024-06-01 07:00:00",118.9971045
"2024-06-01 08:00:00",134.4876095833
"2024-06-01 09:00:00",131.5044903
"2024-06-01 10:00:00",136.5439155667
"2024-06-01 11:00:00",142.8088485
"2024-06-01 12:00:00",142.6109721
"2024-06-01 13:00:00",140.1761725
"2024-06-01 14:00:00",131.51046185
"2024-06-01 15:00:00",136.8500190833
"2024-06-01 16:00:00",123.58779
"2024-06-01 17:00:00",126.8422736667
"2024-06-01 18:00:00",120.4035352
"2024-06-01 19:00:00",129.3429364167
"2024-06-01 20:00:00",120.4851023
"2024-06-01 21:00:00",125.2398353167
"2024-06-01 22:00:00",121.4554090833
"2024-06-01 23:00:00",121.8191607586
"2024-06-02 00:00:00",109.3060690377
"2024-06-02 01:00:00",109.7019703421
"2024-06-02 02:00:00",114.2559370417
"2024-06-02 03:00:00",117.8781367
"2024-06-02 04:00:00",135.4311647619
"2024-06-02 05:00:00",110.3033465833
"2024-06-02 06:00:00",113.8969052167
"2024-06-02 07:00:00",116.9474673023
"2024-06-02 08:00:00",122.65424275
"2024-06-02 09:00:00",127.1922858167
"2024-06-02 10:00:00",138.4302711667
"2024-06-02 11:00:00",144.7533371667
"2024-06-02 12:00:00",147.4510396667
"2024-06-02 13:00:00",140.4685075
"2024-06-02 14:00:00",133.9147223333
"2024-06-02 15:00:00",124.6113257333
"2024-06-02 16:00:00",130.85423555
"2024-06-02 17:00:00",126.3598252333
"2024-06-02 18:00:00",119.5763879167
"2024-06-02 19:00:00",118.0925962167
"2024-06-02 20:00:00",110.9027201833
"2024-06-02 21:00:00",118.67364945
"2024-06-02 22:00:00",118.1514669107
"2024-06-02 23:00:00",
"2024-06-03 00:00:00",119.4379563667
"2024-06-03 01:00:00",
"2024-06-03 02:00:00",112.6016557931
"2024-06-03 03:00:00",
"2024-06-03 04:00:00",141.4246799778
"2024-06-03 05:00:00",117.0061290833
"2024-06-03 06:00:00",139.7306628167
"2024-06-03 07:00:00",156.1237355
"2024-06-03 08:00:00",145.1562679
"2024-06-03 09:00:00",143.9246195
"2024-06-03 10:00:00",142.9678433333
"2024-06-03 11:00:00",136.8924957667
"2024-06-03 12:00:00",140.5278088333
"2024-06-03 13:00:00",147.6771311667
"2024-06-03 14:00:00",150.690947
"2024-06-03 15:00:00",141.6119354667
"2024-06-03 16:00:00",127.2224487833
"2024-06-03 17:00:00",131.3302319167
"2024-06-03 18:00:00",140.7902263333
"2024-06-03 19:00:00",134.1222681667
"2024-06-03 20:00:00",122.8434969
"2024-06-03 21:00:00",121.0810150333
"2024-06-03 22:00:00",114.5955700847
"2024-06-03 23:00:00",106.2241241333
"2024-06-04 00:00:00",119.718592931
"2024-06-04 01:00:00",118.0468732069
"2024-06-04 02:00:00",130.0653993667
"2024-06-04 03:00:00",
"2024-06-04 04:00:00",120.3606085172
"2024-06-04 05:00:00",122.1269675254
"2024-06-04 06:00:00",137.2496728667
"2024-06-04 07:00:00",142.521265
"2024-06-04 08:00:00",136.8077161833
"2024-06-04 09:00:00",150.9512695
"2024-06-04 10:00:00",150.1666175
"2024-06-04 11:00:00",146.0931563333
"2024-06-04 12:00:00",137.9059749167
"2024-06-04 13:00:00",156.0692056667
"2024-06-04 14:00:00",145.3578693833
"2024-06-04 15:00:00",142.4724553333
"2024-06-04 16:00:00",136.1423260833
"2024-06-04 17:00:00",127.8012518833
"2024-06-04 18:00:00",127.9974806833
"2024-06-04 19:00:00",121.7604775556
"2024-06-04 20:00:00",133.4764991091
"2024-06-04 21:00:00",129.1048742333
"2024-06-04 22:00:00",119.9819461818
"2024-06-04 23:00:00",114.0775563273
"2024-06-05 00:00:00",117.2943012857
"2024-06-05 01:00:00",
"2024-06-05 02:00:00",109.26253525
"2024-06-05 03:00:00",117.4883595
"2024-06-05 04:00:00",121.753844069
"2024-06-05 05:00:00",119.9482401695
"2024-06-05 06:00:00",140.3387615
"2024-06-05 07:00:00",133.29695435
"2024-06-05 08:00:00",135.1657637333
"2024-06-05 09:00:00",143.8543528333
"2024-06-05 10:00:00",137.6914056667
"2024-06-05 11:00:00",137.27194375
"2024-06-05 12:00:00",139.7028193333
"2024-06-05 13:00:00",146.1446476667
"2024-06-05 14:00:00",131.7951608667
"2024-06-05 15:00:00",139.4164124833
"2024-06-05 16:00:00",128.9904039167
"2024-06-05 17:00:00",124.1277873167
"2024-06-05 18:00:00",131.1521408833
"2024-06-05 19:00:00",118.4901882
"2024-06-05 20:00:00",134.5541276333
"2024-06-05 21:00:00",115.0025691667
"2024-06-05 22:00:00",118.2798598
"2024-06-05 23:00:00",129.4234665333
"2024-06-06 00:00:00",118.7522280667
"2024-06-06 01:00:00",119.8249959333
"2024-06-06 02:00:00",128.55253025
"2024-06-06 03:00:00",124.1182076429
"2024-06-06 04:00:00",113.9608172
"2024-06-06 05:00:00",125.2803793833
"2024-06-06 06:00:00",133.1293713333
"2024-06-06 07:00:00",140.2700916833
"2024-06-06 08:00:00",129.772126
"2024-06-06 09:00:00",142.2443023333
"2024-06-06 10:00:00",137.9819988
"2024-06-06 11:00:00",143.1216041667
"2024-06-06 12:00:00",135.3562709167
"2024-06-06 13:00:00",143.2209046667
"2024-06-06 14:00:00",145.4945240167
"2024-06-06 15:00:00",138.7905747333
"2024-06-06 16:00:00",134.1692735167
"2024-06-06 17:00:00",122.24346495
"2024-06-06 18:00:00",122.0903470833
"2024-06-06 19:00:00",122.9133526667
"2024-06-06 20:00:00",127.5326349333
"2024-06-06 21:00:00",116.5563941333
"2024-06-06 22:00:00",115.7556725333
"2024-06-06 23:00:00",117.8124004333
"2024-06-07 00:00:00",111.60230355
"2024-06-07 01:00:00",116.8680708049
"2024-06-07 02:00:00",116.1662965789
"2024-06-07 03:00:00",129.2292812444
"2024-06-07 04:00:00",120.7818400732
"2024-06-07 05:00:00",115.0082732333
"2024-06-07 06:00:00",128.6770889167
"2024-06-07 07:00:00",133.8873940167
"2024-06-07 08:00:00",137.0257170333
"2024-06-07 09:00:00",138.2899652667
"2024-06-07 10:00:00",132.2344233167
"2024-06-07 11:00:00",135.3112108667
"2024-06-07 12:00:00",133.7158188393
"2024-06-07 13:00:00",135.58686725
"2024-06-07 14:00:00",135.7896766667
"2024-06-07 15:00:00",138.4215716667
"2024-06-07 16:00:00",126.9262946
"2024-06-07 17:00:00",131.8936143167
"2024-06-07 18:00:00",129.1380479333
"2024-06-07 19:00:00",131.0145879667
"2024-06-07 20:00:00",120.46726955
"2024-06-07 21:00:00",116.8363512683
"2024-06-07 22:00:00",123.2006445192
"2024-06-07 23:00:00",123.3688411833
"2024-06-08 00:00:00",121.5700547619
"2024-06-08 01:00:00",113.4576092881
"2024-06-08 02:00:00",121.9382469464
"2024-06-08 03:00:00",108.3646505588
"2024-06-08 04:00:00",119.8018993846
"2024-06-08 05:00:00",111.5882714
"2024-06-08 06:00:00",112.4383501667
"2024-06-08 07:00:00",124.0954071
"2024-06-08 08:00:00",124.4880608333
"2024-06-08 09:00:00",127.8507161167
"2024-06-08 10:00:00",125.562463
"2024-06-08 11:00:00",129.3453592333
"2024-06-08 12:00:00",135.0759636333
"2024-06-08 13:00:00",128.12833245
"2024-06-08 14:00:00",133.5329604667
"2024-06-08 15:00:00",136.3589496833
"2024-06-08 16:00:00",124.8486287833
"2024-06-08 17:00:00",119.3558468
"2024-06-08 18:00:00",127.825886
"2024-06-08 19:00:00",121.4499174
"2024-06-08 20:00:00",111.3102057
"2024-06-08 21:00:00",112.01680025
"2024-06-08 22:00:00",116.72943725
"2024-06-08 23:00:00",130.04235525
"2024-06-09 00:00:00",112.1405710167
"2024-06-09 01:00:00",117.81916524
"2024-06-09 02:00:00",110.6062307679
"2024-06-09 03:00:00",114.9123473667
"2024-06-09 04:00:00",124.1487776154
"2024-06-09 05:00:00",115.6489163061
"2024-06-09 06:00:00",122.3883189333
"2024-06-09 07:00:00",120.3466978167
"2024-06-09 08:00:00",125.6636195333
"2024-06-09 09:00:00",129.4142120167
"2024-06-09 10:00:00",131.1321023333
"2024-06-09 11:00:00",134.0253284333
"2024-06-09 12:00:00",135.9181675
"2024-06-09 13:00:00",136.1863301667
"2024-06-09 14:00:00",132.6968745667
"2024-06-09 15:00:00",129.4913696333
"2024-06-09 16:00:00",127.6174858
"2024-06-09 17:00:00",131.42300765
"2024-06-09 18:00:00",120.7808436833
"2024-06-09 19:00:00",123.6032239333
"2024-06-09 20:00:00",117.8638932333
"2024-06-09 21:00:00",118.0566426167
"2024-06-09 22:00:00",112.60185406
"2024-06-09 23:00:00",114.8993983721
"2024-06-10 00:00:00",
"2024-06-10 01:00:00",121.8192544074
"2024-06-10 02:00:00",127.9074566667
"2024-06-10 03:00:00",
"2024-06-10 04:00:00",113.2098626087
"2024-06-10 05:00:00",120.0835697
"2024-06-10 06:00:00",130.0559828
"2024-06-10 07:00:00",133.2316622833
"2024-06-10 08:00:00",132.7602638333
"2024-06-10 09:00:00",129.2110218667
"2024-06-10 10:00:00",133.268663
"2024-06-10 11:00:00",138.6071784167
"2024-06-10 12:00:00",145.7384097667
"2024-06-10 13:00:00",135.0497051667
"2024-06-10 14:00:00",136.9753183667
"2024-06-10 15:00:00",140.8050355
"2024-06-10 16:00:00",138.7089804333
"2024-06-10 17:00:00",122.7864165333
"2024-06-10 18:00:00",120.4578266333
"2024-06-10 19:00:00",122.0261090667
"2024-06-10 20:00:00",116.8912568167
"2024-06-10 21:00:00",126.3140747667
"2024-06-10 22:00:00",121.4452974167
"2024-06-10 23:00:00",120.1726993043
"2024-06-11 00:00:00",119.7662202381
"2024-06-11 01:00:00",118.3618198727
"2024-06-11 02:00:00",122.75821
"2024-06-11 03:00:00",106.9371097586
"2024-06-11 04:00:00",121.8118039615
"2024-06-11 05:00:00",114.7350130833
"2024-06-11 06:00:00",136.0547658
"2024-06-11 07:00:00",128.89232395
"2024-06-11 08:00:00",132.2841151167
"2024-06-11 09:00:00",132.82541835
"2024-06-11 10:00:00",140.7101920333
"2024-06-11 11:00:00",135.3688045
"2024-06-11 12:00:00",131.9956558333
"2024-06-11 13:00:00",129.6444993
"2024-06-11 14:00:00",139.50979
"2024-06-11 15:00:00",130.47173615
"2024-06-11 16:00:00",135.92819065
"2024-06-11 17:00:00",127.36563275
"2024-06-11 18:00:00",127.9939730333
"2024-06-11 19:00:00",125.0715729333
"2024-06-11 20:00:00",122.290047102
"2024-06-11 21:00:00",121.3366203833
"2024-06-11 22:00:00",117.2384621622
"2024-06-11 23:00:00",142.2658641176
"2024-06-12 00:00:00",157.4339471429
"2024-06-12 01:00:00",121.2267513667
"2024-06-12 02:00:00",
"2024-06-12 03:00:00",
"2024-06-12 04:00:00",
"2024-06-12 05:00:00",122.3582565254
"2024-06-12 06:00:00",129.082214
"2024-06-12 07:00:00",127.9261832833
"2024-06-12 08:00:00",134.0630044667
"2024-06-12 09:00:00",136.7136865167
"2024-06-12 10:00:00",133.1862599667
"2024-06-12 11:00:00",142.1122082333
"2024-06-12 12:00:00",131.0579049167
"2024-06-12 13:00:00",138.0823956667
"2024-06-12 14:00:00",139.32836425
"2024-06-12 15:00:00",135.8094570167
"2024-06-12 16:00:00",135.7502289333
"2024-06-12 17:00:00",123.1232509167
"2024-06-12 18:00:00",122.4416748833
"2024-06-12 19:00:00",114.2806997
"2024-06-12 20:00:00",116.3516789167
"2024-06-12 21:00:00",113.7365810333
"2024-06-12 22:00:00",111.2473806833
"2024-06-12 23:00:00",120.932757069
"2024-06-13 00:00:00",113.51737825
"2024-06-13 01:00:00",123.6012784848
"2024-06-13 02:00:00",
"2024-06-13 03:00:00",
"2024-06-13 04:00:00",123.2060811333
"2024-06-13 05:00:00",127.4425200167
"2024-06-13 06:00:00",124.8800719667
"2024-06-13 07:00:00",134.3605513667
"2024-06-13 08:00:00",133.9367255833
"2024-06-13 09:00:00",134.91324865
"2024-06-13 10:00:00",140.4565664167
"2024-06-13 11:00:00",144.881159
"2024-06-13 12:00:00",147.5603061667
"2024-06-13 13:00:00",140.2591258167
"2024-06-13 14:00:00",137.8771844167
"2024-06-13 15:00:00",139.15868785
"2024-06-13 16:00:00",133.5592420667
"2024-06-13 17:00:00",129.4791343
"2024-06-13 18:00:00",132.4436056667
"2024-06-13 19:00:00",123.4009899167
"2024-06-13 20:00:00",141.7889150667
"2024-06-13 21:00:00",113.6607798478
"2024-06-13 22:00:00",113.79215895
"2024-06-13 23:00:00",124.4248220667
"2024-06-14 00:00:00",122.2927484595
"2024-06-14 01:00:00",
"2024-06-14 02:00:00",112.6040221667
"2024-06-14 03:00:00",118.623382
"2024-06-14 04:00:00",117.2157187931
"2024-06-14 05:00:00",116.07671455
"2024-06-14 06:00:00",129.0223850833
"2024-06-14 07:00:00",140.0932751667
"2024-06-14 08:00:00",132.0606019167
"2024-06-14 09:00:00",138.9754685
"2024-06-14 10:00:00",130.8262114167
"2024-06-14 11:00:00",147.3414291667
"2024-06-14 12:00:00",138.4817143333
"2024-06-14 13:00:00",131.9934739833
"2024-06-14 14:00:00",138.9882876667
"2024-06-14 15:00:00",139.2871955
"2024-06-14 16:00:00",130.10836035
"2024-06-14 17:00:00",126.7092627333
"2024-06-14 18:00:00",122.8643386
"2024-06-14 19:00:00",119.0191093333
"2024-06-14 20:00:00",120.32032695
"2024-06-14 21:00:00",127.1316177627
"2024-06-14 22:00:00",125.5279069444
"2024-06-14 23:00:00",124.2631468167
"2024-06-15 00:00:00",125.1122212037
"2024-06-15 01:00:00",117.43648085
"2024-06-15 02:00:00",109.72182025
"2024-06-15 03:00:00",116.0993988824
"2024-06-15 04:00:00",113.9045057391
"2024-06-15 05:00:00",129.9813101304
"2024-06-15 06:00:00",114.9021378596
"2024-06-15 07:00:00",129.6182051
"2024-06-15 08:00:00",125.78550365
"2024-06-15 09:00:00",134.8884847167
"2024-06-15 10:00:00",138.04032945
"2024-06-15 11:00:00",133.4119642667
"2024-06-15 12:00:00",137.9035346667
"2024-06-15 13:00:00",130.6194734
"2024-06-15 14:00:00",133.4747072667
"2024-06-15 15:00:00",125.4757741333
"2024-06-15 16:00:00",128.9508617
"2024-06-15 17:00:00",123.53467325
"2024-06-15 18:00:00",119.3667905833
"2024-06-15 19:00:00",120.0096205333
"2024-06-15 20:00:00",127.5043753333
"2024-06-15 21:00:00",130.4927787667
"2024-06-15 22:00:00",115.6392976491
"2024-06-15 23:00:00",117.10743345
"2024-06-16 00:00:00",119.21814465
"2024-06-16 01:00:00",115.7999418727
"2024-06-16 02:00:00",127.5647803704
"2024-06-16 03:00:00",147.901459
"2024-06-16 04:00:00",117.0003423667
"2024-06-16 05:00:00",111.0863956552
"2024-06-16 06:00:00",
"2024-06-16 07:00:00",119.2735665814
"2024-06-16 08:00:00",121.7076437167
"2024-06-16 09:00:00",124.2261730167
"2024-06-16 10:00:00",131.5712033167
"2024-06-16 11:00:00",130.8742101667
"2024-06-16 12:00:00",128.2055345667
"2024-06-16 13:00:00",132.3337847
"2024-06-16 14:00:00",127.365586
"2024-06-16 15:00:00",119.2967447167
"2024-06-16 16:00:00",122.6084471
"2024-06-16 17:00:00",125.17119365
"2024-06-16 18:00:00",121.2928310167
"2024-06-16 19:00:00",120.8944671167
"2024-06-16 20:00:00",123.6000884333
"2024-06-16 21:00:00",113.3644489833
"2024-06-16 22:00:00",107.6637147833
"2024-06-16 23:00:00",119.8450769388
"2024-06-17 00:00:00",121.5981051429
"2024-06-17 01:00:00",127.8513616571
"2024-06-17 02:00:00",116.4310312083
"2024-06-17 03:00:00",112.9273804
"2024-06-17 04:00:00",112.4433404231
"2024-06-17 05:00:00",116.8847313
"2024-06-17 06:00:00",135.2141764167
"2024-06-17 07:00:00",132.3261263333
"2024-06-17 08:00:00",133.5024676833
"2024-06-17 09:00:00",136.0882089
"2024-06-17 10:00:00",129.86333815
"2024-06-17 11:00:00",143.1070761667
"2024-06-17 12:00:00",148.132052
"2024-06-17 13:00:00",144.3842625
"2024-06-17 14:00:00",136.6590576667
"2024-06-17 15:00:00",136.9634845667
"2024-06-17 16:00:00",140.7441385167
"2024-06-17 17:00:00",129.104601
"2024-06-17 18:00:00",124.8939455667
"2024-06-17 19:00:00",137.5693633167
"2024-06-17 20:00:00",115.7365690167
"2024-06-17 21:00:00",124.5654899167
"2024-06-17 22:00:00",113.2872793333
"2024-06-17 23:00:00",112.92625025
"2024-06-18 00:00:00",113.2277862778
"2024-06-18 01:00:00",
"2024-06-18 02:00:00",
"2024-06-18 03:00:00",
"2024-06-18 04:00:00",103.41181
"2024-06-18 05:00:00",122.6137547
"2024-06-18 06:00:00",129.0444375
"2024-06-18 07:00:00",132.98094315
"2024-06-18 08:00:00",136.6409206667
"2024-06-18 09:00:00",137.2958529333
"2024-06-18 10:00:00",129.08691275
"2024-06-18 11:00:00",137.8522949833
"2024-06-18 12:00:00",131.7890034833
"2024-06-18 13:00:00",136.223837
"2024-06-18 14:00:00",131.4949463833
"2024-06-18 15:00:00",135.7174489655
"2024-06-18 16:00:00",149.9582099333
"2024-06-18 17:00:00",127.0957140833
"2024-06-18 18:00:00",129.8409345
"2024-06-18 19:00:00",132.7675765333
"2024-06-18 20:00:00",121.2972936167
"2024-06-18 21:00:00",115.2744657
"2024-06-18 22:00:00",115.4249754167
"2024-06-18 23:00:00",117.5910053191
"2024-06-19 00:00:00",122.7758516364
"2024-06-19 01:00:00",
"2024-06-19 02:00:00",107.4242154118
"2024-06-19 03:00:00",116.9808053571
"2024-06-19 04:00:00",115.0940418333
"2024-06-19 05:00:00",117.9917428167
"2024-06-19 06:00:00",135.9200548333
"2024-06-19 07:00:00",135.0926535167
"2024-06-19 08:00:00",133.905697
"2024-06-19 09:00:00",140.1738066667
"2024-06-19 10:00:00",138.5825146167
"2024-06-19 11:00:00",140.0062313333
"2024-06-19 12:00:00",142.70818315
"2024-06-19 13:00:00",139.9699689333
"2024-06-19 14:00:00",136.9342991
"2024-06-19 15:00:00",220.9422358333
"2024-06-19 16:00:00",372.3709198333
"2024-06-19 17:00:00",130.6391996667
"2024-06-19 18:00:00",131.8666119
"2024-06-19 19:00:00",123.0194389
"2024-06-19 20:00:00",119.5358504
"2024-06-19 21:00:00",122.3947623167
"2024-06-19 22:00:00",122.1315862167
"2024-06-19 23:00:00",114.8657848261
"2024-06-20 00:00:00",167.5592758621
"2024-06-20 01:00:00",115.0546384483
"2024-06-20 02:00:00",115.707233
"2024-06-20 03:00:00",120.6480204091
"2024-06-20 04:00:00",115.8750134615
"2024-06-20 05:00:00",120.7222561333
"2024-06-20 06:00:00",132.0702001167
"2024-06-20 07:00:00",128.8863562167
"2024-06-20 08:00:00",136.3399347333
"2024-06-20 09:00:00",152.51748
"2024-06-20 10:00:00",150.9788453333
"2024-06-20 11:00:00",139.6599213667
"2024-06-20 12:00:00",136.63855925
"2024-06-20 13:00:00",141.7796798333
"2024-06-20 14:00:00",135.7412031167
"2024-06-20 15:00:00",131.69811215
"2024-06-20 16:00:00",134.9371578167
"2024-06-20 17:00:00",131.6168772667
"2024-06-20 18:00:00",126.9695153333
"2024-06-20 19:00:00",126.6343565667
"2024-06-20 20:00:00",116.3010184167
"2024-06-20 21:00:00",122.2217191833
"2024-06-20 22:00:00",113.1076166333
"2024-06-20 23:00:00",121.0699216154
"2024-06-21 00:00:00",124.558876
"2024-06-21 01:00:00",
"2024-06-21 02:00:00",
"2024-06-21 03:00:00",
"2024-06-21 04:00:00",113.8715182333
"2024-06-21 05:00:00",124.4431759804
"2024-06-21 06:00:00",138.4328798333
"2024-06-21 07:00:00",134.6433694333
"2024-06-21 08:00:00",139.1685154333
"2024-06-21 09:00:00",144.0974986667
"2024-06-21 10:00:00",136.26436425
"2024-06-21 11:00:00",125.7619688333
"2024-06-21 12:00:00",146.360608
"2024-06-21 13:00:00",140.5842439833
"2024-06-21 14:00:00",140.7016794167
"2024-06-21 15:00:00",137.23305625
"2024-06-21 16:00:00",132.4366684
"2024-06-21 17:00:00",122.9166601
"2024-06-21 18:00:00",127.8274134
"2024-06-21 19:00:00",121.82186695
"2024-06-21 20:00:00",119.4862836
"2024-06-21 21:00:00",129.2688745333
"2024-06-21 22:00:00",115.1459510833
"2024-06-21 23:00:00",116.1940467826
"2024-06-22 00:00:00",112.6017841628
"2024-06-22 01:00:00",125.5760685745
"2024-06-22 02:00:00",116.6908506078
"2024-06-22 03:00:00",
"2024-06-22 04:00:00",120.0499145385
"2024-06-22 05:00:00",113.3616592632
"2024-06-22 06:00:00",110.9885980678
"2024-06-22 07:00:00",119.0799078824
"2024-06-22 08:00:00",123.7682748
"2024-06-22 09:00:00",133.4699587
"2024-06-22 10:00:00",129.8157129333
"2024-06-22 11:00:00",134.6801360833
"2024-06-22 12:00:00",146.446262
"2024-06-22 13:00:00",135.467326
"2024-06-22 14:00:00",133.5075169833
"2024-06-22 15:00:00",136.6097184
"2024-06-22 16:00:00",131.9622223833
"2024-06-22 17:00:00",131.4505099833
"2024-06-22 18:00:00",133.3773520333
"2024-06-22 19:00:00",122.4370059833
"2024-06-22 20:00:00",121.1453917667
"2024-06-22 21:00:00",113.7878237593
"2024-06-22 22:00:00",115.1435208246
"2024-06-22 23:00:00",114.9152691
"2024-06-23 00:00:00",114.1432053
"2024-06-23 01:00:00",113.3140910167
"2024-06-23 02:00:00",121.7942651842
"2024-06-23 03:00:00",109.95302824
"2024-06-23 04:00:00",125.1333825312
"2024-06-23 05:00:00",117.2818720455
"2024-06-23 06:00:00",116.9967236852
"2024-06-23 07:00:00",129.7987711321
"2024-06-23 08:00:00",125.0016065167
"2024-06-23 09:00:00",129.5051054833
"2024-06-23 10:00:00",134.0735130667
"2024-06-23 11:00:00",144.8692150847
"2024-06-23 12:00:00",141.3946352667
"2024-06-23 13:00:00",136.5290828333
"2024-06-23 14:00:00",139.0082241
"2024-06-23 15:00:00",137.8757574167
"2024-06-23 16:00:00",127.6996409667
"2024-06-23 17:00:00",129.3853949167
"2024-06-23 18:00:00",125.44676295
"2024-06-23 19:00:00",121.3512642
"2024-06-23 20:00:00",123.3634923333
"2024-06-23 21:00:00",114.99456695
"2024-06-23 22:00:00",115.2211595345
"2024-06-23 23:00:00",121.0037759231
"2024-06-24 00:00:00",116.8498939394
"2024-06-24 01:00:00",122.0043966667
"2024-06-24 02:00:00",126.1485677778
"2024-06-24 03:00:00",
"2024-06-24 04:00:00",116.2536828889
"2024-06-24 05:00:00",124.06654375
"2024-06-24 06:00:00",129.8873199667
"2024-06-24 07:00:00",127.0838044833
"2024-06-24 08:00:00",141.7046634167
"2024-06-24 09:00:00",141.8469232833
"2024-06-24 10:00:00",140.5059029167
"2024-06-24 11:00:00",140.6958769
"2024-06-24 12:00:00",143.5533971667
"2024-06-24 13:00:00",136.17652425
"2024-06-24 14:00:00",136.0407721
"2024-06-24 15:00:00",142.5598335
"2024-06-24 16:00:00",135.95110825
"2024-06-24 17:00:00",128.0010951833
"2024-06-24 18:00:00",128.78943235
"2024-06-24 19:00:00",125.4493299833
"2024-06-24 20:00:00",118.9608797833
"2024-06-24 21:00:00",117.2161565667
"2024-06-24 22:00:00",113.6295368833
"2024-06-24 23:00:00",122.0242488475
"2024-06-25 00:00:00",126.977305775
"2024-06-25 01:00:00",121.863173931
"2024-06-25 02:00:00",
"2024-06-25 03:00:00",107.0856142273
"2024-06-25 04:00:00",122.6525475455
"2024-06-25 05:00:00",113.7846679667
"2024-06-25 06:00:00",136.1198545333
"2024-06-25 07:00:00",136.71694375
"2024-06-25 08:00:00",150.5877809
"2024-06-25 09:00:00",140.633858
"2024-06-25 10:00:00",143.4666803333
"2024-06-25 11:00:00",138.0965485
"2024-06-25 12:00:00",132.8114214
"2024-06-25 13:00:00",140.19942975
"2024-06-25 14:00:00",142.5490571667
"2024-06-25 15:00:00",138.4459569833
"2024-06-25 16:00:00",141.9837732667
"2024-06-25 17:00:00",126.33588695
"2024-06-25 18:00:00",123.8309334
"2024-06-25 19:00:00",116.37745025
"2024-06-25 20:00:00",126.5279156
"2024-06-25 21:00:00",122.8193984667
"2024-06-25 22:00:00",122.9726056833
"2024-06-25 23:00:00",127.1350652083
"2024-06-26 00:00:00",123.1234767778
"2024-06-26 01:00:00",
"2024-06-26 02:00:00",
"2024-06-26 03:00:00",
"2024-06-26 04:00:00",127.7961353
"2024-06-26 05:00:00",120.8645360333
"2024-06-26 06:00:00",123.5096041
"2024-06-26 07:00:00",138.2340506667
"2024-06-26 08:00:00",143.8116006667
"2024-06-26 09:00:00",145.8193141667
"2024-06-26 10:00:00",144.4017048333
"2024-06-26 11:00:00",145.0495226667
"2024-06-26 12:00:00",140.1557726667
"2024-06-26 13:00:00",143.6924641667
"2024-06-26 14:00:00",138.7505592333
"2024-06-26 15:00:00",134.4163554333
"2024-06-26 16:00:00",128.8105551167
"2024-06-26 17:00:00",135.5862951833
"2024-06-26 18:00:00",126.64046905
"2024-06-26 19:00:00",122.4004632
"2024-06-26 20:00:00",122.9812840333
"2024-06-26 21:00:00",113.92669165
"2024-06-26 22:00:00",113.0033209667
"2024-06-26 23:00:00",135.2368961667
"2024-06-27 00:00:00",145.54992318
"2024-06-27 01:00:00",137.53925254
"2024-06-27 02:00:00",180.7805748571
"2024-06-27 03:00:00",
"2024-06-27 04:00:00",114.3096564286
"2024-06-27 05:00:00",122.17957315
"2024-06-27 06:00:00",130.1398636333
"2024-06-27 07:00:00",135.1085155333
"2024-06-27 08:00:00",141.3631884
"2024-06-27 09:00:00",142.8539145833
"2024-06-27 10:00:00",141.2012111667
"2024-06-27 11:00:00",146.3736721667
"2024-06-27 12:00:00",143.6681608333
"2024-06-27 13:00:00",145.6312016667
"2024-06-27 14:00:00",143.970103
"2024-06-27 15:00:00",136.2179572167
"2024-06-27 16:00:00",131.7217633167
"2024-06-27 17:00:00",127.1666895667
"2024-06-27 18:00:00",127.1268182167
"2024-06-27 19:00:00",129.7003647
"2024-06-27 20:00:00",113.5561394667
"2024-06-27 21:00:00",112.1822302667
"2024-06-27 22:00:00",118.5475579167
"2024-06-27 23:00:00",122.5975703167
"2024-06-28 00:00:00",124.391861125
"2024-06-28 01:00:00",111.4978428431
"2024-06-28 02:00:00",108.1142236429
"2024-06-28 03:00:00",115.6356710351
"2024-06-28 04:00:00",125.3855736792
"2024-06-28 05:00:00",118.85255865
"2024-06-28 06:00:00",121.2320539
"2024-06-28 07:00:00",131.3922724833
"2024-06-28 08:00:00",135.5847025
"2024-06-28 09:00:00",141.1107201667
"2024-06-28 10:00:00",137.14892965
"2024-06-28 11:00:00",139.5013160833
"2024-06-28 12:00:00",134.8632532333
"2024-06-28 13:00:00",146.616567
"2024-06-28 14:00:00",146.593911
"2024-06-28 15:00:00",135.5460556667
"2024-06-28 16:00:00",137.0057070833
"2024-06-28 17:00:00",130.1267735667
"2024-06-28 18:00:00",125.8735847167
"2024-06-28 19:00:00",125.87050235
"2024-06-28 20:00:00",115.1524163833
"2024-06-28 21:00:00",110.0054492667
"2024-06-28 22:00:00",125.0064452857
"2024-06-28 23:00:00",123.3621411667
"2024-06-29 00:00:00",122.01367
"2024-06-29 01:00:00",120.16068935
"2024-06-29 02:00:00",119.9429804
"2024-06-29 03:00:00",
"2024-06-29 04:00:00",116.3558466765
"2024-06-29 05:00:00",131.64567252
"2024-06-29 06:00:00",138.4239412963
"2024-06-29 07:00:00",136.3709068167
"2024-06-29 08:00:00",147.2436721667
"2024-06-29 09:00:00",150.8027001667
"2024-06-29 10:00:00",139.3273975333
"2024-06-29 11:00:00",147.0802196667
"2024-06-29 12:00:00",145.1477715
"2024-06-29 13:00:00",139.2812095
"2024-06-29 14:00:00",144.4779368333
"2024-06-29 15:00:00",126.2123088333
"2024-06-29 16:00:00",127.8896427167
"2024-06-29 17:00:00",115.4745651
"2024-06-29 18:00:00",118.7075427
"2024-06-29 19:00:00",131.76706325
"2024-06-29 20:00:00",123.0375210333
"2024-06-29 21:00:00",119.8103681333
"2024-06-29 22:00:00",122.0757900893
"2024-06-30 00:00:00",139.0236892162
"2024-06-30 01:00:00",110.3343790625
"2024-06-30 02:00:00",120.9664172
"2024-06-30 03:00:00",123.5045357667
"2024-06-30 04:00:00",
"2024-06-30 05:00:00",
"2024-06-30 06:00:00",
"2024-06-30 07:00:00",124.99602318
"2024-06-30 08:00:00",126.88085855
"2024-06-30 09:00:00",128.0408197667
"2024-06-30 10:00:00",136.8534741667
"2024-06-30 11:00:00",130.4339896667
"2024-06-30 12:00:00",148.9540266667
"2024-06-30 13:00:00",134.49818825
"2024-06-30 14:00:00",127.8357412167
"2024-06-30 15:00:00",122.9487023833
"2024-06-30 16:00:00",120.59188245
"2024-06-30 17:00:00",118.0742360333
"2024-06-30 18:00:00",133.01212045
"2024-06-30 19:00:00",119.904391125
"2024-06-30 20:00:00",121.4893958833
"2024-06-30 21:00:00",118.59409185
"2024-06-30 22:00:00",114.6591843667
"2024-06-30 23:00:00",120.3649922
"2024-07-01 00:00:00",116.6344438043
"2024-07-01 01:00:00",127.0511047188
"2024-07-01 02:00:00",
"2024-07-01 03:00:00",
"2024-07-01 04:00:00",118.5590714483
"2024-07-01 05:00:00",120.1014802167
"2024-07-01 06:00:00",135.8628337333
"2024-07-01 07:00:00",126.3278556167
"2024-07-01 08:00:00",128.1118489167
"2024-07-01 09:00:00",139.5219773729
"2024-07-01 10:00:00",141.4787421667
"2024-07-01 11:00:00",141.2777360667
"2024-07-01 12:00:00",132.89966035
"2024-07-01 13:00:00",148.035635
"2024-07-01 14:00:00",139.9366677833
"2024-07-01 15:00:00",137.8130047667
"2024-07-01 16:00:00",131.8726598833
"2024-07-01 17:00:00",124.4853217333
"2024-07-01 18:00:00",131.5049931333
"2024-07-01 19:00:00",120.32843325
"2024-07-01 20:00:00",136.4061215
"2024-07-01 21:00:00",121.5240222609
"2024-07-01 22:00:00",127.9618887333
"2024-07-01 23:00:00",110.4424140667