"DateTime","PZH03_Delfweg_Stationsweg_Keukenhof_b"
"2024-01-01 00:00:00",132.7394754898
"2024-01-01 01:00:00",120.3675355217
"2024-01-01 02:00:00",122.1463230333
"2024-01-01 03:00:00",115.23131625
"2024-01-01 04:00:00",121.3932578125
"2024-01-01 05:00:00",107.023301
"2024-01-01 06:00:00",114.3591705714
"2024-01-01 07:00:00",105.1244292857
"2024-01-01 08:00:00",111.7855004681
"2024-01-01 09:00:00",126.1207756333
"2024-01-01 10:00:00",124.2652772
"2024-01-01 11:00:00",132.6677316833
"2024-01-01 12:00:00",139.2836325167
"2024-01-01 13:00:00",146.1728581667
"2024-01-01 14:00:00",146.1115351667
"2024-01-01 15:00:00",141.1335308333
"2024-01-01 16:00:00",134.8575013333
"2024-01-01 17:00:00",126.6514625333
"2024-01-01 18:00:00",122.4580070167
"2024-01-01 19:00:00",117.65440885
"2024-01-01 20:00:00",123.6196903167
"2024-01-01 21:00:00",114.66943225
"2024-01-01 22:00:00",113.4139745714
"2024-01-01 23:00:00",
"2024-01-02 00:00:00",
"2024-01-02 01:00:00",
"2024-01-02 02:00:00",109.6323496
"2024-01-02 03:00:00",119.6911245294
"2024-01-02 04:00:00",118.6301836
"2024-01-02 05:00:00",122.6936837667
"2024-01-02 06:00:00",127.23645405
"2024-01-02 07:00:00",132.8705267333
"2024-01-02 08:00:00",124.8198905167
"2024-01-02 09:00:00",130.9533441
"2024-01-02 10:00:00",136.0006335833
"2024-01-02 11:00:00",139.5863075667
"2024-01-02 12:00:00",137.7186358333
"2024-01-02 13:00:00",146.821688
"2024-01-02 14:00:00",140.1017431667
"2024-01-02 15:00:00",147.2421476667
"2024-01-02 16:00:00",139.80453085
"2024-01-02 17:00:00",124.4712311
"2024-01-02 18:00:00",121.4804108667
"2024-01-02 19:00:00",120.6027073333
"2024-01-02 20:00:00",119.8712750333
"2024-01-02 21:00:00",141.9075140833
"2024-01-02 22:00:00",118.7856426279
"2024-01-02 23:00:00",125.7947233167
"2024-01-03 00:00:00",125.7117196452
"2024-01-03 01:00:00",115.5571308333
"2024-01-03 02:00:00",
"2024-01-03 03:00:00",123.9055873103
"2024-01-03 04:00:00",119.4045185556
"2024-01-03 05:00:00",127.8087848667
"2024-01-03 06:00:00",131.0149243833
"2024-01-03 07:00:00",131.1845747833
"2024-01-03 08:00:00",129.2690208
"2024-01-03 09:00:00",133.68651
"2024-01-03 10:00:00",140.4090821667
"2024-01-03 11:00:00",138.6259271667
"2024-01-03 12:00:00",139.7239621667
"2024-01-03 13:00:00",142.969521
"2024-01-03 14:00:00",139.726579
"2024-01-03 15:00:00",143.7044795
"2024-01-03 16:00:00",143.4435438333
"2024-01-03 17:00:00",126.3684198
"2024-01-03 18:00:00",125.0674674167
"2024-01-03 19:00:00",121.9571714444
"2024-01-03 20:00:00",127.4427628704
"2024-01-03 21:00:00",120.5888086167
"2024-01-03 22:00:00",118.0462890339
"2024-01-03 23:00:00",116.7781533636
"2024-01-04 00:00:00",128.148334898
"2024-01-04 01:00:00",
"2024-01-04 02:00:00",
"2024-01-04 03:00:00",174.723774
"2024-01-04 04:00:00",144.0738385333
"2024-01-04 05:00:00",127.0058041333
"2024-01-04 06:00:00",134.6473795667
"2024-01-04 07:00:00",135.605383
"2024-01-04 08:00:00",136.1400238333
"2024-01-04 09:00:00",136.9706333833
"2024-01-04 10:00:00",141.4692901333
"2024-01-04 11:00:00",132.0341377667
"2024-01-04 12:00:00",141.5902371667
"2024-01-04 13:00:00",139.1863888333
"2024-01-04 14:00:00",133.61633185
"2024-01-04 15:00:00",138.7213425
"2024-01-04 16:00:00",147.983204
"2024-01-04 17:00:00",126.72695755
"2024-01-04 18:00:00",127.48616895
"2024-01-04 19:00:00",122.6451648667
"2024-01-04 20:00:00",118.8580078167
"2024-01-04 21:00:00",116.8959897
"2024-01-04 22:00:00",124.7123777667
"2024-01-04 23:00:00",128.6268035758
"2024-01-05 00:00:00",130.0159068644
"2024-01-05 01:00:00",133.11656475
"2024-01-05 02:00:00",116.16047575
"2024-01-05 03:00:00",115.0910387959
"2024-01-05 04:00:00",110.68675675
"2024-01-05 05:00:00",121.8524459667
"2024-01-05 06:00:00",133.6791480667
"2024-01-05 07:00:00",130.9909829667
"2024-01-05 08:00:00",128.4233312167
"2024-01-05 09:00:00",138.7383475
"2024-01-05 10:00:00",143.7657308333
"2024-01-05 11:00:00",136.5299234167
"2024-01-05 12:00:00",141.1632285
"2024-01-05 13:00:00",143.0437435667
"2024-01-05 14:00:00",142.7787073333
"2024-01-05 15:00:00",137.9132658333
"2024-01-05 16:00:00",140.1485405
"2024-01-05 17:00:00",127.8450162
"2024-01-05 18:00:00",116.3979924333
"2024-01-05 19:00:00",120.0070724655
"2024-01-05 20:00:00",120.6121973667
"2024-01-05 21:00:00",118.1747430333
"2024-01-05 22:00:00",117.9443405
"2024-01-05 23:00:00",118.06517495
"2024-01-06 00:00:00",119.7924403148
"2024-01-06 01:00:00",114.9591221333
"2024-01-06 02:00:00",111.2051134889
"2024-01-06 03:00:00",118.6717690303
"2024-01-06 04:00:00",108.9818067667
"2024-01-06 05:00:00",115.5668587455
"2024-01-06 06:00:00",118.8859747759
"2024-01-06 07:00:00",125.6370699821
"2024-01-06 08:00:00",125.6980053167
"2024-01-06 09:00:00",140.5792801667
"2024-01-06 10:00:00",144.6763618333
"2024-01-06 11:00:00",137.6777351667
"2024-01-06 12:00:00",141.23040685
"2024-01-06 13:00:00",147.7079895
"2024-01-06 14:00:00",136.0263579333
"2024-01-06 15:00:00",133.8026412
"2024-01-06 16:00:00",130.90957395
"2024-01-06 17:00:00",128.7052799167
"2024-01-06 18:00:00",122.4551147333
"2024-01-06 19:00:00",123.07341895
"2024-01-06 20:00:00",125.1228508667
"2024-01-06 21:00:00",121.7278515345
"2024-01-06 22:00:00",127.4147933667
"2024-01-06 23:00:00",119.6434512593
"2024-01-07 00:00:00",121.0668807
"2024-01-07 01:00:00",120.2670333696
"2024-01-07 02:00:00",112.7358655588
"2024-01-07 03:00:00",111.1468880833
"2024-01-07 04:00:00",119.8340452778
"2024-01-07 05:00:00",121.2887577879
"2024-01-07 06:00:00",111.6493378065
"2024-01-07 07:00:00",117.3432499038
"2024-01-07 08:00:00",115.3425109808
"2024-01-07 09:00:00",133.0550588833
"2024-01-07 10:00:00",138.83397185
"2024-01-07 11:00:00",146.2193898333
"2024-01-07 12:00:00",142.162531
"2024-01-07 13:00:00",144.5270986667
"2024-01-07 14:00:00",147.18561
"2024-01-07 15:00:00",144.1032681667
"2024-01-07 16:00:00",140.2675416667
"2024-01-07 17:00:00",125.3792731167
"2024-01-07 18:00:00",126.2639859667
"2024-01-07 19:00:00",125.7376155333
"2024-01-07 20:00:00",131.4098787833
"2024-01-07 21:00:00",124.7554028667
"2024-01-07 22:00:00",122.7235515667
"2024-01-07 23:00:00",122.371675
"2024-01-08 00:00:00",
"2024-01-08 01:00:00",
"2024-01-08 02:00:00",
"2024-01-08 03:00:00",
"2024-01-08 04:00:00",135.8252201739
"2024-01-08 05:00:00",133.5042801667
"2024-01-08 06:00:00",129.5892255
"2024-01-08 07:00:00",162.9368775
"2024-01-08 08:00:00",133.22097085
"2024-01-08 09:00:00",135.98025625
"2024-01-08 10:00:00",150.0347616667
"2024-01-08 11:00:00",138.8006997667
"2024-01-08 12:00:00",133.9221401667
"2024-01-08 13:00:00",135.929281678
"2024-01-08 14:00:00",135.1226386
"2024-01-08 15:00:00",140.6068876667
"2024-01-08 16:00:00",147.133599
"2024-01-08 17:00:00",129.9024591667
"2024-01-08 18:00:00",124.1258037167
"2024-01-08 19:00:00",125.7755715714
"2024-01-08 20:00:00",116.6655760652
"2024-01-08 21:00:00",122.3503266333
"2024-01-08 22:00:00",114.0979050238
"2024-01-08 23:00:00",118.0014896458
"2024-01-09 00:00:00",130.5018266667
"2024-01-09 01:00:00",125.83362375
"2024-01-09 02:00:00",
"2024-01-09 03:00:00",101.051584
"2024-01-09 04:00:00",113.560416119
"2024-01-09 05:00:00",131.5595234333
"2024-01-09 06:00:00",136.8985097
"2024-01-09 07:00:00",145.1019216667
"2024-01-09 08:00:00",141.7256344333
"2024-01-09 09:00:00",143.612117
"2024-01-09 10:00:00",146.6440854333
"2024-01-09 11:00:00",138.9351831
"2024-01-09 12:00:00",140.9473965
"2024-01-09 13:00:00",145.0044256667
"2024-01-09 14:00:00",138.4047056667
"2024-01-09 15:00:00",142.6857706667
"2024-01-09 16:00:00",154.7689768333
"2024-01-09 17:00:00",123.9593506833
"2024-01-09 18:00:00",132.9369876
"2024-01-09 19:00:00",127.12408155
"2024-01-09 20:00:00",113.8748351
"2024-01-09 21:00:00",112.8091428833
"2024-01-09 22:00:00",123.3213115
"2024-01-09 23:00:00",
"2024-01-10 00:00:00",
"2024-01-10 01:00:00",113.7796497222
"2024-01-10 02:00:00",
"2024-01-10 03:00:00",
"2024-01-10 04:00:00",126.2078333871
"2024-01-10 05:00:00",125.1818432667
"2024-01-10 06:00:00",128.1778102833
"2024-01-10 07:00:00",145.7335088333
"2024-01-10 08:00:00",135.9549509333
"2024-01-10 09:00:00",141.6207861667
"2024-01-10 10:00:00",136.0289255
"2024-01-10 11:00:00",142.7273381667
"2024-01-10 12:00:00",162.2120779333
"2024-01-10 13:00:00",152.4740233333
"2024-01-10 14:00:00",145.5116426667
"2024-01-10 15:00:00",142.6698783333
"2024-01-10 16:00:00",149.2285373333
"2024-01-10 17:00:00",128.07614735
"2024-01-10 18:00:00",126.09055075
"2024-01-10 19:00:00",118.3533789
"2024-01-10 20:00:00",120.45693355
"2024-01-10 21:00:00",122.2273440833
"2024-01-10 22:00:00",137.7289970833
"2024-01-10 23:00:00",156.501316
"2024-01-11 00:00:00",127.0374381304
"2024-01-11 01:00:00",
"2024-01-11 02:00:00",123.6746963226
"2024-01-11 03:00:00",124.5458422667
"2024-01-11 04:00:00",126.7537860333
"2024-01-11 05:00:00",124.6797991833
"2024-01-11 06:00:00",144.1837148667
"2024-01-11 07:00:00",155.1937125
"2024-01-11 08:00:00",141.8782750667
"2024-01-11 09:00:00",148.8296353167
"2024-01-11 10:00:00",143.0593414333
"2024-01-11 11:00:00",139.0977334
"2024-01-11 12:00:00",143.6689788333
"2024-01-11 13:00:00",150.3610005
"2024-01-11 14:00:00",138.2491348333
"2024-01-11 15:00:00",145.286641
"2024-01-11 16:00:00",149.347348
"2024-01-11 17:00:00",129.2611288
"2024-01-11 18:00:00",131.4278454333
"2024-01-11 19:00:00",128.1540318333
"2024-01-11 20:00:00",124.4136505333
"2024-01-11 21:00:00",114.302171
"2024-01-11 22:00:00",113.3076035833
"2024-01-11 23:00:00",121.2687849184
"2024-01-12 00:00:00",
"2024-01-12 01:00:00",124.7279254348
"2024-01-12 02:00:00",124.6264916667
"2024-01-12 03:00:00",
"2024-01-12 04:00:00",112.643484
"2024-01-12 05:00:00",123.2958493667
"2024-01-12 06:00:00",133.4508641333
"2024-01-12 07:00:00",144.5103101667
"2024-01-12 08:00:00",133.5429515833
"2024-01-12 09:00:00",138.450055
"2024-01-12 10:00:00",140.3268106667
"2024-01-12 11:00:00",140.1014773333
"2024-01-12 12:00:00",138.4738115667
"2024-01-12 13:00:00",149.9345358333
"2024-01-12 14:00:00",143.7971875
"2024-01-12 15:00:00",142.8019665667
"2024-01-12 16:00:00",146.7964976667
"2024-01-12 17:00:00",144.3197595667
"2024-01-12 18:00:00",126.1271889167
"2024-01-12 19:00:00",120.6088505667
"2024-01-12 20:00:00",120.89395455
"2024-01-12 21:00:00",126.8164890167
"2024-01-12 22:00:00",119.3087304667
"2024-01-12 23:00:00",123.0754118936
"2024-01-13 00:00:00",109.535590098
"2024-01-13 01:00:00",111.4913608919
"2024-01-13 02:00:00",
"2024-01-13 03:00:00",114.0322072791
"2024-01-13 04:00:00",117.9475428667
"2024-01-13 05:00:00",120.21316795
"2024-01-13 06:00:00",130.8136519667
"2024-01-13 07:00:00",123.6681726333
"2024-01-13 08:00:00",120.6994897
"2024-01-13 09:00:00",134.6501809167
"2024-01-13 10:00:00",143.045741
"2024-01-13 11:00:00",143.8746684
"2024-01-13 12:00:00",142.6712913333
"2024-01-13 13:00:00",145.1126135833
"2024-01-13 14:00:00",141.9826565833
"2024-01-13 15:00:00",146.2656683333
"2024-01-13 16:00:00",131.5334517833
"2024-01-13 17:00:00",121.3391571667
"2024-01-13 18:00:00",136.71870655
"2024-01-13 19:00:00",128.8543536
"2024-01-13 20:00:00",132.19426265
"2024-01-13 21:00:00",127.6616383667
"2024-01-13 22:00:00",126.5092527021
"2024-01-13 23:00:00",115.8273683667
"2024-01-14 00:00:00",117.6692225614
"2024-01-14 01:00:00",118.175864
"2024-01-14 02:00:00",118.1635793478
"2024-01-14 03:00:00",105.9082429643
"2024-01-14 04:00:00",111.1742941892
"2024-01-14 05:00:00",113.7322724118
"2024-01-14 06:00:00",115.1410478
"2024-01-14 07:00:00",118.4156202373
"2024-01-14 08:00:00",123.5433569487
"2024-01-14 09:00:00",122.8658331167
"2024-01-14 10:00:00",126.27411595
"2024-01-14 11:00:00",133.5535405
"2024-01-14 12:00:00",129.7489812333
"2024-01-14 13:00:00",137.5041470667
"2024-01-14 14:00:00",144.2275686667
"2024-01-14 15:00:00",134.5265095833
"2024-01-14 16:00:00",132.3072082333
"2024-01-14 17:00:00",124.8032370167
"2024-01-14 18:00:00",118.50928795
"2024-01-14 19:00:00",126.2355095167
"2024-01-14 20:00:00",127.6585261228
"2024-01-14 21:00:00",130.6845689643
"2024-01-14 22:00:00",115.642395325
"2024-01-14 23:00:00",
"2024-01-15 00:00:00",
"2024-01-15 01:00:00",
"2024-01-15 02:00:00",
"2024-01-15 03:00:00",108.0381643333
"2024-01-15 04:00:00",118.2727440714
"2024-01-15 05:00:00",127.0010716
"2024-01-15 06:00:00",145.7353946667
"2024-01-15 07:00:00",149.932281
"2024-01-15 08:00:00",148.310838
"2024-01-15 09:00:00",140.0920059167
"2024-01-15 10:00:00",135.14194725
"2024-01-15 11:00:00",140.5050393333
"2024-01-15 12:00:00",139.3721301667
"2024-01-15 13:00:00",149.7893453333
"2024-01-15 14:00:00",146.4483681667
"2024-01-15 15:00:00",149.8557401667
"2024-01-15 16:00:00",155.7474983333
"2024-01-15 17:00:00",139.5832326667
"2024-01-15 18:00:00",132.4920329
"2024-01-15 19:00:00",130.7769829833
"2024-01-15 20:00:00",155.9359124833
"2024-01-15 21:00:00",128.89615506
"2024-01-15 22:00:00",130.098976069
"2024-01-15 23:00:00",125.3031422364
"2024-01-16 00:00:00",
"2024-01-16 01:00:00",
"2024-01-16 02:00:00",143.571976129
"2024-01-16 03:00:00",
"2024-01-16 04:00:00",131.6528923243
"2024-01-16 05:00:00",174.292358
"2024-01-16 06:00:00",240.9271731667
"2024-01-16 07:00:00",301.2457873333
"2024-01-16 08:00:00",229.7378148333
"2024-01-16 09:00:00",168.9327328333
"2024-01-16 10:00:00",153.1916158333
"2024-01-16 11:00:00",141.514064
"2024-01-16 12:00:00",139.7704871667
"2024-01-16 13:00:00",152.701247
"2024-01-16 14:00:00",140.3927558333
"2024-01-16 15:00:00",145.2022895
"2024-01-16 16:00:00",152.6786983333
"2024-01-16 17:00:00",128.6569024667
"2024-01-16 18:00:00",147.8815542333
"2024-01-16 19:00:00",134.7140086167
"2024-01-16 20:00:00",119.6716814167
"2024-01-16 21:00:00",128.0003213333
"2024-01-16 22:00:00",118.7835234615
"2024-01-16 23:00:00",124.8540301176
"2024-01-17 00:00:00",125.1500842727
"2024-01-17 01:00:00",121.9739535833
"2024-01-17 02:00:00",116.2718496923
"2024-01-17 03:00:00",110.5259245455
"2024-01-17 04:00:00",121.07449
"2024-01-17 05:00:00",127.6418981667
"2024-01-17 06:00:00",147.7890278333
"2024-01-17 07:00:00",144.9333358333
"2024-01-17 08:00:00",144.2700978333
"2024-01-17 09:00:00",140.1817631667
"2024-01-17 10:00:00",142.2873858333
"2024-01-17 11:00:00",136.6695411667
"2024-01-17 12:00:00",146.596085
"2024-01-17 13:00:00",144.897973
"2024-01-17 14:00:00",148.4163426667
"2024-01-17 15:00:00",149.3378378333
"2024-01-17 16:00:00",155.5287256667
"2024-01-17 17:00:00",128.5323136
"2024-01-17 18:00:00",127.4825840167
"2024-01-17 19:00:00",136.28474395
"2024-01-17 20:00:00",137.1271747667
"2024-01-17 21:00:00",120.358900037
"2024-01-17 22:00:00",128.7577283636
"2024-01-17 23:00:00",120.1214734865
"2024-01-18 00:00:00",113.8151447708
"2024-01-18 01:00:00",121.8317321389
"2024-01-18 02:00:00",141.9758086207
"2024-01-18 03:00:00",153.3628011765
"2024-01-18 04:00:00",135.6094350426
"2024-01-18 05:00:00",141.4794343333
"2024-01-18 06:00:00",149.8591435
"2024-01-18 07:00:00",150.2318218333
"2024-01-18 08:00:00",136.5139263333
"2024-01-18 09:00:00",138.9720234833
"2024-01-18 10:00:00",154.9931291667
"2024-01-18 11:00:00",142.9098323404
"2024-01-18 12:00:00",144.582605
"2024-01-18 13:00:00",141.9955595
"2024-01-18 14:00:00",143.6556736667
"2024-01-18 15:00:00",151.981705
"2024-01-18 16:00:00",164.0140846667
"2024-01-18 17:00:00",133.5821653167
"2024-01-18 18:00:00",128.8660076167
"2024-01-18 19:00:00",134.8263676
"2024-01-18 20:00:00",132.6396318644
"2024-01-18 21:00:00",127.45303995
"2024-01-18 22:00:00",127.71952265
"2024-01-18 23:00:00",130.7204262813
"2024-01-19 00:00:00",123.9782775882
"2024-01-19 01:00:00",
"2024-01-19 02:00:00",
"2024-01-19 03:00:00",109.6216426667
"2024-01-19 04:00:00",116.7929956591
"2024-01-19 05:00:00",127.0315681667
"2024-01-19 06:00:00",141.9263343333
"2024-01-19 07:00:00",141.4142355
"2024-01-19 08:00:00",138.9570185
"2024-01-19 09:00:00",149.5162255
"2024-01-19 10:00:00",153.3265801667
"2024-01-19 11:00:00",147.504756
"2024-01-19 12:00:00",150.5496493333
"2024-01-19 13:00:00",144.607391
"2024-01-19 14:00:00",149.7518041667
"2024-01-19 15:00:00",152.0051353333
"2024-01-19 16:00:00",141.0198422333
"2024-01-19 17:00:00",140.9936799333
"2024-01-19 18:00:00",135.6743159
"2024-01-19 19:00:00",126.2693108
"2024-01-19 20:00:00",119.6567315593
"2024-01-19 21:00:00",123.03003355
"2024-01-19 22:00:00",127.7062700333
"2024-01-19 23:00:00",125.7698232449
"2024-01-20 00:00:00",117.1057937586
"2024-01-20 01:00:00",124.715306
"2024-01-20 02:00:00",107.2173340606
"2024-01-20 03:00:00",115.7647603846
"2024-01-20 04:00:00",117.1366670263
"2024-01-20 05:00:00",115.8430023023
"2024-01-20 06:00:00",130.1814254333
"2024-01-20 07:00:00",125.2786395333
"2024-01-20 08:00:00",121.7825426167
"2024-01-20 09:00:00",131.0602377
"2024-01-20 10:00:00",149.2204793333
"2024-01-20 11:00:00",134.5569496
"2024-01-20 12:00:00",140.12178275
"2024-01-20 13:00:00",157.771081
"2024-01-20 14:00:00",139.3743188333
"2024-01-20 15:00:00",138.2127845
"2024-01-20 16:00:00",139.4001455167
"2024-01-20 17:00:00",121.5920461167
"2024-01-20 18:00:00",122.5893213833
"2024-01-20 19:00:00",125.2739654667
"2024-01-20 20:00:00",128.8539276333
"2024-01-20 21:00:00",122.33696508
"2024-01-20 22:00:00",115.4821366167
"2024-01-20 23:00:00",131.8340186333
"2024-01-21 00:00:00",134.2520412326
"2024-01-21 01:00:00",117.274979
"2024-01-21 02:00:00",113.4175050857
"2024-01-21 03:00:00",107.7542934706
"2024-01-21 04:00:00",120.3440246
"2024-01-21 05:00:00",122.3828445385
"2024-01-21 06:00:00",109.4523884483
"2024-01-21 07:00:00",114.30652
"2024-01-21 08:00:00",120.48254218
"2024-01-21 09:00:00",132.3836896981
"2024-01-21 10:00:00",132.1196335
"2024-01-21 11:00:00",145.1166360667
"2024-01-21 12:00:00",139.4056480167
"2024-01-21 13:00:00",135.1478705
"2024-01-21 14:00:00",138.78903785
"2024-01-21 15:00:00",132.88292445
"2024-01-21 16:00:00",134.4954657167
"2024-01-21 17:00:00",126.9585906833
"2024-01-21 18:00:00",127.6178220833
"2024-01-21 19:00:00",131.4012473
"2024-01-21 20:00:00",122.9928826333
"2024-01-21 21:00:00",123.2043375167
"2024-01-21 22:00:00",114.5835040893
"2024-01-21 23:00:00",120.6968670333
"2024-01-22 00:00:00",110.7118156
"2024-01-22 01:00:00",
"2024-01-22 02:00:00",
"2024-01-22 03:00:00",
"2024-01-22 04:00:00",120.8719197
"2024-01-22 05:00:00",127.2210641667
"2024-01-22 06:00:00",143.9036675833
"2024-01-22 07:00:00",139.6232898333
"2024-01-22 08:00:00",136.5191628167
"2024-01-22 09:00:00",136.9467143333
"2024-01-22 10:00:00",135.8065658333
"2024-01-22 11:00:00",136.5977956
"2024-01-22 12:00:00",136.3680432
"2024-01-22 13:00:00",141.7075057333
"2024-01-22 14:00:00",143.9867176667
"2024-01-22 15:00:00",145.734475
"2024-01-22 16:00:00",149.3368446667
"2024-01-22 17:00:00",127.9285423333
"2024-01-22 18:00:00",131.3774898167
"2024-01-22 19:00:00",124.6906745
"2024-01-22 20:00:00",123.5844009167
"2024-01-22 21:00:00",127.7715609833
"2024-01-22 22:00:00",130.4743472143
"2024-01-22 23:00:00",128.3844336364
"2024-01-23 00:00:00",118.937490931
"2024-01-23 01:00:00",132.4408620312
"2024-01-23 02:00:00",106.3201771429
"2024-01-23 03:00:00",114.8934351739
"2024-01-23 04:00:00",125.3704863659
"2024-01-23 05:00:00",137.4799202
"2024-01-23 06:00:00",140.5775985667
"2024-01-23 07:00:00",151.9359965
"2024-01-23 08:00:00",133.5197833333
"2024-01-23 09:00:00",140.4310693333
"2024-01-23 10:00:00",142.2489768333
"2024-01-23 11:00:00",136.9629873333
"2024-01-23 12:00:00",143.3154784
"2024-01-23 13:00:00",143.4701795
"2024-01-23 14:00:00",144.7398253333
"2024-01-23 15:00:00",144.8436281667
"2024-01-23 16:00:00",153.9317811667
"2024-01-23 17:00:00",133.6400985
"2024-01-23 18:00:00",124.6006815667
"2024-01-23 19:00:00",139.0243814167
"2024-01-23 20:00:00",131.6843978
"2024-01-23 21:00:00",120.64909475
"2024-01-23 22:00:00",117.5202502632
"2024-01-23 23:00:00",
"2024-01-24 00:00:00",123.5577096042
"2024-01-24 01:00:00",121.6236958966
"2024-01-24 02:00:00",
"2024-01-24 03:00:00",
"2024-01-24 04:00:00",116.5802246512
"2024-01-24 05:00:00",123.9114993167
"2024-01-24 06:00:00",139.2252393333
"2024-01-24 07:00:00",139.3419521667
"2024-01-24 08:00:00",136.8018101667
"2024-01-24 09:00:00",147.4508011667
"2024-01-24 10:00:00",146.7779345
"2024-01-24 11:00:00",142.618881
"2024-01-24 12:00:00",136.2545140333
"2024-01-24 13:00:00",148.7183575
"2024-01-24 14:00:00",146.0138908333
"2024-01-24 15:00:00",153.34463975
"2024-01-24 16:00:00",146.4097502667
"2024-01-24 17:00:00",132.2066397667
"2024-01-24 18:00:00",122.74917225
"2024-01-24 19:00:00",122.5201366667
"2024-01-24 20:00:00",121.1135528
"2024-01-24 21:00:00",112.1118032727
"2024-01-24 22:00:00",118.8851052333
"2024-01-24 23:00:00",144.7109759722
"2024-01-25 00:00:00",132.118005
"2024-01-25 01:00:00",
"2024-01-25 02:00:00",
"2024-01-25 03:00:00",116.6677412564
"2024-01-25 04:00:00",118.6098930667
"2024-01-25 05:00:00",128.46619695
"2024-01-25 06:00:00",136.8179293333
"2024-01-25 07:00:00",152.866963
"2024-01-25 08:00:00",145.4188226667
"2024-01-25 09:00:00",144.427893
"2024-01-25 10:00:00",144.4273673333
"2024-01-25 11:00:00",143.9770036667
"2024-01-25 12:00:00",144.6512036667
"2024-01-25 13:00:00",143.459532
"2024-01-25 14:00:00",145.5701299333
"2024-01-25 15:00:00",153.7033453333
"2024-01-25 16:00:00",150.1589965
"2024-01-25 17:00:00",142.7612768333
"2024-01-25 18:00:00",129.7973337167
"2024-01-25 19:00:00",125.1893618833
"2024-01-25 20:00:00",128.4898090833
"2024-01-25 21:00:00",126.6410314423
"2024-01-25 22:00:00",115.6092031579
"2024-01-25 23:00:00",117.0310534035
"2024-01-26 00:00:00",128.32957775
"2024-01-26 01:00:00",
"2024-01-26 02:00:00",109.1962788621
"2024-01-26 03:00:00",124.9879
"2024-01-26 04:00:00",117.9616291818
"2024-01-26 05:00:00",123.91972005
"2024-01-26 06:00:00",134.15021695
"2024-01-26 07:00:00",138.7373399167
"2024-01-26 08:00:00",137.5725957333
"2024-01-26 09:00:00",143.6839698333
"2024-01-26 10:00:00",137.61034075
"2024-01-26 11:00:00",143.5069493333
"2024-01-26 12:00:00",140.8510293333
"2024-01-26 13:00:00",144.1704118333
"2024-01-26 14:00:00",150.6751598333
"2024-01-26 15:00:00",155.0979855
"2024-01-26 16:00:00",156.2328366667
"2024-01-26 17:00:00",133.4424853667
"2024-01-26 18:00:00",128.3314699667
"2024-01-26 19:00:00",121.9794086596
"2024-01-26 20:00:00",121.75870065
"2024-01-26 21:00:00",123.16850705
"2024-01-26 22:00:00",119.8304043889
"2024-01-26 23:00:00",115.1399654643
"2024-01-27 00:00:00",126.6583525741
"2024-01-27 01:00:00",120.0395371034
"2024-01-27 02:00:00",
"2024-01-27 03:00:00",110.4546021304
"2024-01-27 04:00:00",117.7638606
"2024-01-27 05:00:00",
"2024-01-27 06:00:00",121.6773513571
"2024-01-27 07:00:00",123.6933360667
"2024-01-27 08:00:00",139.1520830667
"2024-01-27 09:00:00",137.8555096
"2024-01-27 10:00:00",145.7757288333
"2024-01-27 11:00:00",139.0408281667
"2024-01-27 12:00:00",142.0052431667
"2024-01-27 13:00:00",146.4969326667
"2024-01-27 14:00:00",157.793364
"2024-01-27 15:00:00",145.1449435
"2024-01-27 16:00:00",135.9144898333
"2024-01-27 17:00:00",125.9757887833
"2024-01-27 18:00:00",124.5394436552
"2024-01-27 19:00:00",119.8494125424
"2024-01-27 20:00:00",123.1862597333
"2024-01-27 21:00:00",118.5079168627
"2024-01-27 22:00:00",123.23587785
"2024-01-27 23:00:00",115.1116984667
"2024-01-28 00:00:00",125.3715539167
"2024-01-28 01:00:00",124.3073493333
"2024-01-28 02:00:00",
"2024-01-28 03:00:00",114.0840827895
"2024-01-28 04:00:00",114.4037371667
"2024-01-28 05:00:00",110.5672548627
"2024-01-28 06:00:00",105.4270755862
"2024-01-28 07:00:00",113.2737300426
"2024-01-28 08:00:00",131.648505
"2024-01-28 09:00:00",132.1567578833
"2024-01-28 10:00:00",132.7850761667
"2024-01-28 11:00:00",136.4900990667
"2024-01-28 12:00:00",144.2806466667
"2024-01-28 13:00:00",148.2772008333
"2024-01-28 14:00:00",150.4834133333
"2024-01-28 15:00:00",142.8798755
"2024-01-28 16:00:00",138.699577
"2024-01-28 17:00:00",129.0011974333
"2024-01-28 18:00:00",126.6188219333
"2024-01-28 19:00:00",112.4427768
"2024-01-28 20:00:00",111.6278712281
"2024-01-28 21:00:00",124.0219492963
"2024-01-28 22:00:00",114.7929899667
"2024-01-28 23:00:00",115.2008249474
"2024-01-29 00:00:00",109.3144646078
"2024-01-29 01:00:00",118.9240582222
"2024-01-29 02:00:00",
"2024-01-29 03:00:00",125.0137350345
"2024-01-29 04:00:00",123.2907347297
"2024-01-29 05:00:00",128.3219675833
"2024-01-29 06:00:00",142.3739457333
"2024-01-29 07:00:00",145.615225
"2024-01-29 08:00:00",133.9081101167
"2024-01-29 09:00:00",138.0568154167
"2024-01-29 10:00:00",147.5266318333
"2024-01-29 11:00:00",138.1191228333
"2024-01-29 12:00:00",138.7388343333
"2024-01-29 13:00:00",140.4722399333
"2024-01-29 14:00:00",150.8663721667
"2024-01-29 15:00:00",140.6191826667
"2024-01-29 16:00:00",137.2491196667
"2024-01-29 17:00:00",122.1781848833
"2024-01-29 18:00:00",122.4149854
"2024-01-29 19:00:00",125.1989555667
"2024-01-29 20:00:00",123.109079766
"2024-01-29 21:00:00",114.9429924
"2024-01-29 22:00:00",128.1077640196
"2024-01-29 23:00:00",
"2024-01-30 00:00:00",121.1462872083
"2024-01-30 01:00:00",123.5262112
"2024-01-30 02:00:00",
"2024-01-30 03:00:00",
"2024-01-30 04:00:00",117.7956716531
"2024-01-30 05:00:00",120.2169925333
"2024-01-30 06:00:00",137.7410653167
"2024-01-30 07:00:00",168.9656911667
"2024-01-30 08:00:00",155.3447128333
"2024-01-30 09:00:00",139.434335
"2024-01-30 10:00:00",149.6255121667
"2024-01-30 11:00:00",142.1774596667
"2024-01-30 12:00:00",136.8250056667
"2024-01-30 13:00:00",144.8878763333
"2024-01-30 14:00:00",153.7123311667
"2024-01-30 15:00:00",147.2495373333
"2024-01-30 16:00:00",154.4513743333
"2024-01-30 17:00:00",132.5199925
"2024-01-30 18:00:00",128.9485616
"2024-01-30 19:00:00",127.0995461667
"2024-01-30 20:00:00",122.2199101833
"2024-01-30 21:00:00",121.87809635
"2024-01-30 22:00:00",119.2795330847
"2024-01-30 23:00:00",128.7081120862
"2024-01-31 00:00:00",120.0160877778
"2024-01-31 01:00:00",121.5254432308
"2024-01-31 02:00:00",
"2024-01-31 03:00:00",
"2024-01-31 04:00:00",109.9457034483
"2024-01-31 05:00:00",129.38308295
"2024-01-31 06:00:00",137.27932025
"2024-01-31 07:00:00",141.7738698333
"2024-01-31 08:00:00",140.8108614333
"2024-01-31 09:00:00",153.0397703333
"2024-01-31 10:00:00",148.8428968333
"2024-01-31 11:00:00",146.921018
"2024-01-31 12:00:00",137.9147470167
"2024-01-31 13:00:00",157.5552891667
"2024-01-31 14:00:00",151.8187626667
"2024-01-31 15:00:00",142.6310271667
"2024-01-31 16:00:00",142.10510265
"2024-01-31 17:00:00",135.7903701167
"2024-01-31 18:00:00",133.3237288
"2024-01-31 19:00:00",123.77847515
"2024-01-31 20:00:00",121.21079025
"2024-01-31 21:00:00",120.5073705091
"2024-01-31 22:00:00",132.1580779333
"2024-01-31 23:00:00",136.6122085526
"2024-02-01 00:00:00",
"2024-02-01 01:00:00",
"2024-02-01 02:00:00",
"2024-02-01 03:00:00",
"2024-02-01 04:00:00",109.3436422453
"2024-02-01 05:00:00",131.0211668833
"2024-02-01 06:00:00",139.9685878167
"2024-02-01 07:00:00",149.6004188333
"2024-02-01 08:00:00",143.8978032203
"2024-02-01 09:00:00",147.7047365
"2024-02-01 10:00:00",143.9962351667
"2024-02-01 11:00:00",145.3404944333
"2024-02-01 12:00:00",149.1792135
"2024-02-01 13:00:00",153.5861196667
"2024-02-01 14:00:00",145.7860315
"2024-02-01 15:00:00",144.5476933333
"2024-02-01 16:00:00",154.2485050167
"2024-02-01 17:00:00",138.0437151667
"2024-02-01 18:00:00",129.4192876667
"2024-02-01 19:00:00",116.7902645167
"2024-02-01 20:00:00",124.9971653
"2024-02-01 21:00:00",119.9189828667
"2024-02-01 22:00:00",113.9280573833
"2024-02-01 23:00:00",130.1000225
"2024-02-02 00:00:00",
"2024-02-02 01:00:00",
"2024-02-02 02:00:00",
"2024-02-02 03:00:00",107.5409111176
"2024-02-02 04:00:00",114.6716739
"2024-02-02 05:00:00",116.8872100167
"2024-02-02 06:00:00",138.0114606
"2024-02-02 07:00:00",141.0786804667
"2024-02-02 08:00:00",136.66565675
"2024-02-02 09:00:00",138.0571823333
"2024-02-02 10:00:00",148.9973219333
"2024-02-02 11:00:00",154.29217
"2024-02-02 12:00:00",142.3444277
"2024-02-02 13:00:00",139.8849010833
"2024-02-02 14:00:00",151.6406071667
"2024-02-02 15:00:00",145.2084326
"2024-02-02 16:00:00",136.83519375
"2024-02-02 17:00:00",131.7317315
"2024-02-02 18:00:00",135.9019559
"2024-02-02 19:00:00",112.2060754
"2024-02-02 20:00:00",119.6617766333
"2024-02-02 21:00:00",113.3279464167
"2024-02-02 22:00:00",123.5789881167
"2024-02-02 23:00:00",104.7903195094
"2024-02-03 00:00:00",118.4727429833
"2024-02-03 01:00:00",113.1206130204
"2024-02-03 02:00:00",118.2932238462
"2024-02-03 03:00:00",120.4223927636
"2024-02-03 04:00:00",121.600038
"2024-02-03 05:00:00",112.9467761905
"2024-02-03 06:00:00",118.3264498
"2024-02-03 07:00:00",129.0096852667
"2024-02-03 08:00:00",127.8483442167
"2024-02-03 09:00:00",145.9666435
"2024-02-03 10:00:00",141.7926986667
"2024-02-03 11:00:00",144.5603575
"2024-02-03 12:00:00",148.5285313333
"2024-02-03 13:00:00",145.1225625
"2024-02-03 14:00:00",152.6357603333
"2024-02-03 15:00:00",137.2350671833
"2024-02-03 16:00:00",137.3451208333
"2024-02-03 17:00:00",127.8857534333
"2024-02-03 18:00:00",131.9604919667
"2024-02-03 19:00:00",125.8836100167
"2024-02-03 20:00:00",124.72881185
"2024-02-03 21:00:00",124.926164
"2024-02-03 22:00:00",122.99866255
"2024-02-03 23:00:00",122.7372125102
"2024-02-04 00:00:00",121.411307102
"2024-02-04 01:00:00",113.3126722162
"2024-02-04 02:00:00",156.2223521923
"2024-02-04 03:00:00",116.1439491154
"2024-02-04 04:00:00",117.7553255714
"2024-02-04 05:00:00",
"2024-02-04 06:00:00",110.497887
"2024-02-04 07:00:00",118.7179303654
"2024-02-04 08:00:00",124.65621755
"2024-02-04 09:00:00",131.9670864333
"2024-02-04 10:00:00",135.1657714667
"2024-02-04 11:00:00",134.7250545167
"2024-02-04 12:00:00",137.2187838333
"2024-02-04 13:00:00",146.0713623333
"2024-02-04 14:00:00",137.20119575
"2024-02-04 15:00:00",139.4830268833
"2024-02-04 16:00:00",128.5096449167
"2024-02-04 17:00:00",133.24409995
"2024-02-04 18:00:00",123.3949804667
"2024-02-04 19:00:00",122.4129535333
"2024-02-04 20:00:00",131.817017
"2024-02-04 21:00:00",131.6066011509
"2024-02-04 22:00:00",132.93241944
"2024-02-04 23:00:00",113.8520532143
"2024-02-05 00:00:00",113.2063545769
"2024-02-05 01:00:00",122.0868924
"2024-02-05 02:00:00",114.7185339545
"2024-02-05 03:00:00",114.9800133429
"2024-02-05 04:00:00",127.1218045417
"2024-02-05 05:00:00",122.1964559167
"2024-02-05 06:00:00",134.6627115333
"2024-02-05 07:00:00",149.3361223167
"2024-02-05 08:00:00",135.344803
"2024-02-05 09:00:00",145.8753365
"2024-02-05 10:00:00",134.21436165
"2024-02-05 11:00:00",136.23084275
"2024-02-05 12:00:00",145.6537619167
"2024-02-05 13:00:00",143.4500014167
"2024-02-05 14:00:00",137.396192
"2024-02-05 15:00:00",142.8662445
"2024-02-05 16:00:00",147.0096055
"2024-02-05 17:00:00",133.4818796
"2024-02-05 18:00:00",130.0920070167
"2024-02-05 19:00:00",119.7791908833
"2024-02-05 20:00:00",122.4969931702
"2024-02-05 21:00:00",110.3731538333
"2024-02-05 22:00:00",115.7555661111
"2024-02-05 23:00:00",119.3214055556
"2024-02-06 00:00:00",115.8778837
"2024-02-06 01:00:00",101.1691402727
"2024-02-06 02:00:00",113.6883870526
"2024-02-06 03:00:00",116.1680594286
"2024-02-06 04:00:00",112.9191109074
"2024-02-06 05:00:00",124.7089119667
"2024-02-06 06:00:00",143.6688005667
"2024-02-06 07:00:00",149.3817388333
"2024-02-06 08:00:00",129.1686938667
"2024-02-06 09:00:00",143.081691
"2024-02-06 10:00:00",136.5942583667
"2024-02-06 11:00:00",137.8400483167
"2024-02-06 12:00:00",141.0351557667
"2024-02-06 13:00:00",140.7475814
"2024-02-06 14:00:00",136.6374275833
"2024-02-06 15:00:00",147.1794991667
"2024-02-06 16:00:00",143.0709761667
"2024-02-06 17:00:00",133.0384592
"2024-02-06 18:00:00",136.342221
"2024-02-06 19:00:00",127.2615729667
"2024-02-06 20:00:00",115.5529589167
"2024-02-06 21:00:00",116.0078531667
"2024-02-06 22:00:00",115.1358599833
"2024-02-06 23:00:00",115.7004681714
"2024-02-07 00:00:00",121.5225323077
"2024-02-07 01:00:00",
"2024-02-07 02:00:00",
"2024-02-07 03:00:00",119.8448653889
"2024-02-07 04:00:00",120.6534552667
"2024-02-07 05:00:00",124.2448518
"2024-02-07 06:00:00",142.6031605
"2024-02-07 07:00:00",144.2591905
"2024-02-07 08:00:00",147.7907808333
"2024-02-07 09:00:00",150.59870085
"2024-02-07 10:00:00",150.569631
"2024-02-07 11:00:00",139.4410635
"2024-02-07 12:00:00",139.3254505
"2024-02-07 13:00:00",152.445946
"2024-02-07 14:00:00",142.2392626667
"2024-02-07 15:00:00",151.0439511667
"2024-02-07 16:00:00",141.2548220167
"2024-02-07 17:00:00",133.4221834
"2024-02-07 18:00:00",144.0456551667
"2024-02-07 19:00:00",127.4873313667
"2024-02-07 20:00:00",123.6119176833
"2024-02-07 21:00:00",117.3604246
"2024-02-07 22:00:00",120.5293140625
"2024-02-07 23:00:00",127.2396394167
"2024-02-08 00:00:00",122.8416360303
"2024-02-08 01:00:00",123.4636563793
"2024-02-08 02:00:00",128.1253843
"2024-02-08 03:00:00",116.1866581
"2024-02-08 04:00:00",112.5361449268
"2024-02-08 05:00:00",116.1885221667
"2024-02-08 06:00:00",143.2531732
"2024-02-08 07:00:00",149.8903433333
"2024-02-08 08:00:00",141.9218873333
"2024-02-08 09:00:00",147.7336386667
"2024-02-08 10:00:00",158.3396395
"2024-02-08 11:00:00",143.3564767667
"2024-02-08 12:00:00",139.0924151667
"2024-02-08 13:00:00",151.5113916667
"2024-02-08 14:00:00",141.98279985
"2024-02-08 15:00:00",149.7588291667
"2024-02-08 16:00:00",153.4521116667
"2024-02-08 17:00:00",130.5131176833
"2024-02-08 18:00:00",132.6124663167
"2024-02-08 19:00:00",131.3785368333
"2024-02-08 20:00:00",135.0606171167
"2024-02-08 21:00:00",129.5532693929
"2024-02-08 22:00:00",120.9979679545
"2024-02-08 23:00:00",121.77584835
"2024-02-09 00:00:00",
"2024-02-09 01:00:00",120.5651099118
"2024-02-09 02:00:00",133.7552481379
"2024-02-09 03:00:00",119.8884177069
"2024-02-09 04:00:00",127.3538799833
"2024-02-09 05:00:00",128.1317504167
"2024-02-09 06:00:00",134.1450971667
"2024-02-09 07:00:00",144.3694921667
"2024-02-09 08:00:00",147.2804709667
"2024-02-09 09:00:00",145.6179493333
"2024-02-09 10:00:00",142.1185945
"2024-02-09 11:00:00",142.9831199333
"2024-02-09 12:00:00",147.2840168333
"2024-02-09 13:00:00",157.0594308333
"2024-02-09 14:00:00",148.88261925
"2024-02-09 15:00:00",151.7853958333
"2024-02-09 16:00:00",144.2298143333
"2024-02-09 17:00:00",136.04802325
"2024-02-09 18:00:00",128.2583173
"2024-02-09 19:00:00",128.43541155
"2024-02-09 20:00:00",129.8972814833
"2024-02-09 21:00:00",122.4333514167
"2024-02-09 22:00:00",131.9706477833
"2024-02-09 23:00:00",118.4052666
"2024-02-10 00:00:00",115.0099242667
"2024-02-10 01:00:00",113.9249856167
"2024-02-10 02:00:00",120.8592491818
"2024-02-10 03:00:00",119.4143363529
"2024-02-10 04:00:00",113.9664704103
"2024-02-10 05:00:00",151.1729925
"2024-02-10 06:00:00",138.5107886167
"2024-02-10 07:00:00",128.1003842
"2024-02-10 08:00:00",128.77377835
"2024-02-10 09:00:00",132.9222235
"2024-02-10 10:00:00",141.8252984333
"2024-02-10 11:00:00",144.9816831667
"2024-02-10 12:00:00",158.1400445
"2024-02-10 13:00:00",147.5759405
"2024-02-10 14:00:00",153.3802073333
"2024-02-10 15:00:00",143.0101253333
"2024-02-10 16:00:00",137.5029289333
"2024-02-10 17:00:00",123.3398407
"2024-02-10 18:00:00",121.3559976167
"2024-02-10 19:00:00",125.1970741167
"2024-02-10 20:00:00",117.01530475
"2024-02-10 21:00:00",138.30884955
"2024-02-10 22:00:00",123.7503715333
"2024-02-10 23:00:00",132.7902796552
"2024-02-11 00:00:00",119.104743
"2024-02-11 01:00:00",120.7908257833
"2024-02-11 02:00:00",119.0821507
"2024-02-11 03:00:00",121.06715595
"2024-02-11 04:00:00",124.1503646667
"2024-02-11 05:00:00",122.6141841667
"2024-02-11 06:00:00",123.5513042222
"2024-02-11 07:00:00",117.2537231111
"2024-02-11 08:00:00",120.4586363396
"2024-02-11 09:00:00",132.0966271167
"2024-02-11 10:00:00",141.0132098333
"2024-02-11 11:00:00",138.7712433333
"2024-02-11 12:00:00",143.453001
"2024-02-11 13:00:00",147.4754437667
"2024-02-11 14:00:00",156.1134575
"2024-02-11 15:00:00",149.8148253333
"2024-02-11 16:00:00",131.9236828333
"2024-02-11 17:00:00",132.79661605
"2024-02-11 18:00:00",128.0429221333
"2024-02-11 19:00:00",123.95055965
"2024-02-11 20:00:00",118.1608766296
"2024-02-11 21:00:00",116.0913760227
"2024-02-11 22:00:00",114.8423741698
"2024-02-11 23:00:00",138.1603933548
"2024-02-12 00:00:00",
"2024-02-12 01:00:00",
"2024-02-12 02:00:00",108.6721059167
"2024-02-12 03:00:00",133.4812714082
"2024-02-12 04:00:00",124.0186771071
"2024-02-12 05:00:00",120.2382851167
"2024-02-12 06:00:00",136.6080818333
"2024-02-12 07:00:00",148.03993125
"2024-02-12 08:00:00",129.7135948667
"2024-02-12 09:00:00",141.6491853333
"2024-02-12 10:00:00",148.5232613333
"2024-02-12 11:00:00",142.5439194333
"2024-02-12 12:00:00",140.2744233333
"2024-02-12 13:00:00",145.4804738333
"2024-02-12 14:00:00",143.8739384167
"2024-02-12 15:00:00",145.5875878333
"2024-02-12 16:00:00",144.7796117333
"2024-02-12 17:00:00",131.5290575833
"2024-02-12 18:00:00",137.9837593333
"2024-02-12 19:00:00",122.7156183833
"2024-02-12 20:00:00",120.44351895
"2024-02-12 21:00:00",123.59431985
"2024-02-12 22:00:00",119.5247788222
"2024-02-12 23:00:00",127.7999516222
"2024-02-13 00:00:00",115.0134565
"2024-02-13 01:00:00",112.0478153929
"2024-02-13 02:00:00",111.1229940417
"2024-02-13 03:00:00",122.2998832
"2024-02-13 04:00:00",115.2614441786
"2024-02-13 05:00:00",126.7241464
"2024-02-13 06:00:00",146.8379388333
"2024-02-13 07:00:00",155.976257
"2024-02-13 08:00:00",141.8259766667
"2024-02-13 09:00:00",143.864275
"2024-02-13 10:00:00",156.1495975
"2024-02-13 11:00:00",136.7439101667
"2024-02-13 12:00:00",142.4757633333
"2024-02-13 13:00:00",152.6401463333
"2024-02-13 14:00:00",149.895925
"2024-02-13 15:00:00",151.5378878333
"2024-02-13 16:00:00",146.7088267667
"2024-02-13 17:00:00",132.4538435
"2024-02-13 18:00:00",133.6860638333
"2024-02-13 19:00:00",125.2958779833
"2024-02-13 20:00:00",123.92505755
"2024-02-13 21:00:00",128.7992494333
"2024-02-13 22:00:00",114.9308588929
"2024-02-13 23:00:00",119.8919956667
"2024-02-14 00:00:00",
"2024-02-14 01:00:00",
"2024-02-14 02:00:00",130.3542707857
"2024-02-14 03:00:00",
"2024-02-14 04:00:00",124.2812973684
"2024-02-14 05:00:00",120.0517967667
"2024-02-14 06:00:00",139.2776686
"2024-02-14 07:00:00",141.1469938333
"2024-02-14 08:00:00",137.3517458
"2024-02-14 09:00:00",137.3331168
"2024-02-14 10:00:00",158.5816536667
"2024-02-14 11:00:00",140.7575353333
"2024-02-14 12:00:00",151.2006663333
"2024-02-14 13:00:00",141.4306463167
"2024-02-14 14:00:00",142.4579766667
"2024-02-14 15:00:00",148.9344306667
"2024-02-14 16:00:00",147.3497278333
"2024-02-14 17:00:00",133.22226645
"2024-02-14 18:00:00",131.2651931667
"2024-02-14 19:00:00",133.1209258333
"2024-02-14 20:00:00",118.59494015
"2024-02-14 21:00:00",116.3271561667
"2024-02-14 22:00:00",119.5641807561
"2024-02-14 23:00:00",117.7731935385
"2024-02-15 00:00:00",127.6204729286
"2024-02-15 01:00:00",136.9493576923
"2024-02-15 02:00:00",
"2024-02-15 03:00:00",
"2024-02-15 04:00:00",112.7996932917
"2024-02-15 05:00:00",127.3127335667
"2024-02-15 06:00:00",156.762976
"2024-02-15 07:00:00",150.9156673333
"2024-02-15 08:00:00",151.2879803333
"2024-02-15 09:00:00",150.2240351667
"2024-02-15 10:00:00",145.3665028333
"2024-02-15 11:00:00",138.9067473333
"2024-02-15 12:00:00",146.6751718333
"2024-02-15 13:00:00",141.3497755
"2024-02-15 14:00:00",149.9877978333
"2024-02-15 15:00:00",149.2581163333
"2024-02-15 16:00:00",147.1171711667
"2024-02-15 17:00:00",137.4949422833
"2024-02-15 18:00:00",136.2875935333
"2024-02-15 19:00:00",124.82249725
"2024-02-15 20:00:00",117.1675832167
"2024-02-15 21:00:00",119.2845838667
"2024-02-15 22:00:00",130.1419369333
"2024-02-15 23:00:00",118.3526770426
"2024-02-16 00:00:00",117.7134087692
"2024-02-16 01:00:00",114.5321540909
"2024-02-16 02:00:00",117.8143475741
"2024-02-16 03:00:00",109.1791883333
"2024-02-16 04:00:00",121.8190640357
"2024-02-16 05:00:00",128.3610715167
"2024-02-16 06:00:00",135.7639733333
"2024-02-16 07:00:00",141.8465638333
"2024-02-16 08:00:00",138.4714777167
"2024-02-16 09:00:00",142.8029651667
"2024-02-16 10:00:00",143.7085821667
"2024-02-16 11:00:00",143.2946768333
"2024-02-16 12:00:00",146.2701176667
"2024-02-16 13:00:00",158.5109886667
"2024-02-16 14:00:00",182.2766696667
"2024-02-16 15:00:00",153.3557171667
"2024-02-16 16:00:00",141.7004746833
"2024-02-16 17:00:00",130.5928058167
"2024-02-16 18:00:00",132.228647
"2024-02-16 19:00:00",132.0120094561
"2024-02-16 20:00:00",125.3830706833
"2024-02-16 21:00:00",120.0532089667
"2024-02-16 22:00:00",123.05846146
"2024-02-16 23:00:00",138.5864864722
"2024-02-17 00:00:00",125.0547299184
"2024-02-17 01:00:00",126.5811038276
"2024-02-17 02:00:00",111.2796804762
"2024-02-17 03:00:00",114.1459673
"2024-02-17 04:00:00",118.8877613158
"2024-02-17 05:00:00",127.5932743696
"2024-02-17 06:00:00",113.9119007333
"2024-02-17 07:00:00",123.6388732167
"2024-02-17 08:00:00",122.6746910833
"2024-02-17 09:00:00",133.5092876833
"2024-02-17 10:00:00",158.5456755833
"2024-02-17 11:00:00",149.0750256667
"2024-02-17 12:00:00",143.4329396667
"2024-02-17 13:00:00",146.0933398333
"2024-02-17 14:00:00",147.8313546667
"2024-02-17 15:00:00",141.6844265
"2024-02-17 16:00:00",134.4142922833
"2024-02-17 17:00:00",126.88500665
"2024-02-17 18:00:00",128.5587946167
"2024-02-17 19:00:00",117.7211530667
"2024-02-17 20:00:00",123.8140249
"2024-02-17 21:00:00",136.4459524833
"2024-02-17 22:00:00",118.9076709667
"2024-02-17 23:00:00",111.5498071667
"2024-02-18 00:00:00",117.4936363235
"2024-02-18 01:00:00",131.870285875
"2024-02-18 02:00:00",116.9236573871
"2024-02-18 03:00:00",107.1913290625
"2024-02-18 04:00:00",110.5182174
"2024-02-18 05:00:00",119.2251629434
"2024-02-18 06:00:00",119.9218091224
"2024-02-18 07:00:00",124.1824967692
"2024-02-18 08:00:00",121.3737902833
"2024-02-18 09:00:00",133.3824427333
"2024-02-18 10:00:00",127.79457395
"2024-02-18 11:00:00",131.6150367833
"2024-02-18 12:00:00",128.4172073
"2024-02-18 13:00:00",136.3407125
"2024-02-18 14:00:00",130.5458859667
"2024-02-18 15:00:00",127.1189153333
"2024-02-18 16:00:00",121.7248762167
"2024-02-18 17:00:00",124.10554095
"2024-02-18 18:00:00",119.0095965167
"2024-02-18 19:00:00",120.0525871167
"2024-02-18 20:00:00",125.7861267667
"2024-02-18 21:00:00",128.0398917627
"2024-02-18 22:00:00",128.6778507833
"2024-02-18 23:00:00",
"2024-02-19 00:00:00",
"2024-02-19 01:00:00",
"2024-02-19 02:00:00",
"2024-02-19 03:00:00",
"2024-02-19 04:00:00",123.2054439394
"2024-02-19 05:00:00",125.3554604833
"2024-02-19 06:00:00",184.860036
"2024-02-19 07:00:00",172.7770416667
"2024-02-19 08:00:00",183.0706805
"2024-02-19 09:00:00",180.3333471667
"2024-02-19 10:00:00",181.1075248333
"2024-02-19 11:00:00",180.1871535
"2024-02-19 12:00:00",182.5387536667
"2024-02-19 13:00:00",189.8469866667
"2024-02-19 14:00:00",208.6543373333
"2024-02-19 15:00:00",209.999678
"2024-02-19 16:00:00",183.520008
"2024-02-19 17:00:00",157.260239
"2024-02-19 18:00:00",170.0560658333
"2024-02-19 19:00:00",152.8238366667
"2024-02-19 20:00:00",142.7525301667
"2024-02-19 21:00:00",132.1973642553
"2024-02-19 22:00:00",130.0816521132
"2024-02-19 23:00:00",
"2024-02-20 00:00:00",
"2024-02-20 01:00:00",
"2024-02-20 02:00:00",128.447445
"2024-02-20 03:00:00",122.6532195385
"2024-02-20 04:00:00",133.2706268182
"2024-02-20 05:00:00",151.4058795
"2024-02-20 06:00:00",228.1752028333
"2024-02-20 07:00:00",268.4470235
"2024-02-20 08:00:00",216.5794991667
"2024-02-20 09:00:00",336.3406733333
"2024-02-20 10:00:00",482.8326618333
"2024-02-20 11:00:00",390.5283848333
"2024-02-20 12:00:00",270.007376
"2024-02-20 13:00:00",259.3325146667
"2024-02-20 14:00:00",303.6974138333
"2024-02-20 15:00:00",246.7108686667
"2024-02-20 16:00:00",254.4262361667
"2024-02-20 17:00:00",171.9049763333
"2024-02-20 18:00:00",151.6800230667
"2024-02-20 19:00:00",169.5297873333
"2024-02-20 20:00:00",156.8773913333
"2024-02-20 21:00:00",134.5083821429
"2024-02-20 22:00:00",147.7500714286
"2024-02-20 23:00:00",144.185074375
"2024-02-21 00:00:00",
"2024-02-21 01:00:00",149.234066
"2024-02-21 02:00:00",137.5278328
"2024-02-21 03:00:00",121.7987034138
"2024-02-21 04:00:00",140.2939427273
"2024-02-21 05:00:00",163.8433945
"2024-02-21 06:00:00",193.8273321667
"2024-02-21 07:00:00",207.1293931667
"2024-02-21 08:00:00",199.850551
"2024-02-21 09:00:00",213.9191873333
"2024-02-21 10:00:00",194.2007346667
"2024-02-21 11:00:00",246.1729445
"2024-02-21 12:00:00",276.1608593333
"2024-02-21 13:00:00",310.7263576667
"2024-02-21 14:00:00",256.0081851667
"2024-02-21 15:00:00",237.012475
"2024-02-21 16:00:00",198.0114938333
"2024-02-21 17:00:00",171.6818221667
"2024-02-21 18:00:00",159.1380798333
"2024-02-21 19:00:00",162.0568385
"2024-02-21 20:00:00",158.8054578333
"2024-02-21 21:00:00",140.07374195
"2024-02-21 22:00:00",132.2433808814
"2024-02-21 23:00:00",152.5421441667
"2024-02-22 00:00:00",130.4059852222
"2024-02-22 01:00:00",123.40109
"2024-02-22 02:00:00",111.596893
"2024-02-22 03:00:00",119.0912760526
"2024-02-22 04:00:00",163.9587657143
"2024-02-22 05:00:00",150.2334212833
"2024-02-22 06:00:00",194.5877386667
"2024-02-22 07:00:00",187.477032
"2024-02-22 08:00:00",190.1648611667
"2024-02-22 09:00:00",185.7218226667
"2024-02-22 10:00:00",175.4230875
"2024-02-22 11:00:00",143.6945225
"2024-02-22 12:00:00",180.5653945667
"2024-02-22 13:00:00",150.8265178333
"2024-02-22 14:00:00",148.2279815
"2024-02-22 15:00:00",136.8398165
"2024-02-22 16:00:00",142.7584735167
"2024-02-22 17:00:00",134.8894435167
"2024-02-22 18:00:00",132.5596344333
"2024-02-22 19:00:00",127.0953305333
"2024-02-22 20:00:00",124.0304165172
"2024-02-22 21:00:00",118.9575981333
"2024-02-22 22:00:00",119.6356434
"2024-02-22 23:00:00",124.7156673333
"2024-02-23 00:00:00",112.9930072368
"2024-02-23 01:00:00",118.7571446
"2024-02-23 02:00:00",
"2024-02-23 03:00:00",113.742660675
"2024-02-23 04:00:00",116.6864308542
"2024-02-23 05:00:00",127.8970050833
"2024-02-23 06:00:00",123.1548094833
"2024-02-23 07:00:00",137.6211912
"2024-02-23 08:00:00",135.6197070333
"2024-02-23 09:00:00",137.9572388333
"2024-02-23 10:00:00",142.5149294333
"2024-02-23 11:00:00",149.1315161667
"2024-02-23 12:00:00",142.5227028333
"2024-02-23 13:00:00",146.4848943333
"2024-02-23 14:00:00",152.2314661667
"2024-02-23 15:00:00",148.250821
"2024-02-23 16:00:00",135.2343492
"2024-02-23 17:00:00",133.2473376167
"2024-02-23 18:00:00",119.4156214333
"2024-02-23 19:00:00",126.1754688167
"2024-02-23 20:00:00",121.1627156333
"2024-02-23 21:00:00",121.1523962833
"2024-02-23 22:00:00",121.0595337833
"2024-02-23 23:00:00",116.3546521765
"2024-02-24 00:00:00",117.7744422167
"2024-02-24 01:00:00",119.3096694375
"2024-02-24 02:00:00",108.8416614
"2024-02-24 03:00:00",124.5493778431
"2024-02-24 04:00:00",116.0552985
"2024-02-24 05:00:00",114.1600598571
"2024-02-24 06:00:00",116.8896054138
"2024-02-24 07:00:00",120.0768246
"2024-02-24 08:00:00",125.1592122167
"2024-02-24 09:00:00",138.9482338167
"2024-02-24 10:00:00",138.948567
"2024-02-24 11:00:00",142.7276601667
"2024-02-24 12:00:00",145.0542901667
"2024-02-24 13:00:00",156.530781
"2024-02-24 14:00:00",136.3215326
"2024-02-24 15:00:00",130.73046825
"2024-02-24 16:00:00",136.6462573
"2024-02-24 17:00:00",127.0766999167
"2024-02-24 18:00:00",127.5527670167
"2024-02-24 19:00:00",125.6654786667
"2024-02-24 20:00:00",123.4278991
"2024-02-24 21:00:00",121.2090031167
"2024-02-24 22:00:00",126.6708642333
"2024-02-24 23:00:00",117.8122639434
"2024-02-25 00:00:00",118.5105269783
"2024-02-25 01:00:00",119.985478
"2024-02-25 02:00:00",123.16942436
"2024-02-25 03:00:00",119.3835312273
"2024-02-25 04:00:00",116.1642751842
"2024-02-25 05:00:00",116.7950492105
"2024-02-25 06:00:00",122.1320201818
"2024-02-25 07:00:00",108.9191119362
"2024-02-25 08:00:00",121.4203962759
"2024-02-25 09:00:00",121.7544869333
"2024-02-25 10:00:00",129.06753455
"2024-02-25 11:00:00",143.3829198333
"2024-02-25 12:00:00",140.3624085833
"2024-02-25 13:00:00",146.7219066667
"2024-02-25 14:00:00",142.5316855
"2024-02-25 15:00:00",144.8158136667
"2024-02-25 16:00:00",139.72454525
"2024-02-25 17:00:00",125.4856919333
"2024-02-25 18:00:00",127.07162965
"2024-02-25 19:00:00",126.1858879167
"2024-02-25 20:00:00",121.63827225
"2024-02-25 21:00:00",127.4842973833
"2024-02-25 22:00:00",120.0355554333
"2024-02-25 23:00:00",157.9928702963
"2024-02-26 00:00:00",178.3431946667
"2024-02-26 01:00:00",
"2024-02-26 02:00:00",
"2024-02-26 03:00:00",108.0992806667
"2024-02-26 04:00:00",119.9624878857
"2024-02-26 05:00:00",127.1191341667
"2024-02-26 06:00:00",139.525276
"2024-02-26 07:00:00",142.7594623333
"2024-02-26 08:00:00",130.8748558167
"2024-02-26 09:00:00",137.8742155167
"2024-02-26 10:00:00",141.4226140167
"2024-02-26 11:00:00",142.2470519333
"2024-02-26 12:00:00",142.005546
"2024-02-26 13:00:00",139.4589691667
"2024-02-26 14:00:00",142.2768456667
"2024-02-26 15:00:00",151.6754018333
"2024-02-26 16:00:00",143.827957
"2024-02-26 17:00:00",128.1435531167
"2024-02-26 18:00:00",140.4346241667
"2024-02-26 19:00:00",124.9401930167
"2024-02-26 20:00:00",117.2366463167
"2024-02-26 21:00:00",115.7091980847
"2024-02-26 22:00:00",113.889107
"2024-02-26 23:00:00",128.0794940303
"2024-02-27 00:00:00",
"2024-02-27 01:00:00",
"2024-02-27 02:00:00",131.4159175238
"2024-02-27 03:00:00",121.5500768
"2024-02-27 04:00:00",118.7011961905
"2024-02-27 05:00:00",125.6693958667
"2024-02-27 06:00:00",128.6932898667
"2024-02-27 07:00:00",147.9052836667
"2024-02-27 08:00:00",140.0488911667
"2024-02-27 09:00:00",138.2021382333
"2024-02-27 10:00:00",144.6837976667
"2024-02-27 11:00:00",143.2044473333
"2024-02-27 12:00:00",142.3855675
"2024-02-27 13:00:00",162.9217478333
"2024-02-27 14:00:00",144.102402
"2024-02-27 15:00:00",146.7493446667
"2024-02-27 16:00:00",141.0321548333
"2024-02-27 17:00:00",129.7504436833
"2024-02-27 18:00:00",139.9283961667
"2024-02-27 19:00:00",121.79871635
"2024-02-27 20:00:00",114.6724520333
"2024-02-27 21:00:00",124.3623971667
"2024-02-27 22:00:00",126.2107598833
"2024-02-27 23:00:00",120.9696882963
"2024-02-28 00:00:00",
"2024-02-28 01:00:00",109.0219035667
"2024-02-28 02:00:00",
"2024-02-28 03:00:00",110.2965901
"2024-02-28 04:00:00",109.0701982045
"2024-02-28 05:00:00",121.2404359667
"2024-02-28 06:00:00",133.8692755167
"2024-02-28 07:00:00",142.3025556667
"2024-02-28 08:00:00",136.9096628333
"2024-02-28 09:00:00",146.8399728333
"2024-02-28 10:00:00",141.2588051667
"2024-02-28 11:00:00",140.6776633667
"2024-02-28 12:00:00",137.03608875
"2024-02-28 13:00:00",146.1984343333
"2024-02-28 14:00:00",148.5357848333
"2024-02-28 15:00:00",152.1481221667
"2024-02-28 16:00:00",147.4081821667
"2024-02-28 17:00:00",124.55796205
"2024-02-28 18:00:00",138.26112565
"2024-02-28 19:00:00",130.2212953333
"2024-02-28 20:00:00",119.7034788
"2024-02-28 21:00:00",118.3083575
"2024-02-28 22:00:00",125.1076090667
"2024-02-28 23:00:00",
"2024-02-29 00:00:00",123.7167083333
"2024-02-29 01:00:00",121.3314909231
"2024-02-29 02:00:00",141.4160352439
"2024-02-29 03:00:00",124.8792265
"2024-02-29 04:00:00",114.365803963
"2024-02-29 05:00:00",122.57017775
"2024-02-29 06:00:00",147.3998849333
"2024-02-29 07:00:00",162.8487648333
"2024-02-29 08:00:00",151.6512338333
"2024-02-29 09:00:00",149.6318153333
"2024-02-29 10:00:00",140.0186036667
"2024-02-29 11:00:00",150.8235225
"2024-02-29 12:00:00",150.4797608333
"2024-02-29 13:00:00",152.6225291667
"2024-02-29 14:00:00",150.5952416667
"2024-02-29 15:00:00",155.8693371667
"2024-02-29 16:00:00",141.3119506667
"2024-02-29 17:00:00",135.0473458167
"2024-02-29 18:00:00",132.4373438667
"2024-02-29 19:00:00",126.0465313667
"2024-02-29 20:00:00",123.5705522333
"2024-02-29 21:00:00",123.2170109333
"2024-02-29 22:00:00",121.5170804118
"2024-02-29 23:00:00",117.3676867556
"2024-03-01 00:00:00",
"2024-03-01 01:00:00",
"2024-03-01 02:00:00",113.682738
"2024-03-01 03:00:00",
"2024-03-01 04:00:00",116.5618796275
"2024-03-01 05:00:00",119.1842795667
"2024-03-01 06:00:00",132.0624384167
"2024-03-01 07:00:00",142.9981023333
"2024-03-01 08:00:00",134.8339776833
"2024-03-01 09:00:00",167.5370451667
"2024-03-01 10:00:00",147.9135845
"2024-03-01 11:00:00",139.7394218333
"2024-03-01 12:00:00",149.925643
"2024-03-01 13:00:00",145.4176848333
"2024-03-01 14:00:00",148.711759
"2024-03-01 15:00:00",141.9407655
"2024-03-01 16:00:00",142.663166
"2024-03-01 17:00:00",139.2841471833
"2024-03-01 18:00:00",127.8472348667
"2024-03-01 19:00:00",130.41399485
"2024-03-01 20:00:00",120.0711175167
"2024-03-01 21:00:00",129.1394621833
"2024-03-01 22:00:00",122.8701662667
"2024-03-01 23:00:00",123.0870881
"2024-03-02 00:00:00",119.517169
"2024-03-02 01:00:00",114.7664126562
"2024-03-02 02:00:00",109.8177227647
"2024-03-02 03:00:00",113.8093046596
"2024-03-02 04:00:00",119.0306024828
"2024-03-02 05:00:00",118.33224864
"2024-03-02 06:00:00",118.7032921346
"2024-03-02 07:00:00",119.0094114333
"2024-03-02 08:00:00",128.1881223167
"2024-03-02 09:00:00",134.9676864167
"2024-03-02 10:00:00",145.3951558333
"2024-03-02 11:00:00",153.6982726667
"2024-03-02 12:00:00",150.903552
"2024-03-02 13:00:00",151.9332508333
"2024-03-02 14:00:00",150.2836351667
"2024-03-02 15:00:00",136.2427699333
"2024-03-02 16:00:00",149.0472021667
"2024-03-02 17:00:00",137.76941865
"2024-03-02 18:00:00",126.5029098
"2024-03-02 19:00:00",126.4305093333
"2024-03-02 20:00:00",114.6167123333
"2024-03-02 21:00:00",124.20309325
"2024-03-02 22:00:00",124.7885706
"2024-03-02 23:00:00",126.98625005
"2024-03-03 00:00:00",115.2736634167
"2024-03-03 01:00:00",119.0977787021
"2024-03-03 02:00:00",109.128367
"2024-03-03 03:00:00",126.5518551875
"2024-03-03 04:00:00",126.0896684444
"2024-03-03 05:00:00",125.598634025
"2024-03-03 06:00:00",113.1262963235
"2024-03-03 07:00:00",112.00364935
"2024-03-03 08:00:00",123.9883578833
"2024-03-03 09:00:00",131.2860818
"2024-03-03 10:00:00",130.7917242
"2024-03-03 11:00:00",141.7321768333
"2024-03-03 12:00:00",149.4543856667
"2024-03-03 13:00:00",153.8635776667
"2024-03-03 14:00:00",143.641687
"2024-03-03 15:00:00",143.8129991667
"2024-03-03 16:00:00",137.3495844333
"2024-03-03 17:00:00",129.5314338333
"2024-03-03 18:00:00",123.4728474167
"2024-03-03 19:00:00",124.4984541833
"2024-03-03 20:00:00",121.0417418833
"2024-03-03 21:00:00",125.74517225
"2024-03-03 22:00:00",129.7858658
"2024-03-03 23:00:00",121.6476325319
"2024-03-04 00:00:00",124.989033
"2024-03-04 01:00:00",
"2024-03-04 02:00:00",107.8048545
"2024-03-04 03:00:00",119.6854285385
"2024-03-04 04:00:00",117.4375156833
"2024-03-04 05:00:00",121.2361270333
"2024-03-04 06:00:00",139.39372875
"2024-03-04 07:00:00",145.1996342373
"2024-03-04 08:00:00",142.8512058333
"2024-03-04 09:00:00",139.414388
"2024-03-04 10:00:00",142.9852563333
"2024-03-04 11:00:00",135.8876809333
"2024-03-04 12:00:00",141.4595754833
"2024-03-04 13:00:00",144.1512445
"2024-03-04 14:00:00",153.265346
"2024-03-04 15:00:00",139.4865674138
"2024-03-04 16:00:00",144.2030111864
"2024-03-04 17:00:00",126.3124690833
"2024-03-04 18:00:00",123.1890368364
"2024-03-04 19:00:00",128.5851509833
"2024-03-04 20:00:00",114.0918783571
"2024-03-04 21:00:00",125.4091318667
"2024-03-04 22:00:00",113.5192919833
"2024-03-04 23:00:00",114.0427235263
"2024-03-05 00:00:00",110.3522412333
"2024-03-05 01:00:00",
"2024-03-05 02:00:00",
"2024-03-05 03:00:00",
"2024-03-05 04:00:00",128.5056761818
"2024-03-05 05:00:00",125.8895219167
"2024-03-05 06:00:00",137.5389950167
"2024-03-05 07:00:00",146.6305726833
"2024-03-05 08:00:00",141.662651
"2024-03-05 09:00:00",141.1756697333
"2024-03-05 10:00:00",149.4490859322
"2024-03-05 11:00:00",147.7426076667
"2024-03-05 12:00:00",146.3124903333
"2024-03-05 13:00:00",148.6738168333
"2024-03-05 14:00:00",137.5166729492
"2024-03-05 15:00:00",153.8760788333
"2024-03-05 16:00:00",144.7823691228
"2024-03-05 17:00:00",137.4610235667
"2024-03-05 18:00:00",131.2613857167
"2024-03-05 19:00:00",125.4262914
"2024-03-05 20:00:00",126.0648820833
"2024-03-05 21:00:00",113.9686677167
"2024-03-05 22:00:00",115.6124817288
"2024-03-05 23:00:00",117.5779080167
"2024-03-06 00:00:00",133.0339404516
"2024-03-06 01:00:00",
"2024-03-06 02:00:00",114.7534918
"2024-03-06 03:00:00",109.7761054545
"2024-03-06 04:00:00",114.1463664667
"2024-03-06 05:00:00",117.7953988333
"2024-03-06 06:00:00",135.3316565667
"2024-03-06 07:00:00",144.0002636667
"2024-03-06 08:00:00",144.6629921667
"2024-03-06 09:00:00",146.4589146667
"2024-03-06 10:00:00",140.8518689333
"2024-03-06 11:00:00",136.8332744333
"2024-03-06 12:00:00",156.7664376833
"2024-03-06 13:00:00",165.6708558333
"2024-03-06 14:00:00",154.2150688333
"2024-03-06 15:00:00",152.8010906897
"2024-03-06 16:00:00",141.2611578947
"2024-03-06 17:00:00",129.7838447667
"2024-03-06 18:00:00",131.9870049667
"2024-03-06 19:00:00",130.9688370167
"2024-03-06 20:00:00",123.55818745
"2024-03-06 21:00:00",119.8750076
"2024-03-06 22:00:00",125.5783665
"2024-03-06 23:00:00",121.0130264516
"2024-03-07 00:00:00",150.9156904167
"2024-03-07 01:00:00",129.704217
"2024-03-07 02:00:00",
"2024-03-07 03:00:00",
"2024-03-07 04:00:00",132.484473186
"2024-03-07 05:00:00",127.6464725667
"2024-03-07 06:00:00",141.413793
"2024-03-07 07:00:00",155.6563748333
"2024-03-07 08:00:00",139.4832861
"2024-03-07 09:00:00",145.4844788333
"2024-03-07 10:00:00",153.1729115
"2024-03-07 11:00:00",144.585475
"2024-03-07 12:00:00",148.4141585
"2024-03-07 13:00:00",145.6688593333
"2024-03-07 14:00:00",147.9758863333
"2024-03-07 15:00:00",150.2877469492
"2024-03-07 16:00:00",147.6799055965
"2024-03-07 17:00:00",127.7715031833
"2024-03-07 18:00:00",122.238808
"2024-03-07 19:00:00",125.4874930833
"2024-03-07 20:00:00",121.4613780833
"2024-03-07 21:00:00",117.1495565833
"2024-03-07 22:00:00",131.1191967
"2024-03-07 23:00:00",126.6788666167
"2024-03-08 00:00:00",126.3562062
"2024-03-08 01:00:00",
"2024-03-08 02:00:00",121.26890755
"2024-03-08 03:00:00",127.3358741961
"2024-03-08 04:00:00",125.5215841961
"2024-03-08 05:00:00",120.6862196167
"2024-03-08 06:00:00",135.9763951667
"2024-03-08 07:00:00",143.3548475
"2024-03-08 08:00:00",139.0417255
"2024-03-08 09:00:00",139.95276
"2024-03-08 10:00:00",141.4596316667
"2024-03-08 11:00:00",142.2725936667
"2024-03-08 12:00:00",145.8088783333
"2024-03-08 13:00:00",159.0011388333
"2024-03-08 14:00:00",148.7468891525
"2024-03-08 15:00:00",150.1940738333
"2024-03-08 16:00:00",146.1388610833
"2024-03-08 17:00:00",138.3478699333
"2024-03-08 18:00:00",128.69825065
"2024-03-08 19:00:00",123.3327635
"2024-03-08 20:00:00",134.0827093667
"2024-03-08 21:00:00",121.6493313333
"2024-03-08 22:00:00",117.7992597931
"2024-03-08 23:00:00",120.7981589483
"2024-03-09 00:00:00",123.0870169
"2024-03-09 01:00:00",129.8594399231
"2024-03-09 02:00:00",117.3217790577
"2024-03-09 03:00:00",106.916410525
"2024-03-09 04:00:00",125.8807793871
"2024-03-09 05:00:00",119.9219265763
"2024-03-09 06:00:00",115.8413483111
"2024-03-09 07:00:00",124.01707045
"2024-03-09 08:00:00",124.5839643333
"2024-03-09 09:00:00",140.1281271
"2024-03-09 10:00:00",146.2138423333
"2024-03-09 11:00:00",145.8856866667
"2024-03-09 12:00:00",163.264427
"2024-03-09 13:00:00",149.653691
"2024-03-09 14:00:00",151.8657011667
"2024-03-09 15:00:00",147.3364551667
"2024-03-09 16:00:00",142.0469306667
"2024-03-09 17:00:00",135.0382417833
"2024-03-09 18:00:00",125.0148266667
"2024-03-09 19:00:00",130.1807147167
"2024-03-09 20:00:00",123.5589082167
"2024-03-09 21:00:00",125.7469251333
"2024-03-09 22:00:00",116.9663652833
"2024-03-09 23:00:00",109.5311597167
"2024-03-10 00:00:00",125.45444545
"2024-03-10 01:00:00",119.0164726786
"2024-03-10 02:00:00",114.2614221667
"2024-03-10 03:00:00",108.95034634
"2024-03-10 04:00:00",118.6026982045
"2024-03-10 05:00:00",118.762494
"2024-03-10 06:00:00",124.7528369167
"2024-03-10 07:00:00",123.4917793704
"2024-03-10 08:00:00",121.4073050167
"2024-03-10 09:00:00",127.75640965
"2024-03-10 10:00:00",137.9450258333
"2024-03-10 11:00:00",154.2684023333
"2024-03-10 12:00:00",143.274318
"2024-03-10 13:00:00",142.704337
"2024-03-10 14:00:00",157.8130501667
"2024-03-10 15:00:00",141.1564696667
"2024-03-10 16:00:00",139.8689367167
"2024-03-10 17:00:00",128.50997505
"2024-03-10 18:00:00",131.97790285
"2024-03-10 19:00:00",119.9922027167
"2024-03-10 20:00:00",122.2425364138
"2024-03-10 21:00:00",121.0356803514
"2024-03-10 22:00:00",113.1401647111
"2024-03-10 23:00:00",125.0260285676
"2024-03-11 00:00:00",
"2024-03-11 01:00:00",
"2024-03-11 02:00:00",
"2024-03-11 03:00:00",
"2024-03-11 04:00:00",125.6447090286
"2024-03-11 05:00:00",122.9939847167
"2024-03-11 06:00:00",138.6569841
"2024-03-11 07:00:00",141.7371726667
"2024-03-11 08:00:00",147.4107476667
"2024-03-11 09:00:00",154.4988431667
"2024-03-11 10:00:00",138.0610011667
"2024-03-11 11:00:00",135.799715
"2024-03-11 12:00:00",155.5054225
"2024-03-11 13:00:00",146.995832
"2024-03-11 14:00:00",149.7550531667
"2024-03-11 15:00:00",141.2641927333
"2024-03-11 16:00:00",147.6663511864
"2024-03-11 17:00:00",128.0293792833
"2024-03-11 18:00:00",126.8672031833
"2024-03-11 19:00:00",120.68683745
"2024-03-11 20:00:00",117.2713769167
"2024-03-11 21:00:00",125.36290005
"2024-03-11 22:00:00",121.3260129286
"2024-03-11 23:00:00",119.0969095556
"2024-03-12 00:00:00",103.7276097931
"2024-03-12 01:00:00",
"2024-03-12 02:00:00",
"2024-03-12 03:00:00",114.2884698611
"2024-03-12 04:00:00",118.99947465
"2024-03-12 05:00:00",123.16532535
"2024-03-12 06:00:00",137.69559075
"2024-03-12 07:00:00",180.4429146667
"2024-03-12 08:00:00",143.7357063333
"2024-03-12 09:00:00",144.4515111667
"2024-03-12 10:00:00",148.0064028333
"2024-03-12 11:00:00",140.2107866667
"2024-03-12 12:00:00",156.118118
"2024-03-12 13:00:00",148.9406543333
"2024-03-12 14:00:00",146.657329
"2024-03-12 15:00:00",149.2929360345
"2024-03-12 16:00:00",139.8886455172
"2024-03-12 17:00:00",136.8012867333
"2024-03-12 18:00:00",132.35135525
"2024-03-12 19:00:00",133.6758352167
"2024-03-12 20:00:00",124.5252949667
"2024-03-12 21:00:00",118.6385230943
"2024-03-12 22:00:00",126.7894630333
"2024-03-12 23:00:00",117.9421197222
"2024-03-13 00:00:00",
"2024-03-13 01:00:00",
"2024-03-13 02:00:00",126.8857653103
"2024-03-13 03:00:00",
"2024-03-13 04:00:00",106.2507237544
"2024-03-13 05:00:00",134.57547445
"2024-03-13 06:00:00",141.2533291833
"2024-03-13 07:00:00",149.5439055
"2024-03-13 08:00:00",150.3029616667
"2024-03-13 09:00:00",144.8354648333
"2024-03-13 10:00:00",145.5754771833
"2024-03-13 11:00:00",149.4733355
"2024-03-13 12:00:00",152.3759763333
"2024-03-13 13:00:00",150.9912548333
"2024-03-13 14:00:00",154.502248
"2024-03-13 15:00:00",160.7330747458
"2024-03-13 16:00:00",143.5125840351
"2024-03-13 17:00:00",129.3966264333
"2024-03-13 18:00:00",124.7471695
"2024-03-13 19:00:00",125.0327911667
"2024-03-13 20:00:00",126.2477537667
"2024-03-13 21:00:00",121.90318975
"2024-03-13 22:00:00",117.34253615
"2024-03-13 23:00:00",122.6240515278
"2024-03-14 00:00:00",
"2024-03-14 01:00:00",
"2024-03-14 02:00:00",
"2024-03-14 03:00:00",104.598129
"2024-03-14 04:00:00",123.9275630196
"2024-03-14 05:00:00",123.3282818833
"2024-03-14 06:00:00",137.9169068333
"2024-03-14 07:00:00",145.352005
"2024-03-14 08:00:00",138.5422748333
"2024-03-14 09:00:00",145.921853
"2024-03-14 10:00:00",146.210186
"2024-03-14 11:00:00",151.0783133333
"2024-03-14 12:00:00",150.0540116667
"2024-03-14 13:00:00",166.6657568333
"2024-03-14 14:00:00",159.0289453333
"2024-03-14 15:00:00",153.9233559322
"2024-03-14 16:00:00",163.1711764286
"2024-03-14 17:00:00",133.3670277333
"2024-03-14 18:00:00",133.7801857167
"2024-03-14 19:00:00",135.2326349661
"2024-03-14 20:00:00",123.18521025
"2024-03-14 21:00:00",129.1000345
"2024-03-14 22:00:00",119.1046988667
"2024-03-14 23:00:00",116.6936412727
"2024-03-15 00:00:00",118.9307974667
"2024-03-15 01:00:00",
"2024-03-15 02:00:00",
"2024-03-15 03:00:00",112.6370568125
"2024-03-15 04:00:00",120.6271476792
"2024-03-15 05:00:00",128.3157152333
"2024-03-15 06:00:00",143.2840646667
"2024-03-15 07:00:00",142.4354836667
"2024-03-15 08:00:00",138.2296613333
"2024-03-15 09:00:00",147.0909368333
"2024-03-15 10:00:00",152.2676645
"2024-03-15 11:00:00",142.3719476667
"2024-03-15 12:00:00",156.1901303333
"2024-03-15 13:00:00",148.8673885
"2024-03-15 14:00:00",155.4277325
"2024-03-15 15:00:00",142.5460293333
"2024-03-15 16:00:00",136.9485034167
"2024-03-15 17:00:00",130.1289985833
"2024-03-15 18:00:00",132.1236493167
"2024-03-15 19:00:00",120.3436168667
"2024-03-15 20:00:00",119.8710950333
"2024-03-15 21:00:00",123.3539916667
"2024-03-15 22:00:00",123.6592611167
"2024-03-15 23:00:00",117.7111337381
"2024-03-16 00:00:00",121.0551067167
"2024-03-16 01:00:00",126.76555175
"2024-03-16 02:00:00",
"2024-03-16 03:00:00",
"2024-03-16 04:00:00",133.038675
"2024-03-16 05:00:00",113.4774181228
"2024-03-16 06:00:00",122.1804566333
"2024-03-16 07:00:00",135.0080172667
"2024-03-16 08:00:00",136.3101053333
"2024-03-16 09:00:00",150.1464705
"2024-03-16 10:00:00",148.362221
"2024-03-16 11:00:00",160.4099066667
"2024-03-16 12:00:00",160.3800545
"2024-03-16 13:00:00",214.6381638333
"2024-03-16 14:00:00",165.4187965
"2024-03-16 15:00:00",151.7014481667
"2024-03-16 16:00:00",135.0711643333
"2024-03-16 17:00:00",125.40108305
"2024-03-16 18:00:00",132.0948993167
"2024-03-16 19:00:00",143.2272535167
"2024-03-16 20:00:00",122.94204495
"2024-03-16 21:00:00",126.43801735
"2024-03-16 22:00:00",134.52842215
"2024-03-16 23:00:00",118.1138167222
"2024-03-17 00:00:00",117.8218847818
"2024-03-17 01:00:00",117.094274463
"2024-03-17 02:00:00",107.7787573
"2024-03-17 03:00:00",126.8653512083
"2024-03-17 04:00:00",129.4242044464
"2024-03-17 05:00:00",116.0836671818
"2024-03-17 06:00:00",126.3823503333
"2024-03-17 07:00:00",113.6169903898
"2024-03-17 08:00:00",129.0230428667
"2024-03-17 09:00:00",127.5274836833
"2024-03-17 10:00:00",154.9428218333
"2024-03-17 11:00:00",146.838581
"2024-03-17 12:00:00",144.8958401667
"2024-03-17 13:00:00",149.4403085
"2024-03-17 14:00:00",145.479773
"2024-03-17 15:00:00",143.3687351667
"2024-03-17 16:00:00",131.6596847667
"2024-03-17 17:00:00",130.1489800833
"2024-03-17 18:00:00",127.6279019333
"2024-03-17 19:00:00",118.2704966
"2024-03-17 20:00:00",124.4981857143
"2024-03-17 21:00:00",128.9461827667
"2024-03-17 22:00:00",110.64110575
"2024-03-17 23:00:00",131.042534
"2024-03-18 00:00:00",124.6273268
"2024-03-18 01:00:00",121.8803475
"2024-03-18 02:00:00",123.9032234
"2024-03-18 03:00:00",
"2024-03-18 04:00:00",108.2829694545
"2024-03-18 05:00:00",122.24658315
"2024-03-18 06:00:00",137.7951143167
"2024-03-18 07:00:00",137.5747261207
"2024-03-18 08:00:00",140.8266535833
"2024-03-18 09:00:00",139.0905615667
"2024-03-18 10:00:00",143.7926516667
"2024-03-18 11:00:00",141.9951941667
"2024-03-18 12:00:00",150.234474
"2024-03-18 13:00:00",145.6943815
"2024-03-18 14:00:00",159.2563473333
"2024-03-18 15:00:00",150.7023303333
"2024-03-18 16:00:00",146.5380226667
"2024-03-18 17:00:00",131.5728855167
"2024-03-18 18:00:00",136.4302901667
"2024-03-18 19:00:00",138.98774175
"2024-03-18 20:00:00",127.0516812759
"2024-03-18 21:00:00",114.52554235
"2024-03-18 22:00:00",121.1517538235
"2024-03-18 23:00:00",102.6538862222
"2024-03-19 00:00:00",148.717083525
"2024-03-19 01:00:00",
"2024-03-19 02:00:00",150.7451258333
"2024-03-19 03:00:00",119.0161826923
"2024-03-19 04:00:00",115.5847366731
"2024-03-19 05:00:00",129.1580028167
"2024-03-19 06:00:00",138.5240395833
"2024-03-19 07:00:00",154.86692
"2024-03-19 08:00:00",140.4577958333
"2024-03-19 09:00:00",145.4623366667
"2024-03-19 10:00:00",143.7693629
"2024-03-19 11:00:00",144.714662
"2024-03-19 12:00:00",149.8441273333
"2024-03-19 13:00:00",150.3615293333
"2024-03-19 14:00:00",153.6376645
"2024-03-19 15:00:00",158.491972
"2024-03-19 16:00:00",149.5894315
"2024-03-19 17:00:00",133.0219436667
"2024-03-19 18:00:00",124.2550819667
"2024-03-19 19:00:00",123.0114376167
"2024-03-19 20:00:00",116.1181822667
"2024-03-19 21:00:00",121.1891867556
"2024-03-19 22:00:00",112.1985990667
"2024-03-19 23:00:00",120.3566252
"2024-03-20 00:00:00",120.4665787273
"2024-03-20 01:00:00",
"2024-03-20 02:00:00",
"2024-03-20 03:00:00",106.3887669643
"2024-03-20 04:00:00",108.28684
"2024-03-20 05:00:00",124.0192421
"2024-03-20 06:00:00",137.8726335667
"2024-03-20 07:00:00",139.3034750667
"2024-03-20 08:00:00",151.3564886667
"2024-03-20 09:00:00",146.8076806667
"2024-03-20 10:00:00",146.3975978333
"2024-03-20 11:00:00",151.8176893333
"2024-03-20 12:00:00",148.23493
"2024-03-20 13:00:00",153.8541343333
"2024-03-20 14:00:00",155.9779423333
"2024-03-20 15:00:00",152.4775668333
"2024-03-20 16:00:00",156.7355781667
"2024-03-20 17:00:00",133.4489276
"2024-03-20 18:00:00",143.3455398333
"2024-03-20 19:00:00",140.3761856667
"2024-03-20 20:00:00",117.4833851
"2024-03-20 21:00:00",122.80010815
"2024-03-20 22:00:00",125.4525789167
"2024-03-20 23:00:00",143.8238720169
"2024-03-21 00:00:00",130.564518
"2024-03-21 01:00:00",108.37542948
"2024-03-21 02:00:00",120.1851913333
"2024-03-21 03:00:00",136.1986450976
"2024-03-21 04:00:00",110.2487155263
"2024-03-21 05:00:00",118.3392023
"2024-03-21 06:00:00",147.415245
"2024-03-21 07:00:00",148.1351235
"2024-03-21 08:00:00",164.1205556667
"2024-03-21 09:00:00",169.3395913333
"2024-03-21 10:00:00",169.5991925
"2024-03-21 11:00:00",171.7528593333
"2024-03-21 12:00:00",158.6383971667
"2024-03-21 13:00:00",160.4157785
"2024-03-21 14:00:00",157.558734
"2024-03-21 15:00:00",159.9087356667
"2024-03-21 16:00:00",163.1161118333
"2024-03-21 17:00:00",134.1907594167
"2024-03-21 18:00:00",137.4550063333
"2024-03-21 19:00:00",124.1314142667
"2024-03-21 20:00:00",136.8263666833
"2024-03-21 21:00:00",116.6264656667
"2024-03-21 22:00:00",125.0720618036
"2024-03-21 23:00:00",131.3813586774
"2024-03-22 00:00:00",
"2024-03-22 01:00:00",
"2024-03-22 02:00:00",113.925338875
"2024-03-22 03:00:00",111.9771243333
"2024-03-22 04:00:00",114.4658367368
"2024-03-22 05:00:00",116.4880843833
"2024-03-22 06:00:00",136.7972565333
"2024-03-22 07:00:00",138.7827417667
"2024-03-22 08:00:00",146.1026188333
"2024-03-22 09:00:00",167.1135878333
"2024-03-22 10:00:00",160.4589606667
"2024-03-22 11:00:00",154.5123785
"2024-03-22 12:00:00",154.4785335
"2024-03-22 13:00:00",154.6737078333
"2024-03-22 14:00:00",157.0760926667
"2024-03-22 15:00:00",145.2522708333
"2024-03-22 16:00:00",153.9980793333
"2024-03-22 17:00:00",138.102488
"2024-03-22 18:00:00",122.47708275
"2024-03-22 19:00:00",121.6660192
"2024-03-22 20:00:00",124.3184996
"2024-03-22 21:00:00",125.7083868167
"2024-03-22 22:00:00",125.8680276333
"2024-03-22 23:00:00",133.2481429
"2024-03-23 00:00:00",120.6554891471
"2024-03-23 01:00:00",113.8316205556
"2024-03-23 02:00:00",127.6061821333
"2024-03-23 03:00:00",119.0585357273
"2024-03-23 04:00:00",116.8360066364
"2024-03-23 05:00:00",118.3266372364
"2024-03-23 06:00:00",124.9782231111
"2024-03-23 07:00:00",131.6324197333
"2024-03-23 08:00:00",162.0118215
"2024-03-23 09:00:00",157.7578791667
"2024-03-23 10:00:00",168.591166
"2024-03-23 11:00:00",172.7223641667
"2024-03-23 12:00:00",168.6861016667
"2024-03-23 13:00:00",175.930198
"2024-03-23 14:00:00",172.0807598333
"2024-03-23 15:00:00",164.6229711667
"2024-03-23 16:00:00",151.4049345
"2024-03-23 17:00:00",140.52568085
"2024-03-23 18:00:00",137.0375281833
"2024-03-23 19:00:00",125.6261114
"2024-03-23 20:00:00",141.8668907833
"2024-03-23 21:00:00",138.9894444333
"2024-03-23 22:00:00",119.2229992
"2024-03-23 23:00:00",117.04717535
"2024-03-24 00:00:00",120.1072371333
"2024-03-24 01:00:00",111.0839397167
"2024-03-24 02:00:00",116.9456386167
"2024-03-24 03:00:00",113.9162067209
"2024-03-24 04:00:00",115.578598913
"2024-03-24 05:00:00",120.6544982766
"2024-03-24 06:00:00",126.81046065
"2024-03-24 07:00:00",132.80933732
"2024-03-24 08:00:00",158.7470713
"2024-03-24 09:00:00",149.5339886667
"2024-03-24 10:00:00",159.687067
"2024-03-24 11:00:00",162.9292076667
"2024-03-24 12:00:00",164.6303241667
"2024-03-24 13:00:00",162.855251
"2024-03-24 14:00:00",152.5419913333
"2024-03-24 15:00:00",142.9920428333
"2024-03-24 16:00:00",145.1909664167
"2024-03-24 17:00:00",141.6670893333
"2024-03-24 18:00:00",134.1616823833
"2024-03-24 19:00:00",122.49904935
"2024-03-24 20:00:00",127.91582775
"2024-03-24 21:00:00",123.0314274419
"2024-03-24 22:00:00",108.951105
"2024-03-24 23:00:00",129.5801325435
"2024-03-25 00:00:00",127.5373486667
"2024-03-25 01:00:00",111.4856012333
"2024-03-25 02:00:00",
"2024-03-25 03:00:00",126.5585302632
"2024-03-25 04:00:00",115.0329935667
"2024-03-25 05:00:00",128.4308087833
"2024-03-25 06:00:00",140.1675907667
"2024-03-25 07:00:00",171.1585178333
"2024-03-25 08:00:00",177.8600551667
"2024-03-25 09:00:00",178.114147
"2024-03-25 10:00:00",278.4536695
"2024-03-25 11:00:00",197.2975035
"2024-03-25 12:00:00",162.072349
"2024-03-25 13:00:00",189.4370925
"2024-03-25 14:00:00",211.1461575
"2024-03-25 15:00:00",175.191687
"2024-03-25 16:00:00",161.4212537288
"2024-03-25 17:00:00",148.5763768333
"2024-03-25 18:00:00",149.4013813333
"2024-03-25 19:00:00",123.15806645
"2024-03-25 20:00:00",119.06995895
"2024-03-25 21:00:00",117.6579630167
"2024-03-25 22:00:00",124.6737092812
"2024-03-25 23:00:00",133.5352902941
"2024-03-26 00:00:00",138.8711878286
"2024-03-26 01:00:00",129.4992590455
"2024-03-26 02:00:00",129.3019303793
"2024-03-26 03:00:00",107.7874279623
"2024-03-26 04:00:00",112.088380814
"2024-03-26 05:00:00",123.7496727167
"2024-03-26 06:00:00",138.8010961667
"2024-03-26 07:00:00",256.3384785
"2024-03-26 08:00:00",210.2398978333
"2024-03-26 09:00:00",192.8580518333
"2024-03-26 10:00:00",206.0714571667
"2024-03-26 11:00:00",166.9050181667
"2024-03-26 12:00:00",170.94237
"2024-03-26 13:00:00",178.2689811667
"2024-03-26 14:00:00",188.5452593333
"2024-03-26 15:00:00",164.8553345
"2024-03-26 16:00:00",161.8291658621
"2024-03-26 17:00:00",139.1151734
"2024-03-26 18:00:00",141.1869775833
"2024-03-26 19:00:00",124.2361543333
"2024-03-26 20:00:00",124.7617329333
"2024-03-26 21:00:00",123.4547706333
"2024-03-26 22:00:00",117.3490141228
"2024-03-26 23:00:00",134.1250007647
"2024-03-27 00:00:00",
"2024-03-27 01:00:00",
"2024-03-27 02:00:00",113.2530870667
"2024-03-27 03:00:00",122.900008
"2024-03-27 04:00:00",113.7380943667
"2024-03-27 05:00:00",121.16176575
"2024-03-27 06:00:00",143.6005728333
"2024-03-27 07:00:00",152.7410915
"2024-03-27 08:00:00",144.11440825
"2024-03-27 09:00:00",173.7884725
"2024-03-27 10:00:00",168.8550133333
"2024-03-27 11:00:00",166.794447
"2024-03-27 12:00:00",177.1554436667
"2024-03-27 13:00:00",171.181526
"2024-03-27 14:00:00",179.378755
"2024-03-27 15:00:00",173.7185021667
"2024-03-27 16:00:00",158.538087
"2024-03-27 17:00:00",137.8533199167
"2024-03-27 18:00:00",140.8235726667
"2024-03-27 19:00:00",131.5882183167
"2024-03-27 20:00:00",126.9859298667
"2024-03-27 21:00:00",129.0189887833
"2024-03-27 22:00:00",128.1755500167
"2024-03-27 23:00:00",128.3818275116
"2024-03-28 00:00:00",
"2024-03-28 01:00:00",
"2024-03-28 02:00:00",117.8447593429
"2024-03-28 03:00:00",112.0432450909
"2024-03-28 04:00:00",109.9670360833
"2024-03-28 05:00:00",119.3529998667
"2024-03-28 06:00:00",143.8347044667
"2024-03-28 07:00:00",155.518266
"2024-03-28 08:00:00",161.0687573333
"2024-03-28 09:00:00",167.7337985
"2024-03-28 10:00:00",168.0059378333
"2024-03-28 11:00:00",152.4173693333
"2024-03-28 12:00:00",170.5625896667
"2024-03-28 13:00:00",179.8180296552
"2024-03-28 14:00:00",168.2961401667
"2024-03-28 15:00:00",177.0730092593
"2024-03-28 16:00:00",151.6273372414
"2024-03-28 17:00:00",147.0689116667
"2024-03-28 18:00:00",144.4728328333
"2024-03-28 19:00:00",130.2577897333
"2024-03-28 20:00:00",132.8192662667
"2024-03-28 21:00:00",122.4068958667
"2024-03-28 22:00:00",126.3999985667
"2024-03-28 23:00:00",124.311509386
"2024-03-29 00:00:00",
"2024-03-29 01:00:00",116.9976182167
"2024-03-29 02:00:00",115.4458484545
"2024-03-29 03:00:00",115.1575704464
"2024-03-29 04:00:00",130.0483174151
"2024-03-29 05:00:00",117.2580159
"2024-03-29 06:00:00",131.5663271333
"2024-03-29 07:00:00",155.1560481667
"2024-03-29 08:00:00",164.6387398333
"2024-03-29 09:00:00",188.0016291667
"2024-03-29 10:00:00",187.07006
"2024-03-29 11:00:00",226.3669121667
"2024-03-29 12:00:00",222.0527033333
"2024-03-29 13:00:00",229.918636
"2024-03-29 14:00:00",272.5595393333
"2024-03-29 15:00:00",261.3315278333
"2024-03-29 16:00:00",229.7821191667
"2024-03-29 17:00:00",161.7027948333
"2024-03-29 18:00:00",143.6802355
"2024-03-29 19:00:00",135.1590253333
"2024-03-29 20:00:00",120.2416060167
"2024-03-29 21:00:00",129.4568998167
"2024-03-29 22:00:00",119.6597482667
"2024-03-29 23:00:00",124.5545842833
"2024-03-30 00:00:00",128.4691694
"2024-03-30 01:00:00",125.5686007895
"2024-03-30 02:00:00",109.8318555
"2024-03-30 03:00:00",108.8765026061
"2024-03-30 04:00:00",114.6988568167
"2024-03-30 05:00:00",132.4313167833
"2024-03-30 06:00:00",118.6680273898
"2024-03-30 07:00:00",156.6475975
"2024-03-30 08:00:00",164.5454525
"2024-03-30 09:00:00",165.5373706667
"2024-03-30 10:00:00",199.8002713333
"2024-03-30 11:00:00",227.8573223333
"2024-03-30 12:00:00",241.0679773333
"2024-03-30 13:00:00",285.1807011667
"2024-03-30 14:00:00",206.695716
"2024-03-30 15:00:00",174.450577
"2024-03-30 16:00:00",177.6048665
"2024-03-30 17:00:00",157.3424321667
"2024-03-30 18:00:00",142.6132561667
"2024-03-30 19:00:00",128.66843765
"2024-03-30 20:00:00",128.1497174
"2024-03-30 21:00:00",125.3690593269
"2024-03-30 22:00:00",125.59146325
"2024-03-30 23:00:00",128.971331
"2024-03-31 00:00:00",133.3853833333
"2024-03-31 02:00:00",110.7024648837
"2024-03-31 03:00:00",127.7767772973
"2024-03-31 04:00:00",129.383840625
"2024-03-31 05:00:00",128.1416742333
"2024-03-31 06:00:00",138.67137575
"2024-03-31 07:00:00",152.5921843243
"2024-03-31 08:00:00",158.3371611667
"2024-03-31 09:00:00",165.727145
"2024-03-31 10:00:00",185.889243
"2024-03-31 11:00:00",220.8104711667
"2024-03-31 12:00:00",416.6027461667
"2024-03-31 13:00:00",583.0499078333
"2024-03-31 14:00:00",403.6017651667
"2024-03-31 15:00:00",362.1387193333
"2024-03-31 16:00:00",268.1966888333
"2024-03-31 17:00:00",183.7215508333
"2024-03-31 18:00:00",148.6450522333
"2024-03-31 19:00:00",136.4036273333
"2024-03-31 20:00:00",131.3756802
"2024-03-31 21:00:00",122.2792311333
"2024-03-31 22:00:00",125.4271782128
"2024-03-31 23:00:00",124.0123950732
"2024-04-01 00:00:00",117.0884472449
"2024-04-01 01:00:00",124.4448342195
"2024-04-01 02:00:00",127.0479772857
"2024-04-01 03:00:00",
"2024-04-01 04:00:00",119.0158137027
"2024-04-01 05:00:00",119.2520644576
"2024-04-01 06:00:00",126.0133643846
"2024-04-01 07:00:00",129.38902015
"2024-04-01 08:00:00",135.8278634
"2024-04-01 09:00:00",162.7808041667
"2024-04-01 10:00:00",185.7398276667
"2024-04-01 11:00:00",191.0276558333
"2024-04-01 12:00:00",220.6852678333
"2024-04-01 13:00:00",238.0249236667
"2024-04-01 14:00:00",240.7493558333
"2024-04-01 15:00:00",209.864898
"2024-04-01 16:00:00",203.8628735
"2024-04-01 17:00:00",155.3348975
"2024-04-01 18:00:00",151.9625583333
"2024-04-01 19:00:00",133.4685088833
"2024-04-01 20:00:00",125.0397764833
"2024-04-01 21:00:00",120.1268218667
"2024-04-01 22:00:00",131.7891356167
"2024-04-01 23:00:00",115.9229465667
"2024-04-02 00:00:00",115.5447203
"2024-04-02 01:00:00",
"2024-04-02 02:00:00",
"2024-04-02 03:00:00",
"2024-04-02 04:00:00",122.6179787167
"2024-04-02 05:00:00",127.7191398833
"2024-04-02 06:00:00",141.8885921333
"2024-04-02 07:00:00",148.149143
"2024-04-02 08:00:00",168.9158956667
"2024-04-02 09:00:00",188.698635
"2024-04-02 10:00:00",191.2017971667
"2024-04-02 11:00:00",198.6055075
"2024-04-02 12:00:00",184.9165355
"2024-04-02 13:00:00",198.1261921667
"2024-04-02 14:00:00",190.3767465
"2024-04-02 15:00:00",181.9752315254
"2024-04-02 16:00:00",207.6945393333
"2024-04-02 17:00:00",152.2584746667
"2024-04-02 18:00:00",141.75857835
"2024-04-02 19:00:00",157.2819953333
"2024-04-02 20:00:00",126.7920163833
"2024-04-02 21:00:00",133.3512254
"2024-04-02 22:00:00",114.234112
"2024-04-02 23:00:00",117.2265093333
"2024-04-03 00:00:00",114.3328384643
"2024-04-03 01:00:00",107.2178510937
"2024-04-03 02:00:00",
"2024-04-03 03:00:00",
"2024-04-03 04:00:00",120.646058569
"2024-04-03 05:00:00",126.4916790667
"2024-04-03 06:00:00",137.2441734167
"2024-04-03 07:00:00",149.8119188333
"2024-04-03 08:00:00",159.2903106667
"2024-04-03 09:00:00",172.4636188333
"2024-04-03 10:00:00",172.285482
"2024-04-03 11:00:00",184.0313565
"2024-04-03 12:00:00",178.881635
"2024-04-03 13:00:00",191.2739026667
"2024-04-03 14:00:00",176.1328416667
"2024-04-03 15:00:00",184.592814
"2024-04-03 16:00:00",169.3983473333
"2024-04-03 17:00:00",152.3302118333
"2024-04-03 18:00:00",138.42351035
"2024-04-03 19:00:00",131.1666261833
"2024-04-03 20:00:00",127.7457216833
"2024-04-03 21:00:00",124.2363460667
"2024-04-03 22:00:00",115.25433235
"2024-04-03 23:00:00",118.3917636667
"2024-04-04 00:00:00",
"2024-04-04 01:00:00",
"2024-04-04 02:00:00",123.9200053667
"2024-04-04 03:00:00",114.679430625
"2024-04-04 04:00:00",115.2741423878
"2024-04-04 05:00:00",124.7902386833
"2024-04-04 06:00:00",151.6973705
"2024-04-04 07:00:00",167.2735686667
"2024-04-04 08:00:00",165.6833545
"2024-04-04 09:00:00",173.8349025
"2024-04-04 10:00:00",170.911548
"2024-04-04 11:00:00",180.7630826667
"2024-04-04 12:00:00",176.2134583333
"2024-04-04 13:00:00",181.920284
"2024-04-04 14:00:00",179.8493358333
"2024-04-04 15:00:00",183.051511
"2024-04-04 16:00:00",187.0382288333
"2024-04-04 17:00:00",158.0582631667
"2024-04-04 18:00:00",138.2049653333
"2024-04-04 19:00:00",137.4535365667
"2024-04-04 20:00:00",132.0858817
"2024-04-04 21:00:00",119.6888485667
"2024-04-04 22:00:00",129.5932215581
"2024-04-04 23:00:00",142.7058399107
"2024-04-05 00:00:00",123.7218923409
"2024-04-05 01:00:00",126.7765904848
"2024-04-05 02:00:00",123.5195476667
"2024-04-05 03:00:00",125.69671305
"2024-04-05 04:00:00",118.8846397188
"2024-04-05 05:00:00",130.31456425
"2024-04-05 06:00:00",132.0801846833
"2024-04-05 07:00:00",150.1388686
"2024-04-05 08:00:00",173.922871
"2024-04-05 09:00:00",204.9254785
"2024-04-05 10:00:00",212.0417563333
"2024-04-05 11:00:00",190.8485481667
"2024-04-05 12:00:00",202.5439936667
"2024-04-05 13:00:00",198.4311495
"2024-04-05 14:00:00",208.4305425
"2024-04-05 15:00:00",185.5342251667
"2024-04-05 16:00:00",188.3640781667
"2024-04-05 17:00:00",151.0655626667
"2024-04-05 18:00:00",150.1211405
"2024-04-05 19:00:00",135.85779925
"2024-04-05 20:00:00",130.38974625
"2024-04-05 21:00:00",121.6084413167
"2024-04-05 22:00:00",124.3840807333
"2024-04-05 23:00:00",126.3653491667
"2024-04-06 00:00:00",120.0949046875
"2024-04-06 01:00:00",113.8788056897
"2024-04-06 02:00:00",128.0237842083
"2024-04-06 03:00:00",124.0988761667
"2024-04-06 04:00:00",115.0477553922
"2024-04-06 05:00:00",125.5233116364
"2024-04-06 06:00:00",150.2533105932
"2024-04-06 07:00:00",140.9769805667
"2024-04-06 08:00:00",172.968919
"2024-04-06 09:00:00",210.4088835
"2024-04-06 10:00:00",222.5860933333
"2024-04-06 11:00:00",288.910673
"2024-04-06 12:00:00",423.177051
"2024-04-06 13:00:00",547.5883316667
"2024-04-06 14:00:00",538.0960966667
"2024-04-06 15:00:00",653.0091785
"2024-04-06 16:00:00",447.9296583333
"2024-04-06 17:00:00",282.5062353333
"2024-04-06 18:00:00",190.0273488333
"2024-04-06 19:00:00",149.3117151667
"2024-04-06 20:00:00",133.4037371
"2024-04-06 21:00:00",121.1466533167
"2024-04-06 22:00:00",112.7145090167
"2024-04-06 23:00:00",136.5129384915
"2024-04-07 00:00:00",124.901217125
"2024-04-07 01:00:00",107.2552475333
"2024-04-07 02:00:00",111.5085820556
"2024-04-07 03:00:00",119.2553997647
"2024-04-07 04:00:00",115.738648661
"2024-04-07 05:00:00",124.1939597963
"2024-04-07 06:00:00",129.96167955
"2024-04-07 07:00:00",138.8179844444
"2024-04-07 08:00:00",159.4565636667
"2024-04-07 09:00:00",173.0049841667
"2024-04-07 10:00:00",208.4003918333
"2024-04-07 11:00:00",232.0079681667
"2024-04-07 12:00:00",322.50159
"2024-04-07 13:00:00",401.0364378333
"2024-04-07 14:00:00",402.5427535
"2024-04-07 15:00:00",239.8776706667
"2024-04-07 16:00:00",202.1277531667
"2024-04-07 17:00:00",171.9074398333
"2024-04-07 18:00:00",154.9422253333
"2024-04-07 19:00:00",131.41520665
"2024-04-07 20:00:00",131.4823688667
"2024-04-07 21:00:00",112.3426071333
"2024-04-07 22:00:00",117.9075190333
"2024-04-07 23:00:00",119.8396443333
"2024-04-08 00:00:00",101.2313328125
"2024-04-08 01:00:00",116.5967754615
"2024-04-08 02:00:00",
"2024-04-08 03:00:00",
"2024-04-08 04:00:00",127.6006298065
"2024-04-08 05:00:00",127.10728475
"2024-04-08 06:00:00",135.8651591667
"2024-04-08 07:00:00",160.7388185
"2024-04-08 08:00:00",178.5541331667
"2024-04-08 09:00:00",198.7154243333
"2024-04-08 10:00:00",198.8433268333
"2024-04-08 11:00:00",190.5082385
"2024-04-08 12:00:00",206.997932
"2024-04-08 13:00:00",202.2982501667
"2024-04-08 14:00:00",204.0295735
"2024-04-08 15:00:00",175.2682951667
"2024-04-08 16:00:00",174.752415614
"2024-04-08 17:00:00",155.1934511667
"2024-04-08 18:00:00",143.1381175
"2024-04-08 19:00:00",136.0481101667
"2024-04-08 20:00:00",135.16609625
"2024-04-08 21:00:00",124.2990041333
"2024-04-08 22:00:00",125.9875636167
"2024-04-08 23:00:00",128.9175850312
"2024-04-09 00:00:00",114.0846391724
"2024-04-09 01:00:00",
"2024-04-09 02:00:00",
"2024-04-09 03:00:00",110.1921500833
"2024-04-09 04:00:00",118.372627814
"2024-04-09 05:00:00",128.5961309667
"2024-04-09 06:00:00",153.6464038333
"2024-04-09 07:00:00",147.069911
"2024-04-09 08:00:00",163.2614481667
"2024-04-09 09:00:00",188.6492086667
"2024-04-09 10:00:00",175.4498791667
"2024-04-09 11:00:00",177.9813338333
"2024-04-09 12:00:00",172.897171
"2024-04-09 13:00:00",184.6727468333
"2024-04-09 14:00:00",174.8839015
"2024-04-09 15:00:00",177.5074156667
"2024-04-09 16:00:00",163.9782181034
"2024-04-09 17:00:00",141.4206021667
"2024-04-09 18:00:00",131.8064740508
"2024-04-09 19:00:00",123.9111829667
"2024-04-09 20:00:00",117.15910285
"2024-04-09 21:00:00",132.7899282609
"2024-04-09 22:00:00",115.7888702667
"2024-04-09 23:00:00",114.7957701333
"2024-04-10 00:00:00",106.3674204
"2024-04-10 01:00:00",115.5728338519
"2024-04-10 02:00:00",125.0237326667
"2024-04-10 03:00:00",120.9175426522
"2024-04-10 04:00:00",113.6812604151
"2024-04-10 05:00:00",126.4532592
"2024-04-10 06:00:00",136.78673125
"2024-04-10 07:00:00",153.4512331667
"2024-04-10 08:00:00",197.1939651667
"2024-04-10 09:00:00",200.4130633333
"2024-04-10 10:00:00",200.0658353333
"2024-04-10 11:00:00",214.3527061667
"2024-04-10 12:00:00",222.5329295
"2024-04-10 13:00:00",270.424645
"2024-04-10 14:00:00",286.1346005
"2024-04-10 15:00:00",228.776542
"2024-04-10 16:00:00",238.8800371667
"2024-04-10 17:00:00",170.7322598333
"2024-04-10 18:00:00",150.9904506667
"2024-04-10 19:00:00",141.3900164167
"2024-04-10 20:00:00",128.7721123333
"2024-04-10 21:00:00",119.3760324
"2024-04-10 22:00:00",128.7727497833
"2024-04-10 23:00:00",127.2086311304
"2024-04-11 00:00:00",
"2024-04-11 01:00:00",
"2024-04-11 02:00:00",
"2024-04-11 03:00:00",
"2024-04-11 04:00:00",119.175313098
"2024-04-11 05:00:00",122.07508525
"2024-04-11 06:00:00",136.22531415
"2024-04-11 07:00:00",162.2195196667
"2024-04-11 08:00:00",161.5565626667
"2024-04-11 09:00:00",180.9269663333
"2024-04-11 10:00:00",178.2337066667
"2024-04-11 11:00:00",169.5868273333
"2024-04-11 12:00:00",164.9428815
"2024-04-11 13:00:00",202.5569953333
"2024-04-11 14:00:00",176.870969
"2024-04-11 15:00:00",197.6864133333
"2024-04-11 16:00:00",173.9753411667
"2024-04-11 17:00:00",150.7034305
"2024-04-11 18:00:00",141.8553416667
"2024-04-11 19:00:00",131.6759607333
"2024-04-11 20:00:00",127.4483895833
"2024-04-11 21:00:00",126.2607384833
"2024-04-11 22:00:00",123.2031474
"2024-04-11 23:00:00",130.6982347
"2024-04-12 00:00:00",125.7212388158
"2024-04-12 01:00:00",123.03488
"2024-04-12 02:00:00",121.3304016207
"2024-04-12 03:00:00",122.67882
"2024-04-12 04:00:00",114.9891024348
"2024-04-12 05:00:00",126.5327655283
"2024-04-12 06:00:00",137.6272695333
"2024-04-12 07:00:00",156.2545343333
"2024-04-12 08:00:00",187.451964
"2024-04-12 09:00:00",205.7737586667
"2024-04-12 10:00:00",228.1011546667
"2024-04-12 11:00:00",291.6523623333
"2024-04-12 12:00:00",269.0422981667
"2024-04-12 13:00:00",258.0302155
"2024-04-12 14:00:00",296.5278911667
"2024-04-12 15:00:00",246.0345151667
"2024-04-12 16:00:00",344.1019206667
"2024-04-12 17:00:00",190.1833721667
"2024-04-12 18:00:00",155.5673366667
"2024-04-12 19:00:00",140.4416564333
"2024-04-12 20:00:00",134.92018605
"2024-04-12 21:00:00",122.5032863833
"2024-04-12 22:00:00",121.8044502667
"2024-04-12 23:00:00",124.0115184167
"2024-04-13 00:00:00",121.1111302167
"2024-04-13 01:00:00",121.6881295946
"2024-04-13 02:00:00",113.5092764808
"2024-04-13 03:00:00",120.609587
"2024-04-13 04:00:00",123.9675733333
"2024-04-13 05:00:00",122.7497252
"2024-04-13 06:00:00",125.0461423542
"2024-04-13 07:00:00",146.8220085
"2024-04-13 08:00:00",191.7457291667
"2024-04-13 09:00:00",201.6417038333
"2024-04-13 10:00:00",238.6240598333
"2024-04-13 11:00:00",278.6159245
"2024-04-13 12:00:00",287.4004186667
"2024-04-13 13:00:00",451.8457721667
"2024-04-13 14:00:00",406.0104773333
"2024-04-13 15:00:00",356.7039451667
"2024-04-13 16:00:00",357.3707263333
"2024-04-13 17:00:00",258.159343
"2024-04-13 18:00:00",166.4596091667
"2024-04-13 19:00:00",148.8947518333
"2024-04-13 20:00:00",131.2244033833
"2024-04-13 21:00:00",125.0144030833
"2024-04-13 22:00:00",120.81134925
"2024-04-13 23:00:00",115.7007620833
"2024-04-14 00:00:00",119.5969687907
"2024-04-14 01:00:00",121.3836028409
"2024-04-14 02:00:00",118.8970196818
"2024-04-14 03:00:00",118.6358399167
"2024-04-14 04:00:00",116.5257337353
"2024-04-14 05:00:00",126.1406946333
"2024-04-14 06:00:00",142.4503011111
"2024-04-14 07:00:00",152.591261
"2024-04-14 08:00:00",184.6757075
"2024-04-14 09:00:00",219.332301
"2024-04-14 10:00:00",237.2404826667
"2024-04-14 11:00:00",580.4353976667
"2024-04-14 12:00:00",441.3309575
"2024-04-14 13:00:00",473.4308083333
"2024-04-14 14:00:00",301.2715663333
"2024-04-14 15:00:00",277.1416295
"2024-04-14 16:00:00",236.7728578333
"2024-04-14 17:00:00",173.7596463333
"2024-04-14 18:00:00",153.9807656667
"2024-04-14 19:00:00",142.6991542667
"2024-04-14 20:00:00",126.6506674667
"2024-04-14 21:00:00",122.2904306333
"2024-04-14 22:00:00",118.8844917833
"2024-04-14 23:00:00",113.1262047692
"2024-04-15 00:00:00",
"2024-04-15 01:00:00",108.4163760333
"2024-04-15 02:00:00",104.8145093333
"2024-04-15 03:00:00",111.2429506053
"2024-04-15 04:00:00",115.954576
"2024-04-15 05:00:00",127.5384189667
"2024-04-15 06:00:00",140.1175168333
"2024-04-15 07:00:00",168.1444693333
"2024-04-15 08:00:00",200.6980411667
"2024-04-15 09:00:00",196.6679383333
"2024-04-15 10:00:00",185.7509476667
"2024-04-15 11:00:00",171.5953163333
"2024-04-15 12:00:00",170.89853
"2024-04-15 13:00:00",187.0127518333
"2024-04-15 14:00:00",160.0634895
"2024-04-15 15:00:00",162.361204
"2024-04-15 16:00:00",154.3478216667
"2024-04-15 17:00:00",144.0795768167
"2024-04-15 18:00:00",132.9137814833
"2024-04-15 19:00:00",136.0588087667
"2024-04-15 20:00:00",126.3941160667
"2024-04-15 21:00:00",126.3766943333
"2024-04-15 22:00:00",125.2787277368
"2024-04-15 23:00:00",122.6252325937
"2024-04-16 00:00:00",131.5827877778
"2024-04-16 01:00:00",126.5543784444
"2024-04-16 02:00:00",
"2024-04-16 03:00:00",111.4868650702
"2024-04-16 04:00:00",117.6559057209
"2024-04-16 05:00:00",131.50656475
"2024-04-16 06:00:00",148.2511155
"2024-04-16 07:00:00",172.602538
"2024-04-16 08:00:00",187.9274485
"2024-04-16 09:00:00",187.668479
"2024-04-16 10:00:00",172.0384191667
"2024-04-16 11:00:00",174.8246076667
"2024-04-16 12:00:00",174.8704498333
"2024-04-16 13:00:00",175.4406276667
"2024-04-16 14:00:00",166.1652783333
"2024-04-16 15:00:00",168.3700323333
"2024-04-16 16:00:00",165.9546408333
"2024-04-16 17:00:00",133.8389197833
"2024-04-16 18:00:00",140.9388896667
"2024-04-16 19:00:00",128.2782600833
"2024-04-16 20:00:00",127.6413179167
"2024-04-16 21:00:00",124.9273615
"2024-04-16 22:00:00",120.7042858519
"2024-04-16 23:00:00",131.6688587037
"2024-04-17 00:00:00",130.4444512
"2024-04-17 01:00:00",128.01975
"2024-04-17 02:00:00",119.8647897143
"2024-04-17 03:00:00",118.4418561471
"2024-04-17 04:00:00",113.9453954727
"2024-04-17 05:00:00",127.8243330213
"2024-04-17 06:00:00",131.037406
"2024-04-17 07:00:00",172.0639535
"2024-04-17 08:00:00",324.2155771667
"2024-04-17 09:00:00",192.4291118333
"2024-04-17 10:00:00",212.0645868333
"2024-04-17 11:00:00",238.917864
"2024-04-17 12:00:00",191.5892368333
"2024-04-17 13:00:00",199.0912041667
"2024-04-17 14:00:00",193.8857631667
"2024-04-17 15:00:00",201.1511703333
"2024-04-17 16:00:00",181.6246715
"2024-04-17 17:00:00",154.2259941667
"2024-04-17 18:00:00",129.95494335
"2024-04-17 19:00:00",135.95919105
"2024-04-17 20:00:00",129.6482069333
"2024-04-17 21:00:00",130.2422613833
"2024-04-17 22:00:00",122.6518083
"2024-04-17 23:00:00",124.0973103778
"2024-04-18 00:00:00",122.058452
"2024-04-18 01:00:00",121.285147
"2024-04-18 02:00:00",122.78623552
"2024-04-18 03:00:00",
"2024-04-18 04:00:00",117.2246490435
"2024-04-18 05:00:00",124.7517152167
"2024-04-18 06:00:00",142.7695345167
"2024-04-18 07:00:00",171.3558161667
"2024-04-18 08:00:00",186.0699323333
"2024-04-18 09:00:00",215.6790953333
"2024-04-18 10:00:00",274.3694565
"2024-04-18 11:00:00",314.7385765
"2024-04-18 12:00:00",356.6396268333
"2024-04-18 13:00:00",217.1723993333
"2024-04-18 14:00:00",227.4390938333
"2024-04-18 15:00:00",228.4089375
"2024-04-18 16:00:00",259.963774
"2024-04-18 17:00:00",171.785622
"2024-04-18 18:00:00",150.4307465
"2024-04-18 19:00:00",138.460938
"2024-04-18 20:00:00",129.4220659
"2024-04-18 21:00:00",125.9446317667
"2024-04-18 22:00:00",114.5471703333
"2024-04-18 23:00:00",120.0854423036
"2024-04-19 00:00:00",130.0355133824
"2024-04-19 01:00:00",119.20967776
"2024-04-19 02:00:00",
"2024-04-19 03:00:00",106.4547701333
"2024-04-19 04:00:00",111.55286596
"2024-04-19 05:00:00",122.49101515
"2024-04-19 06:00:00",132.6092250167
"2024-04-19 07:00:00",162.1871263333
"2024-04-19 08:00:00",180.4671593333
"2024-04-19 09:00:00",190.600552
"2024-04-19 10:00:00",192.8754841667
"2024-04-19 11:00:00",194.0642465
"2024-04-19 12:00:00",202.6832888333
"2024-04-19 13:00:00",189.3099668333
"2024-04-19 14:00:00",184.6242475
"2024-04-19 15:00:00",181.9708778333
"2024-04-19 16:00:00",200.7647401667
"2024-04-19 17:00:00",159.8388176667
"2024-04-19 18:00:00",143.5632693333
"2024-04-19 19:00:00",141.689042
"2024-04-19 20:00:00",130.099336
"2024-04-19 21:00:00",134.1532816833
"2024-04-19 22:00:00",134.0993020833
"2024-04-19 23:00:00",122.6865106
"2024-04-20 00:00:00",123.4119770667
"2024-04-20 01:00:00",118.937805125
"2024-04-20 02:00:00",118.684438125
"2024-04-20 03:00:00",112.9988928667
"2024-04-20 04:00:00",122.23646375
"2024-04-20 05:00:00",134.6652172727
"2024-04-20 06:00:00",132.70999636
"2024-04-20 07:00:00",155.6769948333
"2024-04-20 08:00:00",173.2568898333
"2024-04-20 09:00:00",204.9814856667
"2024-04-20 10:00:00",230.1935501667
"2024-04-20 11:00:00",262.1267481667
"2024-04-20 12:00:00",232.9312556667
"2024-04-20 13:00:00",379.6850145
"2024-04-20 14:00:00",229.9405798333
"2024-04-20 15:00:00",247.341509
"2024-04-20 16:00:00",283.0064401667
"2024-04-20 17:00:00",163.800265
"2024-04-20 18:00:00",168.7043346667
"2024-04-20 19:00:00",133.6770154
"2024-04-20 20:00:00",123.2856064167
"2024-04-20 21:00:00",120.5433367833
"2024-04-20 22:00:00",121.6991451833
"2024-04-20 23:00:00",120.4066153333
"2024-04-21 00:00:00",117.44937995
"2024-04-21 01:00:00",129.2006464255
"2024-04-21 02:00:00",114.9171906724
"2024-04-21 03:00:00",114.9058125
"2024-04-21 04:00:00",117.352320775
"2024-04-21 05:00:00",121.1248200952
"2024-04-21 06:00:00",126.0847277333
"2024-04-21 07:00:00",159.9880898333
"2024-04-21 08:00:00",172.0807673333
"2024-04-21 09:00:00",219.6927076667
"2024-04-21 10:00:00",263.5852183333
"2024-04-21 11:00:00",281.7151843333
"2024-04-21 12:00:00",359.1769548333
"2024-04-21 13:00:00",456.0584935
"2024-04-21 14:00:00",318.8640878333
"2024-04-21 15:00:00",312.5665883333
"2024-04-21 16:00:00",232.5468558333
"2024-04-21 17:00:00",168.8219285
"2024-04-21 18:00:00",150.9556225
"2024-04-21 19:00:00",139.7963669
"2024-04-21 20:00:00",124.81266915
"2024-04-21 21:00:00",114.7295364138
"2024-04-21 22:00:00",119.8188057091
"2024-04-21 23:00:00",121.5896257907
"2024-04-22 00:00:00",109.7134832759
"2024-04-22 01:00:00",
"2024-04-22 02:00:00",
"2024-04-22 03:00:00",
"2024-04-22 04:00:00",116.5309509804
"2024-04-22 05:00:00",124.6875376429
"2024-04-22 06:00:00",147.1172603333
"2024-04-22 07:00:00",178.7959385
"2024-04-22 08:00:00",240.8807236667
"2024-04-22 09:00:00",271.0518945
"2024-04-22 10:00:00",302.607095
"2024-04-22 11:00:00",340.6079953333
"2024-04-22 12:00:00",258.5138111667
"2024-04-22 13:00:00",257.5392263333
"2024-04-22 14:00:00",203.7222988333
"2024-04-22 15:00:00",260.2571483333
"2024-04-22 16:00:00",220.1365876667
"2024-04-22 17:00:00",174.6730105
"2024-04-22 18:00:00",166.6314626667
"2024-04-22 19:00:00",137.3812584833
"2024-04-22 20:00:00",129.4929564
"2024-04-22 21:00:00",123.0318511667
"2024-04-22 22:00:00",122.2004349333
"2024-04-22 23:00:00",123.96656224
"2024-04-23 00:00:00",
"2024-04-23 01:00:00",
"2024-04-23 02:00:00",
"2024-04-23 03:00:00",
"2024-04-23 04:00:00",126.6717718772
"2024-04-23 05:00:00",119.5007248333
"2024-04-23 06:00:00",145.6392463167
"2024-04-23 07:00:00",172.770057
"2024-04-23 08:00:00",176.3656921667
"2024-04-23 09:00:00",206.8399273333
"2024-04-23 10:00:00",208.562166
"2024-04-23 11:00:00",262.8441293333
"2024-04-23 12:00:00",218.5998065
"2024-04-23 13:00:00",207.9707468333
"2024-04-23 14:00:00",233.6920601667
"2024-04-23 15:00:00",213.0586485
"2024-04-23 16:00:00",211.0429485
"2024-04-23 17:00:00",164.2890935667
"2024-04-23 18:00:00",139.7733098333
"2024-04-23 19:00:00",126.0519146833
"2024-04-23 20:00:00",124.09095665
"2024-04-23 21:00:00",124.5366787
"2024-04-23 22:00:00",125.3232739667
"2024-04-23 23:00:00",122.7336707872
"2024-04-24 00:00:00",
"2024-04-24 01:00:00",
"2024-04-24 02:00:00",119.3721807
"2024-04-24 03:00:00",120.9503543182
"2024-04-24 04:00:00",118.0952274333
"2024-04-24 05:00:00",120.5002687667
"2024-04-24 06:00:00",137.1377854833
"2024-04-24 07:00:00",164.7192121667
"2024-04-24 08:00:00",179.7325543333
"2024-04-24 09:00:00",196.7638958333
"2024-04-24 10:00:00",189.2271718333
"2024-04-24 11:00:00",182.3394836667
"2024-04-24 12:00:00",187.9776343333
"2024-04-24 13:00:00",188.0970888333
"2024-04-24 14:00:00",185.9999106667
"2024-04-24 15:00:00",181.8456336667
"2024-04-24 16:00:00",170.2013056667
"2024-04-24 17:00:00",146.3649711667
"2024-04-24 18:00:00",139.3794354167
"2024-04-24 19:00:00",131.93775075
"2024-04-24 20:00:00",125.4114722167
"2024-04-24 21:00:00",122.4418651
"2024-04-24 22:00:00",118.98981715
"2024-04-24 23:00:00",142.8997852174
"2024-04-25 00:00:00",137.2320064
"2024-04-25 01:00:00",119.4147279688
"2024-04-25 02:00:00",
"2024-04-25 03:00:00",122.6110916471
"2024-04-25 04:00:00",123.24405355
"2024-04-25 05:00:00",119.16134685
"2024-04-25 06:00:00",134.8275222667
"2024-04-25 07:00:00",151.9005911667
"2024-04-25 08:00:00",162.5397208333
"2024-04-25 09:00:00",187.8033303333
"2024-04-25 10:00:00",188.7157903333
"2024-04-25 11:00:00",181.935982
"2024-04-25 12:00:00",191.6298603333
"2024-04-25 13:00:00",183.6262363333
"2024-04-25 14:00:00",195.9527865
"2024-04-25 15:00:00",162.2196786667
"2024-04-25 16:00:00",165.005843
"2024-04-25 17:00:00",149.85825365
"2024-04-25 18:00:00",138.6612711667
"2024-04-25 19:00:00",126.87346325
"2024-04-25 20:00:00",123.2620280667
"2024-04-25 21:00:00",131.8269898833
"2024-04-25 22:00:00",123.1740888214
"2024-04-25 23:00:00",119.8898053276
"2024-04-26 00:00:00",134.2448322414
"2024-04-26 01:00:00",
"2024-04-26 02:00:00",
"2024-04-26 03:00:00",
"2024-04-26 04:00:00",108.5367142826
"2024-04-26 05:00:00",127.2768894667
"2024-04-26 06:00:00",135.6662502
"2024-04-26 07:00:00",163.3247586667
"2024-04-26 08:00:00",200.6747666667
"2024-04-26 09:00:00",221.4376035
"2024-04-26 10:00:00",229.9849368333
"2024-04-26 11:00:00",238.5896558333
"2024-04-26 12:00:00",208.1601281667
"2024-04-26 13:00:00",207.9805301754
"2024-04-26 14:00:00",206.4736945455
"2024-04-26 15:00:00",214.2146866667
"2024-04-26 16:00:00",184.0006251724
"2024-04-26 17:00:00",163.5945230508
"2024-04-26 18:00:00",147.8834460345
"2024-04-26 19:00:00",145.4720834915
"2024-04-26 20:00:00",132.1813354828
"2024-04-26 21:00:00",118.8804598833
"2024-04-26 22:00:00",117.8840993
"2024-04-26 23:00:00",119.5249368163
"2024-04-27 00:00:00",120.3454765833
"2024-04-27 01:00:00",113.4985633333
"2024-04-27 03:00:00",113.3218329091
"2024-04-27 04:00:00",110.7257573023
"2024-04-27 05:00:00",121.4745854815
"2024-04-27 06:00:00",127.4041611667
"2024-04-27 07:00:00",162.6216975
"2024-04-27 08:00:00",177.8647967797
"2024-04-27 09:00:00",164.8807906667
"2024-04-27 10:00:00",187.9953315
"2024-04-27 11:00:00",230.5100045
"2024-04-27 12:00:00",234.8419745
"2024-04-27 13:00:00",252.5945945
"2024-04-27 14:00:00",218.5052931667
"2024-04-27 15:00:00",240.1198218333
"2024-04-27 16:00:00",193.2481485
"2024-04-27 17:00:00",162.8669725
"2024-04-27 18:00:00",154.3762785
"2024-04-27 19:00:00",134.004161
"2024-04-27 20:00:00",127.8122756
"2024-04-27 21:00:00",132.14200525
"2024-04-27 22:00:00",118.2471464833
"2024-04-27 23:00:00",112.3932940333
"2024-04-28 00:00:00",128.1357240513
"2024-04-28 01:00:00",121.2844768621
"2024-04-28 02:00:00",125.5650314211
"2024-04-28 03:00:00",105.6353531667
"2024-04-28 04:00:00",121.4279635581
"2024-04-28 05:00:00",119.1308590385
"2024-04-28 06:00:00",142.7372955
"2024-04-28 07:00:00",149.6969775
"2024-04-28 08:00:00",166.8766463333
"2024-04-28 09:00:00",204.0492198333
"2024-04-28 10:00:00",218.1082516667
"2024-04-28 11:00:00",344.1035728333
"2024-04-28 12:00:00",304.2973521667
"2024-04-28 13:00:00",264.008003
"2024-04-28 14:00:00",257.308183
"2024-04-28 15:00:00",252.1914661667
"2024-04-28 16:00:00",226.4945461667
"2024-04-28 17:00:00",170.1780831667
"2024-04-28 18:00:00",153.483147
"2024-04-28 19:00:00",130.5298490667
"2024-04-28 20:00:00",125.2512042167
"2024-04-28 21:00:00",123.0598050167
"2024-04-28 22:00:00",115.8725985667
"2024-04-28 23:00:00",119.238048234
"2024-04-29 00:00:00",
"2024-04-29 01:00:00",
"2024-04-29 02:00:00",110.8655814333
"2024-04-29 03:00:00",111.7747853846
"2024-04-29 04:00:00",121.2569940769
"2024-04-29 05:00:00",123.4725567833
"2024-04-29 06:00:00",143.5551009
"2024-04-29 07:00:00",173.7840763333
"2024-04-29 08:00:00",194.6485925
"2024-04-29 09:00:00",243.0097321667
"2024-04-29 10:00:00",301.9597978333
"2024-04-29 11:00:00",247.8953523333
"2024-04-29 12:00:00",357.2843933333
"2024-04-29 13:00:00",459.0055485
"2024-04-29 14:00:00",301.0867533333
"2024-04-29 15:00:00",251.7217676667
"2024-04-29 16:00:00",279.3611765
"2024-04-29 17:00:00",199.5854578333
"2024-04-29 18:00:00",162.3251695
"2024-04-29 19:00:00",137.5984453333
"2024-04-29 20:00:00",122.7430551667
"2024-04-29 21:00:00",127.4767018
"2024-04-29 22:00:00",118.6112171818
"2024-04-29 23:00:00",113.7538897174
"2024-04-30 00:00:00",120.00887
"2024-04-30 01:00:00",112.0321617273
"2024-04-30 02:00:00",119.4339041579
"2024-04-30 03:00:00",130.9334734138
"2024-04-30 04:00:00",118.5517584595
"2024-04-30 05:00:00",130.7036643333
"2024-04-30 06:00:00",142.4763618333
"2024-04-30 07:00:00",165.516736
"2024-04-30 08:00:00",174.5657473333
"2024-04-30 09:00:00",200.593381
"2024-04-30 10:00:00",208.4642428333
"2024-04-30 11:00:00",220.4021695
"2024-04-30 12:00:00",236.2809366667
"2024-04-30 13:00:00",248.788077
"2024-04-30 14:00:00",242.9155303333
"2024-04-30 15:00:00",273.1803915
"2024-04-30 16:00:00",232.7815703333
"2024-04-30 17:00:00",170.2655745
"2024-04-30 18:00:00",160.2181423333
"2024-04-30 19:00:00",146.404557
"2024-04-30 20:00:00",135.4210134833
"2024-04-30 21:00:00",128.04276535
"2024-04-30 22:00:00",130.2110005789
"2024-04-30 23:00:00",126.0440774583
"2024-05-01 00:00:00",128.6630925
"2024-05-01 01:00:00",126.44787925
"2024-05-01 02:00:00",
"2024-05-01 03:00:00",
"2024-05-01 04:00:00",111.5204727778
"2024-05-01 05:00:00",125.0949758667
"2024-05-01 06:00:00",137.6306861833
"2024-05-01 07:00:00",159.5312358333
"2024-05-01 08:00:00",176.198552
"2024-05-01 09:00:00",179.1577885
"2024-05-01 10:00:00",225.7325906667
"2024-05-01 11:00:00",240.9246556667
"2024-05-01 12:00:00",293.6857756667
"2024-05-01 13:00:00",399.0953775
"2024-05-01 14:00:00",330.793941
"2024-05-01 15:00:00",231.6242653333
"2024-05-01 16:00:00",269.430004
"2024-05-01 17:00:00",238.623461
"2024-05-01 18:00:00",175.0008106667
"2024-05-01 19:00:00",143.3361666833
"2024-05-01 20:00:00",127.7308647833
"2024-05-01 21:00:00",131.7682908167
"2024-05-01 22:00:00",123.7846883
"2024-05-01 23:00:00",118.9766375652
"2024-05-02 00:00:00",132.3343647742
"2024-05-02 01:00:00",113.4834058
"2024-05-02 02:00:00",
"2024-05-02 03:00:00",
"2024-05-02 04:00:00",109.7177150179
"2024-05-02 05:00:00",124.40950925
"2024-05-02 06:00:00",141.9719070667
"2024-05-02 07:00:00",166.2556081667
"2024-05-02 08:00:00",186.8019822034
"2024-05-02 09:00:00",196.0483941667
"2024-05-02 10:00:00",232.9828455
"2024-05-02 11:00:00",242.5946276667
"2024-05-02 12:00:00",224.8787346667
"2024-05-02 13:00:00",218.1381748333
"2024-05-02 14:00:00",216.5033098333
"2024-05-02 15:00:00",226.0390626667
"2024-05-02 16:00:00",206.6653843333
"2024-05-02 17:00:00",166.4813348333
"2024-05-02 18:00:00",146.7711213333
"2024-05-02 19:00:00",126.9454434
"2024-05-02 20:00:00",138.1890105
"2024-05-02 21:00:00",118.1150441333
"2024-05-02 22:00:00",122.9873685
"2024-05-02 23:00:00",110.3620769333
"2024-05-03 00:00:00",115.0160367727
"2024-05-03 01:00:00",114.6816882143
"2024-05-03 02:00:00",121.8514
"2024-05-03 03:00:00",111.4709895
"2024-05-03 04:00:00",112.8036769032
"2024-05-03 05:00:00",120.9874826333
"2024-05-03 06:00:00",137.4077151
"2024-05-03 07:00:00",148.1195553333
"2024-05-03 08:00:00",169.2028933333
"2024-05-03 09:00:00",178.5681025
"2024-05-03 10:00:00",185.4326923333
"2024-05-03 11:00:00",187.9469135
"2024-05-03 12:00:00",193.7178746667
"2024-05-03 13:00:00",180.174239
"2024-05-03 14:00:00",184.0365381667
"2024-05-03 15:00:00",177.0094323333
"2024-05-03 16:00:00",153.7695646667
"2024-05-03 17:00:00",144.4638498333
"2024-05-03 18:00:00",139.0661559833
"2024-05-03 19:00:00",129.3537460833
"2024-05-03 20:00:00",133.7409226833
"2024-05-03 21:00:00",128.8187101167
"2024-05-03 22:00:00",120.4899792927
"2024-05-03 23:00:00",112.2054493667
"2024-05-04 00:00:00",130.1328744878
"2024-05-04 01:00:00",112.42847492
"2024-05-04 02:00:00",114.7836324412
"2024-05-04 03:00:00",
"2024-05-04 04:00:00",
"2024-05-04 05:00:00",122.0938631579
"2024-05-04 06:00:00",135.4498215676
"2024-05-04 07:00:00",141.5956522333
"2024-05-04 08:00:00",167.4601443333
"2024-05-04 09:00:00",176.410709
"2024-05-04 10:00:00",244.3616901667
"2024-05-04 11:00:00",280.2504896667
"2024-05-04 12:00:00",335.6292283333
"2024-05-04 13:00:00",267.4952173333
"2024-05-04 14:00:00",207.84252
"2024-05-04 15:00:00",193.3684318333
"2024-05-04 16:00:00",208.8278775
"2024-05-04 17:00:00",175.042297
"2024-05-04 18:00:00",137.98694395
"2024-05-04 19:00:00",132.6211500667
"2024-05-04 20:00:00",122.6336502333
"2024-05-04 21:00:00",134.32531105
"2024-05-04 22:00:00",117.1979697069
"2024-05-04 23:00:00",122.2605549286
"2024-05-05 00:00:00",128.9197527727
"2024-05-05 01:00:00",117.2323104857
"2024-05-05 02:00:00",120.4574183793
"2024-05-05 03:00:00",
"2024-05-05 04:00:00",114.9386570345
"2024-05-05 05:00:00",116.8141990769
"2024-05-05 06:00:00",121.3629043793
"2024-05-05 07:00:00",124.9103662
"2024-05-05 08:00:00",167.2218483333
"2024-05-05 09:00:00",176.7938343333
"2024-05-05 10:00:00",205.983658
"2024-05-05 11:00:00",220.6902833333
"2024-05-05 12:00:00",214.8138401667
"2024-05-05 13:00:00",201.4477521667
"2024-05-05 14:00:00",195.3748183333
"2024-05-05 15:00:00",187.2361786667
"2024-05-05 16:00:00",184.474248
"2024-05-05 17:00:00",165.8333053333
"2024-05-05 18:00:00",142.3141978333
"2024-05-05 19:00:00",136.3643495
"2024-05-05 20:00:00",129.27746815
"2024-05-05 21:00:00",119.4593006333
"2024-05-05 22:00:00",117.2131591167
"2024-05-05 23:00:00",128.9810985238
"2024-05-06 00:00:00",
"2024-05-06 01:00:00",
"2024-05-06 02:00:00",
"2024-05-06 03:00:00",114.4210727308
"2024-05-06 04:00:00",118.92742362
"2024-05-06 05:00:00",121.4628907333
"2024-05-06 06:00:00",136.3230287333
"2024-05-06 07:00:00",147.9860876667
"2024-05-06 08:00:00",161.4155405
"2024-05-06 09:00:00",179.0175398333
"2024-05-06 10:00:00",177.7156615
"2024-05-06 11:00:00",183.5623023333
"2024-05-06 12:00:00",180.1161563333
"2024-05-06 13:00:00",176.7706298333
"2024-05-06 14:00:00",178.6314841667
"2024-05-06 15:00:00",176.857503
"2024-05-06 16:00:00",168.5580565
"2024-05-06 17:00:00",140.9206048333
"2024-05-06 18:00:00",138.5527226667
"2024-05-06 19:00:00",126.3919710714
"2024-05-06 20:00:00",124.2799763393
"2024-05-06 21:00:00",119.7984072833
"2024-05-06 22:00:00",117.5585134706
"2024-05-06 23:00:00",111.8878333214
"2024-05-07 00:00:00",106.20299452
"2024-05-07 01:00:00",130.84784
"2024-05-07 02:00:00",127.6109403077
"2024-05-07 03:00:00",
"2024-05-07 04:00:00",114.96464464
"2024-05-07 05:00:00",118.5436756
"2024-05-07 06:00:00",145.8092459333
"2024-05-07 07:00:00",145.1567196667
"2024-05-07 08:00:00",159.084506
"2024-05-07 09:00:00",157.888984
"2024-05-07 10:00:00",193.7301626667
"2024-05-07 11:00:00",165.2407336667
"2024-05-07 12:00:00",179.5766285
"2024-05-07 13:00:00",184.6389748333
"2024-05-07 14:00:00",182.0277643333
"2024-05-07 15:00:00",170.3704508333
"2024-05-07 16:00:00",178.9774741667
"2024-05-07 17:00:00",144.339475
"2024-05-07 18:00:00",132.2633277333
"2024-05-07 19:00:00",127.2162841167
"2024-05-07 20:00:00",145.4231611667
"2024-05-07 21:00:00",133.7566644167
"2024-05-07 22:00:00",123.8671858824
"2024-05-07 23:00:00",100.4568077778
"2024-05-08 00:00:00",111.9042127143
"2024-05-08 01:00:00",
"2024-05-08 02:00:00",
"2024-05-08 03:00:00",114.887255
"2024-05-08 04:00:00",109.8019385682
"2024-05-08 05:00:00",122.32406605
"2024-05-08 06:00:00",139.3529657333
"2024-05-08 07:00:00",140.4910195
"2024-05-08 08:00:00",161.5262026667
"2024-05-08 09:00:00",176.0488583333
"2024-05-08 10:00:00",179.7720618333
"2024-05-08 11:00:00",179.4773681667
"2024-05-08 12:00:00",179.1150826667
"2024-05-08 13:00:00",180.9912346667
"2024-05-08 14:00:00",192.3380538333
"2024-05-08 15:00:00",180.1859168333
"2024-05-08 16:00:00",174.9288448333
"2024-05-08 17:00:00",189.067196
"2024-05-08 18:00:00",161.5397384167
"2024-05-08 19:00:00",140.0959400667
"2024-05-08 20:00:00",149.29415065
"2024-05-08 21:00:00",140.0272435
"2024-05-08 22:00:00",122.8141573167
"2024-05-08 23:00:00",121.060874775
"2024-05-09 00:00:00",109.2594992353
"2024-05-09 01:00:00",129.1448107143
"2024-05-09 02:00:00",126.5510798889
"2024-05-09 03:00:00",116.9275178529
"2024-05-09 04:00:00",124.844295
"2024-05-09 05:00:00",123.6861840192
"2024-05-09 06:00:00",114.325963098
"2024-05-09 07:00:00",135.4168107407
"2024-05-09 08:00:00",161.1725608333
"2024-05-09 09:00:00",172.5223515
"2024-05-09 10:00:00",186.0554161667
"2024-05-09 11:00:00",211.7093193333
"2024-05-09 12:00:00",236.3114373333
"2024-05-09 13:00:00",241.144559
"2024-05-09 14:00:00",204.7826441667
"2024-05-09 15:00:00",204.681344
"2024-05-09 16:00:00",195.9645391667
"2024-05-09 17:00:00",181.460139
"2024-05-09 18:00:00",161.2882385
"2024-05-09 19:00:00",129.4068720167
"2024-05-09 20:00:00",125.9801688
"2024-05-09 21:00:00",127.48068115
"2024-05-09 22:00:00",119.969099
"2024-05-09 23:00:00",110.8229650256
"2024-05-10 00:00:00",117.5807298214
"2024-05-10 01:00:00",121.7199043793
"2024-05-10 02:00:00",
"2024-05-10 03:00:00",157.7573438889
"2024-05-10 04:00:00",126.4577280714
"2024-05-10 05:00:00",118.6970600667
"2024-05-10 06:00:00",137.0362841833
"2024-05-10 07:00:00",144.7561845
"2024-05-10 08:00:00",166.7646368333
"2024-05-10 09:00:00",187.2536148333
"2024-05-10 10:00:00",202.9606945
"2024-05-10 11:00:00",199.6639196667
"2024-05-10 12:00:00",235.093170678
"2024-05-10 13:00:00",202.145824
"2024-05-10 14:00:00",211.8726723333
"2024-05-10 15:00:00",185.2382555
"2024-05-10 16:00:00",190.1726686667
"2024-05-10 17:00:00",171.3370426667
"2024-05-10 18:00:00",155.692637
"2024-05-10 19:00:00",141.48949
"2024-05-10 20:00:00",130.0240459833
"2024-05-10 21:00:00",133.1432008167
"2024-05-10 22:00:00",121.19653885
"2024-05-10 23:00:00",122.7266365
"2024-05-11 00:00:00",126.4400202
"2024-05-11 01:00:00",113.0617030833
"2024-05-11 02:00:00",119.6828116071
"2024-05-11 03:00:00",
"2024-05-11 04:00:00",
"2024-05-11 05:00:00",119.9809842187
"2024-05-11 06:00:00",123.4593190667
"2024-05-11 07:00:00",156.293465
"2024-05-11 08:00:00",165.2038146667
"2024-05-11 09:00:00",171.736359
"2024-05-11 10:00:00",173.2319458333
"2024-05-11 11:00:00",193.8742903333
"2024-05-11 12:00:00",187.178693
"2024-05-11 13:00:00",183.8019235
"2024-05-11 14:00:00",188.4691913333
"2024-05-11 15:00:00",167.5567173333
"2024-05-11 16:00:00",170.2513063333
"2024-05-11 17:00:00",150.560861
"2024-05-11 18:00:00",148.1237601667
"2024-05-11 19:00:00",140.2432600833
"2024-05-11 20:00:00",132.4798032
"2024-05-11 21:00:00",136.0381671667
"2024-05-11 22:00:00",128.53582085
"2024-05-11 23:00:00",126.5750491167
"2024-05-12 00:00:00",131.62486995
"2024-05-12 01:00:00",119.9277823667
"2024-05-12 02:00:00",118.8445334286
"2024-05-12 03:00:00",113.0353756792
"2024-05-12 04:00:00",120.3400346222
"2024-05-12 05:00:00",122.6260488478
"2024-05-12 06:00:00",130.9056525417
"2024-05-12 07:00:00",134.9031174167
"2024-05-12 08:00:00",144.8230195
"2024-05-12 09:00:00",164.7383186667
"2024-05-12 10:00:00",176.1323028333
"2024-05-12 11:00:00",183.2534181667
"2024-05-12 12:00:00",178.0591545
"2024-05-12 13:00:00",192.9959078333
"2024-05-12 14:00:00",178.580238
"2024-05-12 15:00:00",187.631943
"2024-05-12 16:00:00",173.9814675
"2024-05-12 17:00:00",150.0503853333
"2024-05-12 18:00:00",148.1902239
"2024-05-12 19:00:00",141.7438148333
"2024-05-12 20:00:00",133.54661075
"2024-05-12 21:00:00",129.73401995
"2024-05-12 22:00:00",127.7879456111
"2024-05-12 23:00:00",124.8834422
"2024-05-13 00:00:00",131.2136458333
"2024-05-13 01:00:00",
"2024-05-13 02:00:00",
"2024-05-13 03:00:00",108.350875
"2024-05-13 04:00:00",120.5471059273
"2024-05-13 05:00:00",127.6083983333
"2024-05-13 06:00:00",141.662257
"2024-05-13 08:00:00",138.7723037333
"2024-05-13 09:00:00",143.3701953333
"2024-05-13 10:00:00",149.7986778333
"2024-05-13 11:00:00",156.9562276667
"2024-05-13 12:00:00",148.8499063333
"2024-05-13 13:00:00",148.412866
"2024-05-13 14:00:00",148.3970318333
"2024-05-13 15:00:00",140.9809221667
"2024-05-13 16:00:00",146.7305048333
"2024-05-13 17:00:00",121.0890682167
"2024-05-13 18:00:00",132.7062623333
"2024-05-13 19:00:00",128.4799271833
"2024-05-13 20:00:00",129.4943563667
"2024-05-13 21:00:00",115.8566114833
"2024-05-13 22:00:00",117.8545433833
"2024-05-13 23:00:00",125.2584533333
"2024-05-14 00:00:00",121.5879280625
"2024-05-14 01:00:00",116.4788530476
"2024-05-14 02:00:00",
"2024-05-14 03:00:00",
"2024-05-14 04:00:00",106.7100327917
"2024-05-14 05:00:00",136.99048405
"2024-05-14 06:00:00",138.8631861
"2024-05-14 07:00:00",157.124527
"2024-05-14 08:00:00",140.0807251667
"2024-05-14 09:00:00",147.7769686667
"2024-05-14 10:00:00",145.9530775333
"2024-05-14 11:00:00",139.8307948333
"2024-05-14 12:00:00",148.1948841667
"2024-05-14 13:00:00",162.4268625
"2024-05-14 14:00:00",152.2630745
"2024-05-14 15:00:00",159.0600251667
"2024-05-14 16:00:00",152.8701048333
"2024-05-14 17:00:00",148.5288008167
"2024-05-14 18:00:00",129.3498939833
"2024-05-14 19:00:00",129.3916242833
"2024-05-14 20:00:00",119.90212015
"2024-05-14 21:00:00",121.8094570333
"2024-05-14 22:00:00",121.5346818636
"2024-05-14 23:00:00",117.75026535
"2024-05-15 00:00:00",122.4355254694
"2024-05-15 01:00:00",
"2024-05-15 02:00:00",127.19822225
"2024-05-15 03:00:00",130.1744881837
"2024-05-15 04:00:00",119.8722590167
"2024-05-15 05:00:00",118.5237067333
"2024-05-15 06:00:00",135.4565994833
"2024-05-15 07:00:00",150.2985786667
"2024-05-15 08:00:00",147.593719
"2024-05-15 09:00:00",144.8361445
"2024-05-15 10:00:00",157.3814451667
"2024-05-15 11:00:00",145.56993365
"2024-05-15 12:00:00",154.5898741667
"2024-05-15 13:00:00",157.7604061667
"2024-05-15 14:00:00",143.1029451667
"2024-05-15 15:00:00",154.9893661667
"2024-05-15 16:00:00",148.2363215
"2024-05-15 17:00:00",130.31625955
"2024-05-15 18:00:00",129.0082715667
"2024-05-15 19:00:00",128.8056516
"2024-05-15 20:00:00",121.7816908167
"2024-05-15 21:00:00",120.7897398667
"2024-05-15 22:00:00",127.2378957333
"2024-05-15 23:00:00",123.4149904318
"2024-05-16 00:00:00",119.4735329821
"2024-05-16 01:00:00",
"2024-05-16 02:00:00",
"2024-05-16 03:00:00",
"2024-05-16 04:00:00",112.4223200435
"2024-05-16 05:00:00",125.6194229167
"2024-05-16 06:00:00",184.0430958333
"2024-05-16 07:00:00",187.8949066667
"2024-05-16 08:00:00",175.8610275
"2024-05-16 09:00:00",181.2058276667
"2024-05-16 10:00:00",180.0955683333
"2024-05-16 11:00:00",180.74228
"2024-05-16 12:00:00",179.1049203333
"2024-05-16 13:00:00",170.3654495
"2024-05-16 14:00:00",178.1025301667
"2024-05-16 15:00:00",145.083022
"2024-05-16 16:00:00",149.857387
"2024-05-16 17:00:00",137.4402402167
"2024-05-16 18:00:00",132.76244585
"2024-05-16 19:00:00",129.3021736667
"2024-05-16 20:00:00",128.4921361833
"2024-05-16 21:00:00",125.1690995833
"2024-05-16 22:00:00",119.9844844792
"2024-05-16 23:00:00",122.37365465
"2024-05-17 00:00:00",119.9166201429
"2024-05-17 01:00:00",123.0800475263
"2024-05-17 02:00:00",
"2024-05-17 03:00:00",124.2039226596
"2024-05-17 04:00:00",113.041115
"2024-05-17 05:00:00",128.4416623333
"2024-05-17 06:00:00",132.4533823
"2024-05-17 07:00:00",147.2924256667
"2024-05-17 08:00:00",187.3081768333
"2024-05-17 09:00:00",175.7355945
"2024-05-17 10:00:00",143.4147611667
"2024-05-17 11:00:00",150.0607545
"2024-05-17 12:00:00",156.6333898333
"2024-05-17 13:00:00",141.0278035
"2024-05-17 14:00:00",159.0112473333
"2024-05-17 15:00:00",146.1346486667
"2024-05-17 16:00:00",143.2986343333
"2024-05-17 17:00:00",137.0438069833
"2024-05-17 18:00:00",128.2568602
"2024-05-17 19:00:00",120.0926447833
"2024-05-17 20:00:00",126.64892915
"2024-05-17 21:00:00",135.4481710667
"2024-05-17 22:00:00",123.85569365
"2024-05-17 23:00:00",116.2956098276
"2024-05-18 00:00:00",122.8182653056
"2024-05-18 01:00:00",110.0610934444
"2024-05-18 02:00:00",121.2051466
"2024-05-18 03:00:00",116.9339706222
"2024-05-18 04:00:00",119.8427016
"2024-05-18 05:00:00",110.1700222703
"2024-05-18 06:00:00",119.8466898333
"2024-05-18 07:00:00",130.6941301167
"2024-05-18 08:00:00",138.3730470167
"2024-05-18 09:00:00",142.8794713333
"2024-05-18 10:00:00",146.747216
"2024-05-18 11:00:00",146.4271966667
"2024-05-18 12:00:00",143.1022818333
"2024-05-18 13:00:00",148.0920733333
"2024-05-18 14:00:00",151.3821143333
"2024-05-18 15:00:00",137.4834305
"2024-05-18 16:00:00",141.3222853667
"2024-05-18 17:00:00",133.223228
"2024-05-18 18:00:00",127.65905535
"2024-05-18 19:00:00",130.6459861667
"2024-05-18 20:00:00",127.7674469167
"2024-05-18 21:00:00",122.7799352
"2024-05-18 22:00:00",121.5520175167
"2024-05-18 23:00:00",117.6006238167
"2024-05-19 00:00:00",120.76652335
"2024-05-19 01:00:00",115.7046386667
"2024-05-19 02:00:00",111.1342953667
"2024-05-19 03:00:00",117.9766496552
"2024-05-19 04:00:00",
"2024-05-19 05:00:00",
"2024-05-19 06:00:00",129.0609623077
"2024-05-19 07:00:00",117.9282420667
"2024-05-19 08:00:00",130.64229705
"2024-05-19 09:00:00",158.3618431
"2024-05-19 10:00:00",139.5555461667
"2024-05-19 11:00:00",144.5714945
"2024-05-19 12:00:00",146.6514758333
"2024-05-19 13:00:00",149.3883636667
"2024-05-19 14:00:00",142.8363266
"2024-05-19 15:00:00",137.9095072333
"2024-05-19 16:00:00",148.8352991667
"2024-05-19 17:00:00",131.94965855
"2024-05-19 18:00:00",139.8597844167
"2024-05-19 19:00:00",134.0320076
"2024-05-19 20:00:00",128.20226855
"2024-05-19 21:00:00",135.5070131167
"2024-05-19 22:00:00",118.6730211833
"2024-05-19 23:00:00",124.0923907407
"2024-05-20 00:00:00",126.0645566296
"2024-05-20 01:00:00",109.8349286333
"2024-05-20 02:00:00",122.2664290508
"2024-05-20 03:00:00",117.1331906667
"2024-05-20 04:00:00",
"2024-05-20 05:00:00",113.408597
"2024-05-20 06:00:00",157.1835472222
"2024-05-20 07:00:00",122.0994616667
"2024-05-20 08:00:00",125.6692770167
"2024-05-20 09:00:00",152.0371128333
"2024-05-20 10:00:00",155.7711725
"2024-05-20 11:00:00",154.8914465
"2024-05-20 12:00:00",153.5272991667
"2024-05-20 13:00:00",150.9243498333
"2024-05-20 14:00:00",150.8570586667
"2024-05-20 15:00:00",152.484765
"2024-05-20 16:00:00",136.5006786667
"2024-05-20 17:00:00",137.5595425167
"2024-05-20 18:00:00",125.01293245
"2024-05-20 19:00:00",132.3258222
"2024-05-20 20:00:00",128.9489127333
"2024-05-20 21:00:00",123.92230094
"2024-05-20 22:00:00",121.5771254615
"2024-05-20 23:00:00",123.76139
"2024-05-21 00:00:00",
"2024-05-21 01:00:00",
"2024-05-21 02:00:00",
"2024-05-21 03:00:00",
"2024-05-21 04:00:00",114.4357213333
"2024-05-21 05:00:00",123.0711043636
"2024-05-21 06:00:00",138.9077603833
"2024-05-21 07:00:00",145.6970181667
"2024-05-21 08:00:00",143.433648
"2024-05-21 09:00:00",155.2448611667
"2024-05-21 10:00:00",142.987856
"2024-05-21 11:00:00",143.1648038333
"2024-05-21 12:00:00",154.0454435
"2024-05-21 13:00:00",165.7807721667
"2024-05-21 14:00:00",154.9818488333
"2024-05-21 15:00:00",155.150472
"2024-05-21 16:00:00",138.4505993
"2024-05-21 17:00:00",127.4951794
"2024-05-21 18:00:00",128.16987055
"2024-05-21 19:00:00",128.4641824333
"2024-05-21 20:00:00",124.4555954167
"2024-05-21 21:00:00",129.1817754783
"2024-05-21 22:00:00",124.1861385918
"2024-05-21 23:00:00",135.80527415
"2024-05-22 00:00:00",
"2024-05-22 01:00:00",
"2024-05-22 02:00:00",103.4659778571
"2024-05-22 03:00:00",118.8030156667
"2024-05-22 04:00:00",118.5138155172
"2024-05-22 05:00:00",126.0679842667
"2024-05-22 06:00:00",136.4917176
"2024-05-22 07:00:00",153.2039986667
"2024-05-22 08:00:00",143.6960401667
"2024-05-22 09:00:00",143.2855628333
"2024-05-22 10:00:00",156.0984451667
"2024-05-22 11:00:00",149.8932363333
"2024-05-22 12:00:00",147.740205
"2024-05-22 13:00:00",147.1866236667
"2024-05-22 14:00:00",155.2458993333
"2024-05-22 15:00:00",146.8720445
"2024-05-22 16:00:00",137.9166952667
"2024-05-22 17:00:00",125.4423593833
"2024-05-22 18:00:00",123.6306237167
"2024-05-22 19:00:00",124.3593233667
"2024-05-22 20:00:00",123.3000462833
"2024-05-22 21:00:00",123.4945755333
"2024-05-22 22:00:00",120.1857020816
"2024-05-22 23:00:00",119.9572155893
"2024-05-23 00:00:00",115.0911738437
"2024-05-23 01:00:00",119.9176407143
"2024-05-23 02:00:00",107.7537436774
"2024-05-23 03:00:00",119.9949957333
"2024-05-23 04:00:00",115.63369645
"2024-05-23 05:00:00",126.1176726167
"2024-05-23 06:00:00",141.1959503667
"2024-05-23 07:00:00",152.9621211667
"2024-05-23 08:00:00",143.9505988333
"2024-05-23 09:00:00",145.9084601667
"2024-05-23 10:00:00",162.0691018333
"2024-05-23 11:00:00",153.3650191667
"2024-05-23 12:00:00",143.5299259333
"2024-05-23 13:00:00",151.2010125
"2024-05-23 14:00:00",152.2989266667
"2024-05-23 15:00:00",151.8215733333
"2024-05-23 16:00:00",159.7706921667
"2024-05-23 17:00:00",130.0152307833
"2024-05-23 18:00:00",142.2778076167
"2024-05-23 19:00:00",130.9767717667
"2024-05-23 20:00:00",121.7044295
"2024-05-23 21:00:00",120.7164148667
"2024-05-23 22:00:00",118.0826753929
"2024-05-23 23:00:00",127.0575182909
"2024-05-24 00:00:00",121.2183086207
"2024-05-24 01:00:00",112.1110455
"2024-05-24 02:00:00",
"2024-05-24 03:00:00",
"2024-05-24 05:00:00",121.9945419623
"2024-05-24 06:00:00",143.6135894
"2024-05-24 07:00:00",140.0925803333
"2024-05-24 08:00:00",138.9310256833
"2024-05-24 09:00:00",145.2174988333
"2024-05-24 10:00:00",148.8983838983
"2024-05-24 11:00:00",152.3946763333
"2024-05-24 12:00:00",146.4014426667
"2024-05-24 13:00:00",152.3366883333
"2024-05-24 14:00:00",157.6659688333
"2024-05-24 15:00:00",146.9191788333
"2024-05-24 16:00:00",143.7802736667
"2024-05-24 17:00:00",134.7557145833
"2024-05-24 18:00:00",149.6600566
"2024-05-24 19:00:00",128.80411775
"2024-05-24 20:00:00",123.4817359592
"2024-05-24 21:00:00",126.5783887833
"2024-05-24 22:00:00",125.3136751667
"2024-05-24 23:00:00",119.7059760769
"2024-05-25 00:00:00",127.8293051667
"2024-05-25 01:00:00",119.3064713
"2024-05-25 02:00:00",126.5748462182
"2024-05-25 03:00:00",123.413538525
"2024-05-25 04:00:00",121.3505876724
"2024-05-25 05:00:00",115.8624319091
"2024-05-25 06:00:00",119.31238404
"2024-05-25 07:00:00",124.69938905
"2024-05-25 08:00:00",152.8492678333
"2024-05-25 09:00:00",148.6184342333
"2024-05-25 10:00:00",144.2339393333
"2024-05-25 11:00:00",169.4331791667
"2024-05-25 12:00:00",189.8595818333
"2024-05-25 13:00:00",189.0322206667
"2024-05-25 14:00:00",187.9589205
"2024-05-25 15:00:00",176.8941508333
"2024-05-25 16:00:00",148.79951
"2024-05-25 17:00:00",141.3592921667
"2024-05-25 18:00:00",149.1204165
"2024-05-25 19:00:00",167.5304117308
"2024-05-25 20:00:00",169.6915256667
"2024-05-25 21:00:00",152.6667308333
"2024-05-25 22:00:00",197.0250113333
"2024-05-26 00:00:00",120.5871131667
"2024-05-26 01:00:00",119.027113027
"2024-05-26 02:00:00",113.7325081957
"2024-05-26 03:00:00",114.1598836809
"2024-05-26 04:00:00",118.3484272955
"2024-05-26 05:00:00",124.3124986471
"2024-05-26 06:00:00",110.888358
"2024-05-26 07:00:00",122.1197499535
"2024-05-26 08:00:00",134.3363945
"2024-05-26 09:00:00",140.3730735
"2024-05-26 10:00:00",140.1799806667
"2024-05-26 11:00:00",138.2354908333
"2024-05-26 12:00:00",141.4975168333
"2024-05-26 13:00:00",148.9793051667
"2024-05-26 14:00:00",133.4403018167
"2024-05-26 15:00:00",134.4891706034
"2024-05-26 16:00:00",133.1036080833
"2024-05-26 17:00:00",131.8121640167
"2024-05-26 18:00:00",130.1350220536
"2024-05-26 19:00:00",127.3267424833
"2024-05-26 21:00:00",123.6704998667
"2024-05-26 22:00:00",126.5255122
"2024-05-26 23:00:00",113.8586477059
"2024-05-27 00:00:00",112.0923944651
"2024-05-27 01:00:00",117.8424301
"2024-05-27 02:00:00",122.4598797188
"2024-05-27 03:00:00",123.9411208
"2024-05-27 04:00:00",111.2130357941
"2024-05-27 05:00:00",120.2526122833
"2024-05-27 06:00:00",140.89990235
"2024-05-27 07:00:00",139.6429246667
"2024-05-27 08:00:00",133.8922872
"2024-05-27 09:00:00",149.8359684167
"2024-05-27 10:00:00",137.8063325
"2024-05-27 11:00:00",141.8941685
"2024-05-27 12:00:00",147.3328381667
"2024-05-27 13:00:00",136.1066633333
"2024-05-27 14:00:00",151.0512126667
"2024-05-27 16:00:00",145.6359214333
"2024-05-27 17:00:00",130.5573557667
"2024-05-27 18:00:00",135.4001802667
"2024-05-27 19:00:00",128.8888227018
"2024-05-27 20:00:00",127.6363329333
"2024-05-27 21:00:00",123.5769273
"2024-05-27 22:00:00",125.1682847358
"2024-05-27 23:00:00",119.7014798182
"2024-05-28 00:00:00",
"2024-05-28 01:00:00",
"2024-05-28 02:00:00",
"2024-05-28 03:00:00",
"2024-05-28 04:00:00",110.82223
"2024-05-28 05:00:00",116.3457214667
"2024-05-28 06:00:00",130.63435535
"2024-05-28 07:00:00",152.1851085833
"2024-05-28 08:00:00",142.4155285
"2024-05-28 09:00:00",145.3548406667
"2024-05-28 10:00:00",142.3062651667
"2024-05-28 11:00:00",142.1517885
"2024-05-28 12:00:00",147.588853
"2024-05-28 13:00:00",151.0052551667
"2024-05-28 14:00:00",146.5582165
"2024-05-28 15:00:00",161.625965
"2024-05-28 16:00:00",150.5334860167
"2024-05-28 17:00:00",129.1995602167
"2024-05-28 18:00:00",133.354834
"2024-05-28 19:00:00",127.40789945
"2024-05-28 20:00:00",120.9978923833
"2024-05-28 21:00:00",127.0471321667
"2024-05-28 22:00:00",116.3566366333
"2024-05-28 23:00:00",114.9550105806
"2024-05-29 00:00:00",
"2024-05-29 01:00:00",
"2024-05-29 02:00:00",
"2024-05-29 03:00:00",107.155454
"2024-05-29 04:00:00",117.2236552308
"2024-05-29 05:00:00",119.6887847586
"2024-05-29 06:00:00",129.6171218667
"2024-05-29 07:00:00",138.3693649333
"2024-05-29 08:00:00",140.8852715
"2024-05-29 09:00:00",148.427583
"2024-05-29 10:00:00",152.3931795
"2024-05-29 12:00:00",
"2024-05-29 13:00:00",151.6324078
"2024-05-29 14:00:00",151.4336375
"2024-05-29 15:00:00",154.7684263333
"2024-05-29 16:00:00",135.768283
"2024-05-29 17:00:00",130.5356485667
"2024-05-29 18:00:00",135.1333858333
"2024-05-29 19:00:00",126.5334706667
"2024-05-29 20:00:00",122.98216785
"2024-05-29 21:00:00",127.7243258077
"2024-05-29 22:00:00",126.5625039643
"2024-05-29 23:00:00",128.5096691176
"2024-05-30 00:00:00",
"2024-05-30 01:00:00",
"2024-05-30 02:00:00",
"2024-05-30 03:00:00",143.721942413
"2024-05-30 04:00:00",103.0866814286
"2024-05-30 05:00:00",120.76802505
"2024-05-30 06:00:00",148.8781646667
"2024-05-30 07:00:00",152.771454
"2024-05-30 08:00:00",140.947643
"2024-05-30 09:00:00",142.801409
"2024-05-30 10:00:00",153.9720073333
"2024-05-30 11:00:00",170.4244995
"2024-05-30 12:00:00",147.7449135
"2024-05-30 13:00:00",147.4387731667
"2024-05-30 14:00:00",156.1444365
"2024-05-30 15:00:00",159.3766125
"2024-05-30 16:00:00",140.1183285
"2024-05-30 17:00:00",140.5582626667
"2024-05-30 18:00:00",125.1273494833
"2024-05-30 19:00:00",121.5364952833
"2024-05-30 20:00:00",126.4186825
"2024-05-30 21:00:00",124.4896292167
"2024-05-30 22:00:00",124.1254158
"2024-05-30 23:00:00",129.736157
"2024-05-31 00:00:00",133.126882
"2024-05-31 01:00:00",
"2024-05-31 02:00:00",118.6833722174
"2024-05-31 03:00:00",123.1084283333
"2024-05-31 04:00:00",109.3223816053
"2024-05-31 05:00:00",123.5417384667
"2024-05-31 06:00:00",136.4281486833
"2024-05-31 07:00:00",147.1515681667
"2024-05-31 08:00:00",148.5511798333
"2024-05-31 09:00:00",157.554903
"2024-05-31 10:00:00",146.8388908333
"2024-05-31 11:00:00",158.6392336667
"2024-05-31 12:00:00",142.7658325
"2024-05-31 13:00:00",147.3180135
"2024-05-31 14:00:00",149.4828806667
"2024-05-31 15:00:00",140.6522071
"2024-05-31 16:00:00",142.4593228333
"2024-05-31 17:00:00",129.19443465
"2024-05-31 18:00:00",128.2632004167
"2024-05-31 19:00:00",129.1730503667
"2024-05-31 20:00:00",135.0936437333
"2024-05-31 21:00:00",127.2873414833
"2024-05-31 22:00:00",130.3819000833
"2024-05-31 23:00:00",130.9283425
"2024-06-01 00:00:00",119.4866830167
"2024-06-01 01:00:00",120.5577779375
"2024-06-01 02:00:00",124.9278595385
"2024-06-01 03:00:00",119.3605648167
"2024-06-01 04:00:00",115.5959615932
"2024-06-01 05:00:00",122.70526865
"2024-06-01 06:00:00",118.9020146136
"2024-06-01 07:00:00",119.5261761833
"2024-06-01 08:00:00",134.1892515
"2024-06-01 09:00:00",139.8418835
"2024-06-01 10:00:00",145.7437436
"2024-06-01 11:00:00",147.002458
"2024-06-01 12:00:00",143.25803425
"2024-06-01 13:00:00",138.6622816667
"2024-06-01 14:00:00",138.7058958
"2024-06-01 15:00:00",147.4265668333
"2024-06-01 16:00:00",135.0508573667
"2024-06-01 17:00:00",127.1870428167
"2024-06-01 18:00:00",122.7334707
"2024-06-01 19:00:00",118.49291155
"2024-06-01 20:00:00",124.21814535
"2024-06-01 21:00:00",127.8627164
"2024-06-01 22:00:00",127.9131375167
"2024-06-01 23:00:00",128.37054342
"2024-06-02 00:00:00",129.48792285
"2024-06-02 01:00:00",107.9775126154
"2024-06-02 02:00:00",117.37845428
"2024-06-02 03:00:00",109.3093431915
"2024-06-02 04:00:00",125.19599
"2024-06-02 05:00:00",114.8776622059
"2024-06-02 06:00:00",124.2979981316
"2024-06-02 07:00:00",117.5968183393
"2024-06-02 08:00:00",121.3407020741
"2024-06-02 09:00:00",150.7042503333
"2024-06-02 10:00:00",144.6877706667
"2024-06-02 11:00:00",143.6555081667
"2024-06-02 12:00:00",137.4056224833
"2024-06-02 13:00:00",152.0556608333
"2024-06-02 14:00:00",142.8545207667
"2024-06-02 15:00:00",139.7080543333
"2024-06-02 16:00:00",134.71759
"2024-06-02 17:00:00",133.9995703333
"2024-06-02 18:00:00",124.6563654333
"2024-06-02 19:00:00",122.8901280667
"2024-06-02 20:00:00",133.3881044167
"2024-06-02 21:00:00",120.1735234333
"2024-06-02 22:00:00",117.5702955893
"2024-06-02 23:00:00",127.9164087368
"2024-06-03 00:00:00",119.8818317692
"2024-06-03 01:00:00",122.5203589118
"2024-06-03 02:00:00",123.2363988889
"2024-06-03 03:00:00",108.9707451154
"2024-06-03 04:00:00",116.33621155
"2024-06-03 05:00:00",121.5654025167
"2024-06-03 06:00:00",133.0224635333
"2024-06-03 07:00:00",150.853198
"2024-06-03 08:00:00",147.5718861667
"2024-06-03 09:00:00",150.0370225
"2024-06-03 10:00:00",146.1354813333
"2024-06-03 11:00:00",141.8421335
"2024-06-03 12:00:00",136.57729835
"2024-06-03 13:00:00",146.1184101667
"2024-06-03 14:00:00",151.1464268333
"2024-06-03 15:00:00",150.0112933333
"2024-06-03 16:00:00",147.8126486667
"2024-06-03 17:00:00",139.5643583
"2024-06-03 18:00:00",130.4951460167
"2024-06-03 19:00:00",126.4370135
"2024-06-03 20:00:00",120.3228595333
"2024-06-03 21:00:00",122.9277958667
"2024-06-03 22:00:00",118.8546844333
"2024-06-03 23:00:00",123.8608025208
"2024-06-04 00:00:00",117.0552997632
"2024-06-04 01:00:00",
"2024-06-04 02:00:00",110.135074625
"2024-06-04 03:00:00",114.6363190667
"2024-06-04 04:00:00",115.3124265882
"2024-06-04 05:00:00",125.6396055667
"2024-06-04 06:00:00",142.4955953833
"2024-06-04 07:00:00",147.9332291667
"2024-06-04 08:00:00",144.9626556667
"2024-06-04 09:00:00",151.1474721667
"2024-06-04 10:00:00",156.647345
"2024-06-04 11:00:00",144.2034611667
"2024-06-04 12:00:00",142.7611398333
"2024-06-04 13:00:00",147.0831715
"2024-06-04 14:00:00",148.3898051667
"2024-06-04 15:00:00",148.6321943333
"2024-06-04 16:00:00",150.4868786667
"2024-06-04 17:00:00",133.5415831833
"2024-06-04 18:00:00",140.84135535
"2024-06-04 19:00:00",123.6465905333
"2024-06-04 20:00:00",121.8620437833
"2024-06-04 21:00:00",126.9984853
"2024-06-04 22:00:00",134.9040396833
"2024-06-04 23:00:00",130.4273202833
"2024-06-05 00:00:00",115.5364330727
"2024-06-05 01:00:00",121.5385231
"2024-06-05 02:00:00",122.8219825833
"2024-06-05 03:00:00",114.6632968125
"2024-06-05 04:00:00",114.8863818167
"2024-06-05 05:00:00",120.7175434667
"2024-06-05 06:00:00",141.69737285
"2024-06-05 07:00:00",136.9253469167
"2024-06-05 08:00:00",141.0525973333
"2024-06-05 09:00:00",156.8708626667
"2024-06-05 10:00:00",153.450117
"2024-06-05 11:00:00",138.1781028333
"2024-06-05 12:00:00",145.2667914167
"2024-06-05 13:00:00",148.4700956667
"2024-06-05 14:00:00",154.9315943333
"2024-06-05 15:00:00",138.0801128333
"2024-06-05 16:00:00",143.3251576667
"2024-06-05 17:00:00",140.5697391833
"2024-06-05 18:00:00",134.7110295
"2024-06-05 19:00:00",131.5542735833
"2024-06-05 20:00:00",126.5008596
"2024-06-05 21:00:00",128.0571713167
"2024-06-05 22:00:00",123.8670573167
"2024-06-05 23:00:00",131.6909004894
"2024-06-06 00:00:00",129.6777731136
"2024-06-06 01:00:00",124.1054791667
"2024-06-06 02:00:00",133.7737198148
"2024-06-06 03:00:00",121.8465619833
"2024-06-06 04:00:00",111.0914795667
"2024-06-06 05:00:00",121.41955955
"2024-06-06 06:00:00",131.9340000667
"2024-06-06 07:00:00",150.6816093333
"2024-06-06 08:00:00",141.5411876667
"2024-06-06 09:00:00",142.9667273333
"2024-06-06 10:00:00",148.3801503333
"2024-06-06 11:00:00",149.95881
"2024-06-06 12:00:00",164.3087186667
"2024-06-06 13:00:00",154.702082
"2024-06-06 14:00:00",151.7462056667
"2024-06-06 15:00:00",142.9740096667
"2024-06-06 16:00:00",139.05813665
"2024-06-06 17:00:00",116.8759256
"2024-06-06 18:00:00",126.2159599667
"2024-06-06 19:00:00",132.4879855
"2024-06-06 20:00:00",127.3356732
"2024-06-06 21:00:00",128.8783012667
"2024-06-06 22:00:00",122.3245947333
"2024-06-06 23:00:00",124.3443634667
"2024-06-07 00:00:00",126.1429702258
"2024-06-07 01:00:00",114.0783698333
"2024-06-07 02:00:00",112.3140165172
"2024-06-07 03:00:00",110.8754938333
"2024-06-07 04:00:00",117.6457373273
"2024-06-07 05:00:00",120.3492576667
"2024-06-07 06:00:00",137.9884803
"2024-06-07 07:00:00",135.8823763
"2024-06-07 08:00:00",134.7350418
"2024-06-07 09:00:00",140.54756825
"2024-06-07 10:00:00",145.2019840833
"2024-06-07 11:00:00",150.0634583333
"2024-06-07 12:00:00",138.1779264286
"2024-06-07 13:00:00",148.0098523333
"2024-06-07 14:00:00",150.8265973333
"2024-06-07 15:00:00",142.071353
"2024-06-07 16:00:00",144.2309558333
"2024-06-07 17:00:00",128.6553351833
"2024-06-07 18:00:00",133.2625411333
"2024-06-07 19:00:00",129.19978275
"2024-06-07 20:00:00",118.54392565
"2024-06-07 21:00:00",124.5514961667
"2024-06-07 22:00:00",127.7972112373
"2024-06-07 23:00:00",119.6729411667
"2024-06-08 00:00:00",135.0851056833
"2024-06-08 01:00:00",124.8202703846
"2024-06-08 02:00:00",130.3917786792
"2024-06-08 03:00:00",131.4642561724
"2024-06-08 04:00:00",108.6074610233
"2024-06-08 05:00:00",118.8279393529
"2024-06-08 06:00:00",109.8693939783
"2024-06-08 07:00:00",117.2953055167
"2024-06-08 08:00:00",132.09757905
"2024-06-08 09:00:00",136.2447614833
"2024-06-08 10:00:00",129.1140668333
"2024-06-08 11:00:00",138.2219525833
"2024-06-08 12:00:00",139.5566066667
"2024-06-08 13:00:00",142.6423791667
"2024-06-08 14:00:00",140.4894498333
"2024-06-08 15:00:00",133.4181587167
"2024-06-08 16:00:00",131.8528414167
"2024-06-08 17:00:00",124.35687005
"2024-06-08 18:00:00",118.6561932667
"2024-06-08 19:00:00",128.95385505
"2024-06-08 20:00:00",126.3687472333
"2024-06-08 21:00:00",128.1413300333
"2024-06-08 22:00:00",128.4342351053
"2024-06-08 23:00:00",128.3162303167
"2024-06-09 00:00:00",116.3611364407
"2024-06-09 01:00:00",120.4992697963
"2024-06-09 02:00:00",113.9710083704
"2024-06-09 03:00:00",117.8373004167
"2024-06-09 04:00:00",116.3210533
"2024-06-09 05:00:00",118.2791932093
"2024-06-09 06:00:00",119.4515587857
"2024-06-09 07:00:00",122.11629872
"2024-06-09 08:00:00",126.8915699833
"2024-06-09 09:00:00",134.1155533833
"2024-06-09 10:00:00",135.5541125167
"2024-06-09 11:00:00",141.4445730667
"2024-06-09 12:00:00",142.4303403333
"2024-06-09 13:00:00",143.8698528333
"2024-06-09 14:00:00",138.1290712
"2024-06-09 15:00:00",133.2291158333
"2024-06-09 16:00:00",140.4102155
"2024-06-09 17:00:00",123.93350345
"2024-06-09 18:00:00",124.3692200833
"2024-06-09 19:00:00",126.5457582167
"2024-06-09 20:00:00",125.7326799833
"2024-06-09 21:00:00",123.940833431
"2024-06-09 22:00:00",122.5579473889
"2024-06-09 23:00:00",115.83194214
"2024-06-10 00:00:00",
"2024-06-10 01:00:00",
"2024-06-10 02:00:00",111.2739378
"2024-06-10 03:00:00",
"2024-06-10 04:00:00",118.640739119
"2024-06-10 05:00:00",122.3327383667
"2024-06-10 06:00:00",145.5474903333
"2024-06-10 07:00:00",146.6963676667
"2024-06-10 08:00:00",137.7498375
"2024-06-10 09:00:00",143.6792611667
"2024-06-10 10:00:00",140.9451853667
"2024-06-10 11:00:00",136.6660192
"2024-06-10 12:00:00",142.8481208333
"2024-06-10 13:00:00",141.3598403333
"2024-06-10 14:00:00",142.6107440833
"2024-06-10 15:00:00",160.9684743333
"2024-06-10 16:00:00",147.5308033333
"2024-06-10 17:00:00",119.62500445
"2024-06-10 18:00:00",137.8409205167
"2024-06-10 19:00:00",122.15173645
"2024-06-10 20:00:00",123.3196415333
"2024-06-10 21:00:00",124.5892531786
"2024-06-10 22:00:00",121.8967828793
"2024-06-10 23:00:00",130.7286548039
"2024-06-11 00:00:00",
"2024-06-11 01:00:00",120.3420807857
"2024-06-11 02:00:00",106.1152973333
"2024-06-11 03:00:00",114.6635901739
"2024-06-11 04:00:00",117.170996
"2024-06-11 05:00:00",123.6287862167
"2024-06-11 06:00:00",149.9091665
"2024-06-11 07:00:00",142.3372138333
"2024-06-11 08:00:00",144.22791175
"2024-06-11 09:00:00",145.0097036667
"2024-06-11 10:00:00",154.0983623333
"2024-06-11 11:00:00",141.5836728333
"2024-06-11 12:00:00",146.5093461667
"2024-06-11 13:00:00",145.241987
"2024-06-11 14:00:00",141.5680791667
"2024-06-11 15:00:00",145.3406728333
"2024-06-11 16:00:00",141.7348508333
"2024-06-11 17:00:00",137.3503263333
"2024-06-11 18:00:00",122.16442085
"2024-06-11 19:00:00",140.9343905918
"2024-06-11 20:00:00",124.5057196042
"2024-06-11 21:00:00",126.9669519667
"2024-06-11 22:00:00",119.7603702264
"2024-06-11 23:00:00",119.2548984423
"2024-06-12 00:00:00",
"2024-06-12 01:00:00",
"2024-06-12 02:00:00",116.7036480667
"2024-06-12 03:00:00",
"2024-06-12 04:00:00",114.1936292333
"2024-06-12 05:00:00",120.8081985
"2024-06-12 06:00:00",137.1975367833
"2024-06-12 07:00:00",134.2585476167
"2024-06-12 08:00:00",139.2267139
"2024-06-12 09:00:00",136.9564501833
"2024-06-12 10:00:00",144.7195423333
"2024-06-12 11:00:00",136.1788505
"2024-06-12 12:00:00",142.563011
"2024-06-12 13:00:00",149.269631
"2024-06-12 14:00:00",148.5968666667
"2024-06-12 15:00:00",146.5492115
"2024-06-12 16:00:00",143.2634851667
"2024-06-12 17:00:00",132.2111519167
"2024-06-12 18:00:00",131.0095473167
"2024-06-12 19:00:00",122.6426017627
"2024-06-12 20:00:00",125.8322994667
"2024-06-12 21:00:00",125.64503058
"2024-06-12 22:00:00",126.4227336607
"2024-06-12 23:00:00",124.2416563529
"2024-06-13 00:00:00",131.34987
"2024-06-13 01:00:00",132.2796382414
"2024-06-13 02:00:00",138.4245330811
"2024-06-13 03:00:00",126.6790425517
"2024-06-13 04:00:00",109.0410528889
"2024-06-13 05:00:00",127.5527481167
"2024-06-13 06:00:00",142.5015731667
"2024-06-13 07:00:00",137.635474
"2024-06-13 08:00:00",138.9103875333
"2024-06-13 09:00:00",137.194495
"2024-06-13 10:00:00",141.5051459833
"2024-06-13 11:00:00",138.969149
"2024-06-13 12:00:00",145.8104993333
"2024-06-13 13:00:00",149.318213
"2024-06-13 14:00:00",149.6423843333
"2024-06-13 15:00:00",149.284751
"2024-06-13 16:00:00",145.1931785
"2024-06-13 17:00:00",130.2048580833
"2024-06-13 18:00:00",127.3431192
"2024-06-13 19:00:00",119.12389915
"2024-06-13 20:00:00",123.65605045
"2024-06-13 21:00:00",127.3121133167
"2024-06-13 22:00:00",127.51026242
"2024-06-13 23:00:00",133.2453910167
"2024-06-14 00:00:00",128.9488896667
"2024-06-14 01:00:00",126.7242864286
"2024-06-14 02:00:00",
"2024-06-14 03:00:00",112.4517003448
"2024-06-14 04:00:00",119.1896814211
"2024-06-14 05:00:00",125.2268309
"2024-06-14 06:00:00",127.5692390333
"2024-06-14 07:00:00",142.2791186667
"2024-06-14 08:00:00",135.3562455833
"2024-06-14 09:00:00",151.4860663333
"2024-06-14 10:00:00",139.8436601667
"2024-06-14 11:00:00",141.6797621
"2024-06-14 12:00:00",160.9943486667
"2024-06-14 13:00:00",143.3342828333
"2024-06-14 14:00:00",145.6142481667
"2024-06-14 15:00:00",149.1956628333
"2024-06-14 16:00:00",138.0165643333
"2024-06-14 17:00:00",141.2339383333
"2024-06-14 18:00:00",130.1611616167
"2024-06-14 19:00:00",129.40278035
"2024-06-14 20:00:00",123.8653598833
"2024-06-14 21:00:00",122.4167468833
"2024-06-14 22:00:00",127.1634867333
"2024-06-14 23:00:00",125.6914266333
"2024-06-15 00:00:00",125.0946721522
"2024-06-15 01:00:00",121.71425648
"2024-06-15 02:00:00",
"2024-06-15 03:00:00",120.1946683571
"2024-06-15 04:00:00",117.7847912745
"2024-06-15 05:00:00",117.7868619722
"2024-06-15 06:00:00",115.21949575
"2024-06-15 07:00:00",130.4730673333
"2024-06-15 08:00:00",137.6458526667
"2024-06-15 09:00:00",139.7740085
"2024-06-15 10:00:00",149.4172968167
"2024-06-15 11:00:00",142.76105725
"2024-06-15 12:00:00",142.4459509
"2024-06-15 13:00:00",140.7101676667
"2024-06-15 14:00:00",141.5841073333
"2024-06-15 15:00:00",130.8462651333
"2024-06-15 16:00:00",128.4873003333
"2024-06-15 17:00:00",124.7291102
"2024-06-15 18:00:00",128.2964923833
"2024-06-15 19:00:00",124.14995575
"2024-06-15 20:00:00",131.3920792167
"2024-06-15 21:00:00",122.1194826333
"2024-06-15 22:00:00",118.6821177667
"2024-06-15 23:00:00",119.79058465
"2024-06-16 00:00:00",118.3284852979
"2024-06-16 01:00:00",122.8082330714
"2024-06-16 02:00:00",115.4317059688
"2024-06-16 03:00:00",114.025392303
"2024-06-16 04:00:00",125.4375865
"2024-06-16 05:00:00",
"2024-06-16 06:00:00",
"2024-06-16 07:00:00",113.1810075278
"2024-06-16 08:00:00",141.5976186667
"2024-06-16 09:00:00",133.9145235833
"2024-06-16 10:00:00",133.5753448333
"2024-06-16 11:00:00",140.0292726667
"2024-06-16 12:00:00",136.9125538333
"2024-06-16 13:00:00",135.5785928333
"2024-06-16 14:00:00",128.2270467667
"2024-06-16 15:00:00",127.6465325
"2024-06-16 16:00:00",129.9922707333
"2024-06-16 17:00:00",124.993524
"2024-06-16 18:00:00",122.8938479667
"2024-06-16 19:00:00",128.8720743167
"2024-06-16 20:00:00",125.69410195
"2024-06-16 21:00:00",122.3596746833
"2024-06-16 22:00:00",129.3587130167
"2024-06-16 23:00:00",118.8283717167
"2024-06-17 00:00:00",127.4964112
"2024-06-17 01:00:00",
"2024-06-17 02:00:00",
"2024-06-17 03:00:00",
"2024-06-17 04:00:00",122.1585682542
"2024-06-17 05:00:00",133.8286031
"2024-06-17 06:00:00",126.8543100833
"2024-06-17 07:00:00",138.0119228333
"2024-06-17 08:00:00",142.3004081667
"2024-06-17 09:00:00",141.96583
"2024-06-17 10:00:00",141.9034159833
"2024-06-17 11:00:00",145.0109978333
"2024-06-17 12:00:00",146.0810545
"2024-06-17 13:00:00",150.8775415
"2024-06-17 14:00:00",151.166164
"2024-06-17 15:00:00",141.9330051667
"2024-06-17 16:00:00",146.557264
"2024-06-17 17:00:00",131.6296648833
"2024-06-17 18:00:00",126.9299835333
"2024-06-17 19:00:00",127.9635476667
"2024-06-17 20:00:00",126.3923836333
"2024-06-17 21:00:00",119.1291537667
"2024-06-17 22:00:00",119.1808773167
"2024-06-17 23:00:00",120.3405876333
"2024-06-18 00:00:00",118.734059225
"2024-06-18 01:00:00",
"2024-06-18 02:00:00",114.2549378421
"2024-06-18 03:00:00",121.590907
"2024-06-18 04:00:00",114.1753753333
"2024-06-18 05:00:00",119.2404037167
"2024-06-18 06:00:00",139.4511283333
"2024-06-18 07:00:00",139.31075925
"2024-06-18 08:00:00",138.2058841667
"2024-06-18 09:00:00",146.9355904
"2024-06-18 10:00:00",141.9970868333
"2024-06-18 11:00:00",143.1047019167
"2024-06-18 12:00:00",146.2166593333
"2024-06-18 13:00:00",150.4524343333
"2024-06-18 14:00:00",138.2952935667
"2024-06-18 15:00:00",147.1411060345
"2024-06-18 16:00:00",143.9554765
"2024-06-18 17:00:00",120.2756043333
"2024-06-18 18:00:00",126.5062650667
"2024-06-18 19:00:00",123.5482668667
"2024-06-18 20:00:00",122.1753051667
"2024-06-18 21:00:00",122.6397166444
"2024-06-18 22:00:00",121.3173949574
"2024-06-18 23:00:00",130.2579593019
"2024-06-19 00:00:00",115.8920414545
"2024-06-19 01:00:00",125.2837157347
"2024-06-19 02:00:00",115.7607543548
"2024-06-19 03:00:00",
"2024-06-19 04:00:00",112.107170087
"2024-06-19 05:00:00",126.57791855
"2024-06-19 06:00:00",134.3723054167
"2024-06-19 07:00:00",142.5731928333
"2024-06-19 08:00:00",139.8819548333
"2024-06-19 09:00:00",144.5281718333
"2024-06-19 10:00:00",147.1125473333
"2024-06-19 11:00:00",147.0023566667
"2024-06-19 12:00:00",144.4086996667
"2024-06-19 13:00:00",140.9168865
"2024-06-19 14:00:00",148.4272005
"2024-06-19 15:00:00",156.6262653333
"2024-06-19 16:00:00",180.6808809167
"2024-06-19 17:00:00",131.2596189833
"2024-06-19 18:00:00",137.74863535
"2024-06-19 19:00:00",122.9283844667
"2024-06-19 20:00:00",125.1169289333
"2024-06-19 21:00:00",127.8507619833
"2024-06-19 22:00:00",123.9846970909
"2024-06-19 23:00:00",122.5133061852
"2024-06-20 00:00:00",123.4757659167
"2024-06-20 01:00:00",138.8148305556
"2024-06-20 02:00:00",113.2724127419
"2024-06-20 03:00:00",120.2166767273
"2024-06-20 04:00:00",115.7931939804
"2024-06-20 05:00:00",118.06848625
"2024-06-20 06:00:00",144.0011749667
"2024-06-20 07:00:00",152.8603608333
"2024-06-20 08:00:00",145.0469403333
"2024-06-20 09:00:00",153.5205206667
"2024-06-20 10:00:00",147.929608
"2024-06-20 11:00:00",144.0639235167
"2024-06-20 12:00:00",148.4439765
"2024-06-20 13:00:00",143.5523215833
"2024-06-20 14:00:00",149.340745
"2024-06-20 15:00:00",158.7384496667
"2024-06-20 16:00:00",150.5499685
"2024-06-20 17:00:00",129.1135207833
"2024-06-20 18:00:00",132.9344306667
"2024-06-20 19:00:00",129.9799313667
"2024-06-20 20:00:00",122.9237918667
"2024-06-20 21:00:00",128.5150312
"2024-06-20 22:00:00",127.1336269
"2024-06-20 23:00:00",128.9723643137
"2024-06-21 00:00:00",125.5757252333
"2024-06-21 01:00:00",118.9493797727
"2024-06-21 02:00:00",126.4463684286
"2024-06-21 03:00:00",124.477023
"2024-06-21 04:00:00",118.2500247586
"2024-06-21 05:00:00",118.5134491176
"2024-06-21 06:00:00",143.5454813333
"2024-06-21 07:00:00",133.2723941667
"2024-06-21 08:00:00",135.3547586833
"2024-06-21 09:00:00",158.8919226667
"2024-06-21 10:00:00",151.4569626667
"2024-06-21 11:00:00",146.2600128333
"2024-06-21 12:00:00",158.7366945
"2024-06-21 13:00:00",144.2975923333
"2024-06-21 14:00:00",151.0421206667
"2024-06-21 15:00:00",143.7578333333
"2024-06-21 16:00:00",136.2636626833
"2024-06-21 17:00:00",129.5795792667
"2024-06-21 18:00:00",122.0168948667
"2024-06-21 19:00:00",122.8693278667
"2024-06-21 20:00:00",115.8779288167
"2024-06-21 21:00:00",120.4747232909
"2024-06-21 22:00:00",120.23761865
"2024-06-21 23:00:00",118.9548084667
"2024-06-22 00:00:00",117.781375275
"2024-06-22 01:00:00",115.56484006
"2024-06-22 02:00:00",116.5806005
"2024-06-22 03:00:00",117.3232011622
"2024-06-22 04:00:00",123.516171069
"2024-06-22 05:00:00",117.4324622593
"2024-06-22 06:00:00",115.13366412
"2024-06-22 07:00:00",131.9451421833
"2024-06-22 08:00:00",134.3336528667
"2024-06-22 09:00:00",138.33513125
"2024-06-22 10:00:00",142.9273283333
"2024-06-22 11:00:00",147.2830708333
"2024-06-22 12:00:00",141.8820365
"2024-06-22 13:00:00",142.4471796667
"2024-06-22 14:00:00",141.8837326667
"2024-06-22 15:00:00",134.595648
"2024-06-22 16:00:00",136.95543925
"2024-06-22 17:00:00",126.3588908333
"2024-06-22 18:00:00",127.7715546167
"2024-06-22 19:00:00",124.6475763833
"2024-06-22 20:00:00",126.1978104
"2024-06-22 21:00:00",131.3374856833
"2024-06-22 22:00:00",120.8184612833
"2024-06-22 23:00:00",120.8138069
"2024-06-23 00:00:00",117.4093060333
"2024-06-23 01:00:00",119.9779255476
"2024-06-23 02:00:00",114.0358058235
"2024-06-23 03:00:00",121.6571880645
"2024-06-23 04:00:00",114.7671013043
"2024-06-23 05:00:00",123.8608171395
"2024-06-23 06:00:00",126.4537816739
"2024-06-23 07:00:00",116.5872437119
"2024-06-23 08:00:00",123.17328915
"2024-06-23 09:00:00",132.0329102167
"2024-06-23 10:00:00",142.738948
"2024-06-23 11:00:00",147.2039277966
"2024-06-23 12:00:00",142.6851247333
"2024-06-23 13:00:00",142.6460016667
"2024-06-23 14:00:00",139.790902
"2024-06-23 15:00:00",143.0348621667
"2024-06-23 16:00:00",142.5858860667
"2024-06-23 17:00:00",140.7189556667
"2024-06-23 18:00:00",133.6191449167
"2024-06-23 19:00:00",136.0154237167
"2024-06-23 20:00:00",124.9384868
"2024-06-23 21:00:00",123.1303516667
"2024-06-23 22:00:00",123.5542268833
"2024-06-23 23:00:00",125.8377246444
"2024-06-24 00:00:00",126.4915316571
"2024-06-24 01:00:00",115.2990592059
"2024-06-24 02:00:00",122.8567608039
"2024-06-24 03:00:00",115.1995868367
"2024-06-24 04:00:00",120.46152264
"2024-06-24 05:00:00",125.3845417667
"2024-06-24 06:00:00",137.3011888333
"2024-06-24 07:00:00",149.7083053333
"2024-06-24 08:00:00",144.4424867667
"2024-06-24 09:00:00",145.3884203667
"2024-06-24 10:00:00",150.52240525
"2024-06-24 11:00:00",149.9378225
"2024-06-24 12:00:00",147.9936063333
"2024-06-24 13:00:00",143.0674906667
"2024-06-24 14:00:00",149.5094825
"2024-06-24 15:00:00",150.5034486667
"2024-06-24 16:00:00",152.2626183333
"2024-06-24 17:00:00",145.91582965
"2024-06-24 18:00:00",142.1984711667
"2024-06-24 19:00:00",131.2318976
"2024-06-24 20:00:00",127.6772070167
"2024-06-24 21:00:00",130.5674852333
"2024-06-24 22:00:00",117.8135794667
"2024-06-24 23:00:00",114.2019567241
"2024-06-25 00:00:00",121.4009221053
"2024-06-25 01:00:00",
"2024-06-25 02:00:00",113.0843731481
"2024-06-25 03:00:00",114.4218572558
"2024-06-25 04:00:00",119.4474414667
"2024-06-25 05:00:00",130.5430420667
"2024-06-25 06:00:00",135.45814975
"2024-06-25 07:00:00",153.7968895
"2024-06-25 08:00:00",139.3381335
"2024-06-25 09:00:00",154.2325040833
"2024-06-25 10:00:00",143.6349486
"2024-06-25 11:00:00",145.4187238333
"2024-06-25 12:00:00",141.2463375
"2024-06-25 13:00:00",142.9787846667
"2024-06-25 14:00:00",157.2225455
"2024-06-25 15:00:00",156.819078
"2024-06-25 16:00:00",157.274196
"2024-06-25 17:00:00",138.6681347667
"2024-06-25 18:00:00",129.2784794667
"2024-06-25 19:00:00",133.4847518167
"2024-06-25 20:00:00",129.0940901167
"2024-06-25 21:00:00",129.3422692667
"2024-06-25 22:00:00",119.2268329833
"2024-06-25 23:00:00",117.9058237091
"2024-06-26 00:00:00",125.2183629808
"2024-06-26 01:00:00",
"2024-06-26 02:00:00",
"2024-06-26 03:00:00",
"2024-06-26 04:00:00",117.0357790541
"2024-06-26 05:00:00",129.930306
"2024-06-26 06:00:00",142.3618051667
"2024-06-26 07:00:00",141.5778811
"2024-06-26 08:00:00",144.7632486667
"2024-06-26 09:00:00",148.2388925
"2024-06-26 10:00:00",153.2016891667
"2024-06-26 11:00:00",152.5573825
"2024-06-26 12:00:00",149.788295
"2024-06-26 13:00:00",146.4875413333
"2024-06-26 14:00:00",146.950399
"2024-06-26 15:00:00",158.2506766667
"2024-06-26 16:00:00",163.1588541667
"2024-06-26 17:00:00",150.0712185
"2024-06-26 18:00:00",137.62857575
"2024-06-26 19:00:00",135.09270685
"2024-06-26 20:00:00",135.7795896
"2024-06-26 21:00:00",126.3117981833
"2024-06-26 22:00:00",119.7106136667
"2024-06-26 23:00:00",127.5465956491
"2024-06-27 00:00:00",128.323781381
"2024-06-27 01:00:00",153.5315932353
"2024-06-27 02:00:00",125.4562368475
"2024-06-27 03:00:00",131.5924511818
"2024-06-27 04:00:00",115.44240425
"2024-06-27 05:00:00",115.47828145
"2024-06-27 06:00:00",138.4638621833
"2024-06-27 07:00:00",139.9894160167
"2024-06-27 08:00:00",145.1497851667
"2024-06-27 09:00:00",146.6134981667
"2024-06-27 10:00:00",156.1382696667
"2024-06-27 11:00:00",143.2759787667
"2024-06-27 12:00:00",147.9919406667
"2024-06-27 13:00:00",159.7531445
"2024-06-27 14:00:00",159.2349533333
"2024-06-27 15:00:00",143.8065095
"2024-06-27 16:00:00",145.2782019333
"2024-06-27 17:00:00",147.0680749167
"2024-06-27 18:00:00",134.8161781
"2024-06-27 19:00:00",141.9048438333
"2024-06-27 20:00:00",132.6200354167
"2024-06-27 21:00:00",123.8882804167
"2024-06-27 22:00:00",116.7331591333
"2024-06-27 23:00:00",116.3177274167
"2024-06-28 00:00:00",127.0394220588
"2024-06-28 01:00:00",112.125505
"2024-06-28 02:00:00",117.3116854286
"2024-06-28 03:00:00",114.7262259333
"2024-06-28 04:00:00",117.1623514894
"2024-06-28 05:00:00",119.6045657167
"2024-06-28 06:00:00",138.2127255667
"2024-06-28 07:00:00",139.8968943333
"2024-06-28 08:00:00",147.9397158333
"2024-06-28 09:00:00",145.8833298333
"2024-06-28 10:00:00",143.0479275
"2024-06-28 11:00:00",147.7277423333
"2024-06-28 12:00:00",140.5820466667
"2024-06-28 13:00:00",147.7693233333
"2024-06-28 14:00:00",150.5962026667
"2024-06-28 15:00:00",143.694373
"2024-06-28 16:00:00",145.2924043333
"2024-06-28 17:00:00",136.1144616
"2024-06-28 18:00:00",132.6819204167
"2024-06-28 19:00:00",124.5323802
"2024-06-28 20:00:00",121.2154136167
"2024-06-28 21:00:00",132.9389167667
"2024-06-28 22:00:00",139.2348875667
"2024-06-28 23:00:00",115.2680858333
"2024-06-29 00:00:00",116.59392835
"2024-06-29 01:00:00",111.8845382075
"2024-06-29 02:00:00",114.0807734688
"2024-06-29 03:00:00",133.4564839286
"2024-06-29 04:00:00",125.6376
"2024-06-29 05:00:00",117.0055768333
"2024-06-29 06:00:00",123.9905256486
"2024-06-29 07:00:00",128.8872974314
"2024-06-29 08:00:00",129.8302348333
"2024-06-29 09:00:00",145.0700978333
"2024-06-29 10:00:00",142.7574598333
"2024-06-29 11:00:00",145.7999008333
"2024-06-29 12:00:00",137.8738136667
"2024-06-29 13:00:00",141.9290001667
"2024-06-29 14:00:00",141.806713
"2024-06-29 15:00:00",133.4944519
"2024-06-29 16:00:00",143.0397818333
"2024-06-29 17:00:00",130.6622504833
"2024-06-29 18:00:00",132.1288260167
"2024-06-29 19:00:00",127.5230861667
"2024-06-29 20:00:00",134.0644853333
"2024-06-29 21:00:00",133.2589821667
"2024-06-29 22:00:00",132.0814099322
"2024-06-30 00:00:00",119.1157966667
"2024-06-30 01:00:00",123.38415625
"2024-06-30 02:00:00",111.4653875
"2024-06-30 03:00:00",111.7402132
"2024-06-30 04:00:00",115.8687505385
"2024-06-30 05:00:00",122.4556935
"2024-06-30 06:00:00",130.11969
"2024-06-30 07:00:00",160.506704
"2024-06-30 08:00:00",121.7300638409
"2024-06-30 09:00:00",138.7889685333
"2024-06-30 10:00:00",144.5372981667
"2024-06-30 11:00:00",140.6967333333
"2024-06-30 12:00:00",132.32054655
"2024-06-30 13:00:00",147.7532956667
"2024-06-30 14:00:00",154.3589986667
"2024-06-30 15:00:00",138.924778
"2024-06-30 16:00:00",136.8175055833
"2024-06-30 17:00:00",135.4732538833
"2024-06-30 18:00:00",125.3272492
"2024-06-30 19:00:00",127.234498
"2024-06-30 20:00:00",126.25310455
"2024-06-30 21:00:00",133.6251324833
"2024-06-30 22:00:00",132.2387075962
"2024-06-30 23:00:00",124.383205
"2024-07-01 00:00:00",
"2024-07-01 01:00:00",
"2024-07-01 02:00:00",109.7880437273
"2024-07-01 03:00:00",120.6888327143
"2024-07-01 04:00:00",128.0491896923
"2024-07-01 05:00:00",122.1872145167
"2024-07-01 06:00:00",146.5083095
"2024-07-01 07:00:00",143.6192808333
"2024-07-01 08:00:00",137.2062297833
"2024-07-01 09:00:00",150.3366737288
"2024-07-01 10:00:00",142.2362366667
"2024-07-01 11:00:00",148.3168508333
"2024-07-01 12:00:00",146.3460216667
"2024-07-01 13:00:00",157.8480116667
"2024-07-01 14:00:00",148.7239186667
"2024-07-01 15:00:00",162.0019066667
"2024-07-01 16:00:00",149.989406
"2024-07-01 17:00:00",122.1558881
"2024-07-01 18:00:00",126.37402495
"2024-07-01 19:00:00",131.4619279333
"2024-07-01 20:00:00",127.2917004333
"2024-07-01 21:00:00",126.40076255
"2024-07-01 22:00:00",120.2871174667
"2024-07-01 23:00:00",119.19587318