"DateTime","PZH01_MST_0055_00"
"2024-01-01 00:00:00",58.9239000031
"2024-01-01 01:00:00",59.127424939899996
"2024-01-01 02:00:00",62.964966040899995
"2024-01-01 03:00:00",64.1340359279
"2024-01-01 04:00:00",65.9983963545
"2024-01-01 05:00:00",63.8711784123
"2024-01-01 06:00:00",61.5043672161
"2024-01-01 07:00:00",63.5959306611
"2024-01-01 08:00:00",62.2948824389
"2024-01-01 09:00:00",61.6480595877
"2024-01-01 10:00:00",62.4518718315
"2024-01-01 11:00:00",61.774090462
"2024-01-01 12:00:00",61.73310744169999
"2024-01-01 13:00:00",61.65841131369999
"2024-01-01 14:00:00",61.80407573459999
"2024-01-01 15:00:00",61.40229335659999
"2024-01-01 16:00:00",61.03469422
"2024-01-01 17:00:00",62.2206336699
"2024-01-01 18:00:00",62.5753290071
"2024-01-01 19:00:00",63.901738711600004
"2024-01-01 20:00:00",63.57494379999999
"2024-01-01 21:00:00",66.0292943358
"2024-01-01 22:00:00",65.7119475194
"2024-01-01 23:00:00",64.0717284683
"2024-01-02 00:00:00",59.35924096450001
"2024-01-02 01:00:00",67.608436328
"2024-01-02 02:00:00",59.03630421119999
"2024-01-02 03:00:00",65.9653637205
"2024-01-02 04:00:00",63.9616417246
"2024-01-02 05:00:00",62.8396666555
"2024-01-02 06:00:00",61.3648629932
"2024-01-02 07:00:00",60.654908028
"2024-01-02 08:00:00",61.3574058285
"2024-01-02 09:00:00",61.09675884149999
"2024-01-02 10:00:00",60.505771233100006
"2024-01-02 11:00:00",60.8040537446
"2024-01-02 12:00:00",60.4130263816
"2024-01-02 13:00:00",59.13081174850001
"2024-01-02 14:00:00",59.6840309299
"2024-01-02 15:00:00",58.81988559
"2024-01-02 16:00:00",59.46283504249999
"2024-01-02 17:00:00",60.76976607700001
"2024-01-02 18:00:00",62.955311338899996
"2024-01-02 19:00:00",64.0319130889
"2024-01-02 20:00:00",64.2062876095
"2024-01-02 21:00:00",64.3224969136
"2024-01-02 22:00:00",65.2106564384
"2024-01-02 23:00:00",62.22891109750001
"2024-01-03 00:00:00",69.7233703671
"2024-01-03 01:00:00",68.3684748812
"2024-01-03 02:00:00",66.3705720533
"2024-01-03 03:00:00",63.233937834200006
"2024-01-03 04:00:00",63.70217505810001
"2024-01-03 05:00:00",63.660568715299995
"2024-01-03 06:00:00",60.44537394569999
"2024-01-03 07:00:00",60.320918935200005
"2024-01-03 08:00:00",60.65500888919999
"2024-01-03 09:00:00",60.123389217
"2024-01-03 10:00:00",60.245603377200005
"2024-01-03 11:00:00",61.0610453963
"2024-01-03 12:00:00",59.7547667008
"2024-01-03 13:00:00",58.5617894514
"2024-01-03 14:00:00",56.01031631189999
"2024-01-03 15:00:00",58.87546253520001
"2024-01-03 16:00:00",58.962466029
"2024-01-03 17:00:00",60.488015776999994
"2024-01-03 18:00:00",59.9580307175
"2024-01-03 19:00:00",62.2448381995
"2024-01-03 20:00:00",61.6878625208
"2024-01-03 21:00:00",63.48062833870001
"2024-01-03 22:00:00",62.9886208451
"2024-01-03 23:00:00",62.88644342789999
"2024-01-04 00:00:00",65.8706993209
"2024-01-04 01:00:00",63.1812078217
"2024-01-04 02:00:00",65.930019035
"2024-01-04 03:00:00",63.71922229769999
"2024-01-04 04:00:00",64.3639697142
"2024-01-04 05:00:00",61.209074591900006
"2024-01-04 06:00:00",58.8829167112
"2024-01-04 07:00:00",59.001502138300005
"2024-01-04 08:00:00",60.4588374594
"2024-01-04 09:00:00",59.2320982804
"2024-01-04 10:00:00",59.38162001349999
"2024-01-04 11:00:00",59.3386772375
"2024-01-04 12:00:00",59.8008936762
"2024-01-04 13:00:00",59.0646963111
"2024-01-04 14:00:00",59.2825772576
"2024-01-04 15:00:00",60.1084591146
"2024-01-04 16:00:00",59.4663654469
"2024-01-04 17:00:00",61.708110497999996
"2024-01-04 18:00:00",61.3112480438
"2024-01-04 19:00:00",61.3314563762
"2024-01-04 20:00:00",62.4917560735
"2024-01-04 21:00:00",62.0046393206
"2024-01-04 22:00:00",61.3831513372
"2024-01-04 23:00:00",64.0935378351
"2024-01-05 00:00:00",64.9693159725
"2024-01-05 01:00:00",64.7271708336
"2024-01-05 02:00:00",67.4376868694
"2024-01-05 03:00:00",67.7941568335
"2024-01-05 04:00:00",62.06917328670001
"2024-01-05 05:00:00",62.21218952990001
"2024-01-05 06:00:00",58.2486502322
"2024-01-05 07:00:00",57.8998118941
"2024-01-05 08:00:00",59.0502038062
"2024-01-05 09:00:00",58.1154918405
"2024-01-05 10:00:00",58.4047813819
"2024-01-05 11:00:00",59.645038004700005
"2024-01-05 12:00:00",58.8420581294
"2024-01-05 13:00:00",58.2934142932
"2024-01-05 14:00:00",59.1417116495
"2024-01-05 15:00:00",59.2719045569
"2024-01-05 16:00:00",59.48703170750001
"2024-01-05 17:00:00",61.309926071599996
"2024-01-05 18:00:00",60.414963919
"2024-01-05 19:00:00",61.1141139403
"2024-01-05 20:00:00",61.9133075951
"2024-01-05 21:00:00",62.5486402977
"2024-01-05 22:00:00",63.9554805197
"2024-01-05 23:00:00",65.6580441829
"2024-01-06 00:00:00",63.8695964052
"2024-01-06 01:00:00",64.1356325212
"2024-01-06 02:00:00",68.644537371
"2024-01-06 03:00:00",63.333728098399995
"2024-01-06 04:00:00",63.6987042239
"2024-01-06 05:00:00",63.9603176956
"2024-01-06 06:00:00",62.62809751470001
"2024-01-06 07:00:00",61.8204794051
"2024-01-06 08:00:00",61.3052031078
"2024-01-06 09:00:00",61.3030181923
"2024-01-06 10:00:00",60.3412692119
"2024-01-06 11:00:00",60.4169406115
"2024-01-06 12:00:00",60.913801376399995
"2024-01-06 13:00:00",59.7061515938
"2024-01-06 14:00:00",59.545107537899995
"2024-01-06 15:00:00",59.37611395110001
"2024-01-06 16:00:00",60.3188400319
"2024-01-06 17:00:00",62.3946642212
"2024-01-06 18:00:00",61.40408729180001
"2024-01-06 19:00:00",61.9317217313
"2024-01-06 20:00:00",61.280389591
"2024-01-06 21:00:00",62.9357921356
"2024-01-06 22:00:00",63.837051416399994
"2024-01-06 23:00:00",64.4826119771
"2024-01-07 00:00:00",64.6485578472
"2024-01-07 01:00:00",64.7379539507
"2024-01-07 02:00:00",66.7401778664
"2024-01-07 03:00:00",66.8661670577
"2024-01-07 04:00:00",61.6275502052
"2024-01-07 05:00:00",62.06131179430001
"2024-01-07 06:00:00",63.6073959842
"2024-01-07 07:00:00",60.7294104748
"2024-01-07 08:00:00",62.4911557987
"2024-01-07 09:00:00",61.9085894198
"2024-01-07 10:00:00",61.6912929965
"2024-01-07 11:00:00",61.8951281588
"2024-01-07 12:00:00",59.97879872330001
"2024-01-07 13:00:00",60.28215790269999
"2024-01-07 14:00:00",60.41761769399999
"2024-01-07 15:00:00",60.8565176772
"2024-01-07 16:00:00",60.32473640269999
"2024-01-07 17:00:00",62.0099505502
"2024-01-07 18:00:00",61.3699212596
"2024-01-07 19:00:00",61.4078979553
"2024-01-07 20:00:00",61.86061975679999
"2024-01-07 21:00:00",64.7037716332
"2024-01-07 22:00:00",63.0896643408
"2024-01-07 23:00:00",62.83848943049999
"2024-01-08 00:00:00",65.0023407957
"2024-01-08 01:00:00",66.0206128221
"2024-01-08 02:00:00",64.0478832434
"2024-01-08 03:00:00",65.6675398548
"2024-01-08 04:00:00",63.4344546861
"2024-01-08 05:00:00",59.338977163399996
"2024-01-08 06:00:00",58.28056170109999
"2024-01-08 07:00:00",9.9638229121
"2024-01-08 08:00:00",39.7127707166
"2024-01-08 09:00:00",60.2659617509
"2024-01-08 10:00:00",59.7684245684
"2024-01-08 11:00:00",59.0219045153
"2024-01-08 12:00:00",59.723147482499996
"2024-01-08 13:00:00",60.1450359549
"2024-01-08 14:00:00",60.489711952600004
"2024-01-08 15:00:00",59.6386361205
"2024-01-08 16:00:00",56.71508301029999
"2024-01-08 17:00:00",62.13511141
"2024-01-08 18:00:00",59.99992101910001
"2024-01-08 19:00:00",61.5471102033
"2024-01-08 20:00:00",63.060472967900004
"2024-01-08 21:00:00",64.5202047026
"2024-01-08 22:00:00",63.8268527047
"2024-01-08 23:00:00",63.189969801
"2024-01-09 00:00:00",68.9021430735
"2024-01-09 01:00:00",67.9224187597
"2024-01-09 02:00:00",63.280438115799996
"2024-01-09 03:00:00",63.86906898920001
"2024-01-09 04:00:00",64.5738674402
"2024-01-09 05:00:00",60.998085345
"2024-01-09 06:00:00",58.3436553119
"2024-01-09 07:00:00",58.6307838481
"2024-01-09 08:00:00",59.554124646
"2024-01-09 09:00:00",60.9536971334
"2024-01-09 10:00:00",60.2368246707
"2024-01-09 11:00:00",59.8354945349
"2024-01-09 12:00:00",59.0783053461
"2024-01-09 13:00:00",58.6708788687
"2024-01-09 14:00:00",59.105848651100004
"2024-01-09 15:00:00",59.605713713200004
"2024-01-09 16:00:00",59.3888140675
"2024-01-09 17:00:00",60.9769810738
"2024-01-09 18:00:00",61.935369909200006
"2024-01-09 19:00:00",58.8708301819
"2024-01-09 20:00:00",62.7693420628
"2024-01-09 21:00:00",63.61700544210001
"2024-01-09 22:00:00",61.9054192713
"2024-01-09 23:00:00",63.21760916899999
"2024-01-10 00:00:00",61.5321154595
"2024-01-10 01:00:00",68.5752697494
"2024-01-10 02:00:00",68.7660900433
"2024-01-10 03:00:00",66.1419154989
"2024-01-10 04:00:00",62.982274591499994
"2024-01-10 05:00:00",60.56710922279999
"2024-01-10 06:00:00",57.4839869919
"2024-01-10 07:00:00",52.6021304876
"2024-01-10 08:00:00",59.930271340000004
"2024-01-10 09:00:00",59.969421667499994
"2024-01-10 10:00:00",59.74070169179999
"2024-01-10 11:00:00",59.62084664089999
"2024-01-10 12:00:00",58.32554639490001
"2024-01-10 13:00:00",59.2375101723
"2024-01-10 14:00:00",59.3279296937
"2024-01-10 15:00:00",59.6165672394
"2024-01-10 16:00:00",59.6579397625
"2024-01-10 17:00:00",60.732076185699995
"2024-01-10 18:00:00",62.4334995555
"2024-01-10 19:00:00",62.86960812409999
"2024-01-10 20:00:00",63.5310292909
"2024-01-10 21:00:00",63.3407768825
"2024-01-10 22:00:00",63.5305107605
"2024-01-10 23:00:00",62.309560446300004
"2024-01-11 00:00:00",70.1217797171
"2024-01-11 01:00:00",61.61611804700001
"2024-01-11 02:00:00",67.7440600789
"2024-01-11 03:00:00",65.8625710464
"2024-01-11 04:00:00",63.5773011248
"2024-01-11 05:00:00",61.174554431400004
"2024-01-11 06:00:00",56.1098646313
"2024-01-11 07:00:00",39.8767291881
"2024-01-11 08:00:00",58.0786624919
"2024-01-11 09:00:00",60.1524588145
"2024-01-11 10:00:00",60.13494195589999
"2024-01-11 11:00:00",60.789203324300004
"2024-01-11 12:00:00",59.3862782029
"2024-01-11 13:00:00",60.630693028
"2024-01-11 14:00:00",59.2570086727
"2024-01-11 15:00:00",60.193098335799995
"2024-01-11 16:00:00",29.6017060657
"2024-01-11 17:00:00",60.9005540813
"2024-01-11 18:00:00",60.168206698199995
"2024-01-11 19:00:00",61.126051410900004
"2024-01-11 20:00:00",61.3686359079
"2024-01-11 21:00:00",63.01701756210001
"2024-01-11 22:00:00",64.4620462292
"2024-01-11 23:00:00",63.88657373680001
"2024-01-12 00:00:00",65.4140402149
"2024-01-12 01:00:00",63.1413721513
"2024-01-12 02:00:00",66.7829602488
"2024-01-12 03:00:00",63.406570845999994
"2024-01-12 04:00:00",63.5272952047
"2024-01-12 05:00:00",61.68551339870001
"2024-01-12 06:00:00",59.07602451820001
"2024-01-12 07:00:00",58.5011570417
"2024-01-12 08:00:00",59.5313354008
"2024-01-12 09:00:00",59.0059688483
"2024-01-12 10:00:00",60.293943778300005
"2024-01-12 11:00:00",58.8171895292
"2024-01-12 12:00:00",59.463060994399996
"2024-01-12 13:00:00",60.053630955699994
"2024-01-12 14:00:00",58.034048382499996
"2024-01-12 15:00:00",59.3827155134
"2024-01-12 16:00:00",58.887286397
"2024-01-12 17:00:00",59.7149905556
"2024-01-12 18:00:00",61.2037836019
"2024-01-12 19:00:00",61.7612505791
"2024-01-12 20:00:00",62.9362751332
"2024-01-12 21:00:00",63.531676341300006
"2024-01-12 22:00:00",62.5398268993
"2024-01-12 23:00:00",61.87332450939999
"2024-01-13 00:00:00",65.1836340691
"2024-01-13 01:00:00",69.8757443367
"2024-01-13 02:00:00",65.8345404898
"2024-01-13 03:00:00",65.7342786632
"2024-01-13 04:00:00",65.5714097734
"2024-01-13 05:00:00",63.655390791500004
"2024-01-13 06:00:00",63.85958639759999
"2024-01-13 07:00:00",61.3572953152
"2024-01-13 08:00:00",61.3522720228
"2024-01-13 09:00:00",60.44198043
"2024-01-13 10:00:00",60.4601244375
"2024-01-13 11:00:00",61.356397818
"2024-01-13 12:00:00",59.9665379363
"2024-01-13 13:00:00",58.9108424295
"2024-01-13 14:00:00",60.67775332330001
"2024-01-13 15:00:00",58.3151800249
"2024-01-13 16:00:00",58.95544989660001
"2024-01-13 17:00:00",62.5062042025
"2024-01-13 18:00:00",62.0646771201
"2024-01-13 19:00:00",61.1071144181
"2024-01-13 20:00:00",61.4037645583
"2024-01-13 21:00:00",62.7495417569
"2024-01-13 22:00:00",64.3008195584
"2024-01-13 23:00:00",64.561783464
"2024-01-14 00:00:00",64.7018928476
"2024-01-14 01:00:00",65.3019924576
"2024-01-14 02:00:00",62.2415423544
"2024-01-14 03:00:00",63.3490097026
"2024-01-14 04:00:00",65.2082195832
"2024-01-14 05:00:00",64.5899946409
"2024-01-14 06:00:00",63.15843018059999
"2024-01-14 07:00:00",62.13356097190001
"2024-01-14 08:00:00",62.714721051800005
"2024-01-14 09:00:00",61.7335680138
"2024-01-14 10:00:00",60.974644515
"2024-01-14 11:00:00",61.3454925788
"2024-01-14 12:00:00",61.9349797909
"2024-01-14 13:00:00",60.87915901080001
"2024-01-14 14:00:00",61.2578422578
"2024-01-14 15:00:00",61.055323025300005
"2024-01-14 16:00:00",60.306669676400006
"2024-01-14 17:00:00",59.93960560339999
"2024-01-14 18:00:00",60.3054182169
"2024-01-14 19:00:00",62.03956917259999
"2024-01-14 20:00:00",61.456026766899996
"2024-01-14 21:00:00",63.13850343579999
"2024-01-14 22:00:00",62.3787047265
"2024-01-14 23:00:00",65.8322026818
"2024-01-15 00:00:00",66.619069087
"2024-01-15 01:00:00",58.92504709459999
"2024-01-15 02:00:00",63.464566929099995
"2024-01-15 03:00:00",64.6002005757
"2024-01-15 04:00:00",63.157295737700004
"2024-01-15 05:00:00",59.4963514079
"2024-01-15 06:00:00",56.8860654041
"2024-01-15 07:00:00",41.5409219269
"2024-01-15 08:00:00",57.7960883775
"2024-01-15 09:00:00",59.8292144071
"2024-01-15 10:00:00",54.4872877537
"2024-01-15 11:00:00",59.74845974600001
"2024-01-15 12:00:00",58.6767165619
"2024-01-15 13:00:00",57.85869421700001
"2024-01-15 14:00:00",58.388631194
"2024-01-15 15:00:00",58.3262584077
"2024-01-15 16:00:00",27.014478333100005
"2024-01-15 17:00:00",59.8014524897
"2024-01-15 18:00:00",59.76867975179999
"2024-01-15 19:00:00",60.10391650889999
"2024-01-15 20:00:00",56.608520436099994
"2024-01-15 21:00:00",58.93307893539999
"2024-01-15 22:00:00",53.2702173802
"2024-01-15 23:00:00",56.7175265896
"2024-01-16 00:00:00",62.0349265748
"2024-01-16 01:00:00",44.5761685406
"2024-01-16 02:00:00",50.42564543009999
"2024-01-16 03:00:00",51.01860020589999
"2024-01-16 04:00:00",54.7714336529
"2024-01-16 05:00:00",23.8519643691
"2024-01-16 06:00:00",6.9706245541
"2024-01-16 07:00:00",4.0316160366
"2024-01-16 08:00:00",6.6146729284
"2024-01-16 09:00:00",33.60058838
"2024-01-16 10:00:00",51.7381072184
"2024-01-16 11:00:00",56.6924437558
"2024-01-16 12:00:00",57.4759156748
"2024-01-16 13:00:00",57.580285954000004
"2024-01-16 14:00:00",58.9277697405
"2024-01-16 15:00:00",59.4104432097
"2024-01-16 16:00:00",57.9378252714
"2024-01-16 17:00:00",60.1373302475
"2024-01-16 18:00:00",59.3056850948
"2024-01-16 19:00:00",60.7129555654
"2024-01-16 20:00:00",60.621311935799994
"2024-01-16 21:00:00",60.399122041999995
"2024-01-16 22:00:00",62.538009585100006
"2024-01-16 23:00:00",62.11036907300001
"2024-01-17 00:00:00",61.234352976
"2024-01-17 01:00:00",59.89659550110001
"2024-01-17 02:00:00",68.105010809
"2024-01-17 03:00:00",62.335845239799994
"2024-01-17 04:00:00",61.76096290200001
"2024-01-17 05:00:00",60.89969798159999
"2024-01-17 06:00:00",57.14799945280001
"2024-01-17 07:00:00",58.647691900999995
"2024-01-17 08:00:00",59.6281427051
"2024-01-17 09:00:00",59.9739878643
"2024-01-17 10:00:00",58.7783824757
"2024-01-17 11:00:00",60.027687964
"2024-01-17 12:00:00",59.64020693279999
"2024-01-17 13:00:00",59.116478683699995
"2024-01-17 14:00:00",58.522706156699996
"2024-01-17 15:00:00",59.50193609459999
"2024-01-17 16:00:00",59.29138978740001
"2024-01-17 17:00:00",60.10146807089999
"2024-01-17 18:00:00",60.71095052999999
"2024-01-17 19:00:00",61.3079131124
"2024-01-17 20:00:00",61.3450209675
"2024-01-17 21:00:00",62.3692307778
"2024-01-17 22:00:00",61.8186219743
"2024-01-17 23:00:00",63.06889512810001
"2024-01-18 00:00:00",61.787005567399994
"2024-01-18 01:00:00",59.86552753170001
"2024-01-18 02:00:00",50.8227195479
"2024-01-18 03:00:00",52.40539597189999
"2024-01-18 04:00:00",52.9662705472
"2024-01-18 05:00:00",52.3619391783
"2024-01-18 06:00:00",47.6420696865
"2024-01-18 07:00:00",35.8689804766
"2024-01-18 08:00:00",58.60522440399999
"2024-01-18 09:00:00",57.54240112850001
"2024-01-18 10:00:00",59.6701843068
"2024-01-18 11:00:00",59.18156440980001
"2024-01-18 12:00:00",58.5649985497
"2024-01-18 13:00:00",57.462719923899996
"2024-01-18 14:00:00",58.1658602497
"2024-01-18 15:00:00",59.33620598049999
"2024-01-18 16:00:00",59.0296054525
"2024-01-18 17:00:00",60.37693410080001
"2024-01-18 18:00:00",60.2116041274
"2024-01-18 19:00:00",60.01220148830001
"2024-01-18 20:00:00",60.6161695193
"2024-01-18 21:00:00",61.8364298685
"2024-01-18 22:00:00",60.14939809970001
"2024-01-18 23:00:00",63.016926401999996
"2024-01-19 00:00:00",61.5306506937
"2024-01-19 01:00:00",63.5925809197
"2024-01-19 02:00:00",63.5655673426
"2024-01-19 03:00:00",64.9018808724
"2024-01-19 04:00:00",61.815204530200006
"2024-01-19 05:00:00",59.561859305
"2024-01-19 06:00:00",56.41478459049999
"2024-01-19 07:00:00",57.679338379
"2024-01-19 08:00:00",57.4992006838
"2024-01-19 09:00:00",36.1230752294
"2024-01-19 10:00:00",58.9996440683
"2024-01-19 11:00:00",59.4576481578
"2024-01-19 15:00:00",59.7657739579
"2024-01-19 16:00:00",59.94570291920001
"2024-01-19 17:00:00",60.17621287680001
"2024-01-19 18:00:00",60.30624487960001
"2024-01-19 19:00:00",60.0885099844
"2024-01-19 20:00:00",62.2827275355
"2024-01-19 21:00:00",61.6619066799
"2024-01-19 22:00:00",60.5679099361
"2024-01-19 23:00:00",64.368697739
"2024-01-20 00:00:00",62.87527644299999
"2024-01-20 01:00:00",65.8007387844
"2024-01-20 02:00:00",69.0894057619
"2024-01-20 03:00:00",62.101822453000004
"2024-01-20 04:00:00",63.7289331357
"2024-01-20 05:00:00",62.21387206499999
"2024-01-20 06:00:00",62.9256268803
"2024-01-20 07:00:00",62.2665502285
"2024-01-20 08:00:00",61.22396948859999
"2024-01-20 09:00:00",61.200898399500005
"2024-01-20 10:00:00",60.4822834522
"2024-01-20 11:00:00",58.4906115103
"2024-01-20 12:00:00",60.5105513657
"2024-01-20 13:00:00",59.3402072856
"2024-01-20 14:00:00",59.5397207143
"2024-01-20 15:00:00",60.5260654017
"2024-01-20 16:00:00",60.75462054690001
"2024-01-20 17:00:00",61.7466642353
"2024-01-20 18:00:00",61.10483981859999
"2024-01-20 19:00:00",62.18744156670001
"2024-01-20 20:00:00",62.0858104649
"2024-01-20 21:00:00",59.4099655261
"2024-01-20 22:00:00",62.62088442839999
"2024-01-20 23:00:00",65.1839289317
"2024-01-21 00:00:00",62.513152179
"2024-01-21 01:00:00",66.8211638547
"2024-01-21 02:00:00",63.141239468
"2024-01-21 03:00:00",68.6959758163
"2024-01-21 04:00:00",66.5718142908
"2024-01-21 05:00:00",64.0048085218
"2024-01-21 06:00:00",64.1178644591
"2024-01-21 07:00:00",62.0533268007
"2024-01-21 08:00:00",63.3159742933
"2024-01-21 09:00:00",63.56349103640001
"2024-01-21 10:00:00",61.614732717
"2024-01-21 11:00:00",61.32352303849999
"2024-01-21 12:00:00",60.7854402873
"2024-01-21 13:00:00",60.8586107675
"2024-01-21 14:00:00",61.067119686
"2024-01-21 15:00:00",61.0844168293
"2024-01-21 16:00:00",61.6255146436
"2024-01-21 17:00:00",60.58037162350001
"2024-01-21 18:00:00",61.386213495099994
"2024-01-21 19:00:00",61.675167224800006
"2024-01-21 20:00:00",63.2011927171
"2024-01-21 21:00:00",63.14289784670001
"2024-01-21 22:00:00",62.5998595153
"2024-01-21 23:00:00",62.0772099271
"2024-01-22 00:00:00",60.554669043900006
"2024-01-22 01:00:00",67.2385542375
"2024-01-22 02:00:00",60.354152821
"2024-01-22 03:00:00",61.8695574066
"2024-01-22 04:00:00",63.78392058939999
"2024-01-22 05:00:00",61.43645743490001
"2024-01-22 06:00:00",58.3316953527
"2024-01-22 07:00:00",59.2530772289
"2024-01-22 08:00:00",58.98768225869999
"2024-01-22 09:00:00",60.0661838529
"2024-01-22 10:00:00",59.6050892121
"2024-01-22 11:00:00",60.238728402999996
"2024-01-22 12:00:00",59.99807285180001
"2024-01-22 13:00:00",60.6982921036
"2024-01-22 14:00:00",60.4530716466
"2024-01-22 15:00:00",60.5378847179
"2024-01-22 16:00:00",57.2029941098
"2024-01-22 17:00:00",61.3490472109
"2024-01-22 18:00:00",61.8974957673
"2024-01-22 19:00:00",63.98700407729999
"2024-01-22 20:00:00",65.2128387955
"2024-01-22 21:00:00",63.7516096388
"2024-01-22 22:00:00",63.0282865917
"2024-01-22 23:00:00",64.5925042152
"2024-01-23 00:00:00",67.8967908548
"2024-01-23 01:00:00",66.2127094792
"2024-01-23 02:00:00",62.5453021812
"2024-01-23 03:00:00",66.1381187527
"2024-01-23 04:00:00",64.1329228475
"2024-01-23 05:00:00",61.0569167671
"2024-01-23 06:00:00",57.96063092690001
"2024-01-23 07:00:00",15.5225773443
"2024-01-23 08:00:00",60.21577411
"2024-01-23 09:00:00",56.3949323558
"2024-01-23 10:00:00",60.3883618883
"2024-01-23 11:00:00",60.870400204
"2024-01-23 12:00:00",59.2036946795
"2024-01-23 13:00:00",58.604648451600006
"2024-01-23 14:00:00",55.023532193499996
"2024-01-23 15:00:00",58.1666242554
"2024-01-23 16:00:00",56.3324721232
"2024-01-23 17:00:00",59.4186196015
"2024-01-23 18:00:00",60.9533848115
"2024-01-23 19:00:00",60.6931118666
"2024-01-23 20:00:00",62.4003378958
"2024-01-23 21:00:00",63.625020401300006
"2024-01-23 22:00:00",65.95809807
"2024-01-23 23:00:00",66.6749361704
"2024-01-24 00:00:00",61.471038282600006
"2024-01-24 01:00:00",64.4941366822
"2024-01-24 02:00:00",67.6379585747
"2024-01-24 03:00:00",65.2169161532
"2024-01-24 04:00:00",64.2292417271
"2024-01-24 05:00:00",62.1203147274
"2024-01-24 06:00:00",58.0588076975
"2024-01-24 07:00:00",58.979864555199995
"2024-01-24 08:00:00",60.9367675743
"2024-01-24 09:00:00",60.0608434
"2024-01-24 10:00:00",59.679208308
"2024-01-24 11:00:00",60.1543504216
"2024-01-24 12:00:00",60.68909045389999
"2024-01-24 13:00:00",60.141589503
"2024-01-24 14:00:00",53.8947180286
"2024-01-24 15:00:00",59.991467248199996
"2024-01-24 16:00:00",58.3139804748
"2024-01-24 17:00:00",61.2967452263
"2024-01-24 18:00:00",62.5784649609
"2024-01-24 19:00:00",62.7328673796
"2024-01-24 20:00:00",61.9671204907
"2024-01-24 21:00:00",64.4396166081
"2024-01-24 22:00:00",64.0832642675
"2024-01-24 23:00:00",65.4918515315
"2024-01-25 00:00:00",67.5548793459
"2024-01-25 01:00:00",71.3232451447
"2024-01-25 02:00:00",65.2514317358
"2024-01-25 03:00:00",65.5694194981
"2024-01-25 04:00:00",64.4153044383
"2024-01-25 05:00:00",61.9711153547
"2024-01-25 06:00:00",57.7071426874
"2024-01-25 07:00:00",13.590135356600001
"2024-01-25 08:00:00",59.73155378639999
"2024-01-25 09:00:00",58.48673773640001
"2024-01-25 10:00:00",59.66055301230001
"2024-01-25 11:00:00",59.9457927189
"2024-01-25 12:00:00",58.9194104339
"2024-01-25 13:00:00",59.515081120800005
"2024-01-25 14:00:00",58.941584083
"2024-01-25 15:00:00",59.119647077299994
"2024-01-25 16:00:00",59.11300291570001
"2024-01-25 17:00:00",59.6848330407
"2024-01-25 18:00:00",60.1249056956
"2024-01-25 19:00:00",60.83374845449999
"2024-01-25 20:00:00",61.939556349
"2024-01-25 21:00:00",62.768416475
"2024-01-25 22:00:00",63.4254648841
"2024-01-25 23:00:00",64.0619696546
"2024-01-26 00:00:00",66.4794899003
"2024-01-26 01:00:00",63.2385129067
"2024-01-26 02:00:00",64.033984934
"2024-01-26 03:00:00",63.8444139108
"2024-01-26 04:00:00",65.453917515
"2024-01-26 05:00:00",60.6108941993
"2024-01-26 06:00:00",57.3454927713
"2024-01-26 07:00:00",59.6747430675
"2024-01-26 08:00:00",59.53547132759999
"2024-01-26 09:00:00",59.46940584019999
"2024-01-26 10:00:00",59.372987623300006
"2024-01-26 11:00:00",59.584926380999995
"2024-01-26 12:00:00",59.0857172175
"2024-01-26 13:00:00",59.539885984200005
"2024-01-26 14:00:00",58.8888790898
"2024-01-26 15:00:00",59.8622069917
"2024-01-26 16:00:00",59.5572979253
"2024-01-26 17:00:00",60.08774156049999
"2024-01-26 18:00:00",61.2881948366
"2024-01-26 19:00:00",61.50280926909999
"2024-01-26 20:00:00",63.25565610489999
"2024-01-26 21:00:00",63.537416723899995
"2024-01-26 22:00:00",61.81086128479999
"2024-01-26 23:00:00",63.686494982
"2024-01-27 00:00:00",66.0097466963
"2024-01-27 01:00:00",67.6848479737
"2024-01-27 02:00:00",66.0103824239
"2024-01-27 03:00:00",65.4722671248
"2024-01-27 04:00:00",65.3391080732
"2024-01-27 05:00:00",65.637100308
"2024-01-27 06:00:00",62.0615370359
"2024-01-27 07:00:00",62.34130385779999
"2024-01-27 08:00:00",61.7883551946
"2024-01-27 09:00:00",60.1234626033
"2024-01-27 10:00:00",60.64390247650001
"2024-01-27 11:00:00",61.34935482240001
"2024-01-27 12:00:00",60.19000844709999
"2024-01-27 13:00:00",60.3064713359
"2024-01-27 14:00:00",60.228143429
"2024-01-27 15:00:00",59.8466204816
"2024-01-27 16:00:00",60.356886016
"2024-01-27 17:00:00",59.997004070600006
"2024-01-27 18:00:00",62.0096177741
"2024-01-27 19:00:00",62.09347758140001
"2024-01-27 20:00:00",62.7843274989
"2024-01-27 21:00:00",62.0376614898
"2024-01-27 22:00:00",63.193523441
"2024-01-27 23:00:00",64.5255755135
"2024-01-28 00:00:00",63.6443806065
"2024-01-28 01:00:00",62.9652881727
"2024-01-28 02:00:00",64.1084053753
"2024-01-28 03:00:00",67.6849078885
"2024-01-28 04:00:00",67.1090824184
"2024-01-28 05:00:00",65.7652869294
"2024-01-28 06:00:00",63.7289017454
"2024-01-28 07:00:00",63.54589412640001
"2024-01-28 08:00:00",63.163134589500004
"2024-01-28 09:00:00",62.165489931699994
"2024-01-28 10:00:00",61.9420044448
"2024-01-28 11:00:00",60.963288459199994
"2024-01-28 12:00:00",60.421300833299995
"2024-01-28 13:00:00",59.5733748944
"2024-01-28 14:00:00",60.639852443
"2024-01-28 15:00:00",59.518591861
"2024-01-28 16:00:00",60.992003383100005
"2024-01-28 17:00:00",61.2599256216
"2024-01-28 18:00:00",60.00556897810001
"2024-01-28 19:00:00",61.62772376819999
"2024-01-28 20:00:00",62.42161311780001
"2024-01-28 21:00:00",64.5248357046
"2024-01-28 22:00:00",63.8620832827
"2024-01-28 23:00:00",68.083818595
"2024-01-29 00:00:00",62.05219622620001
"2024-01-29 01:00:00",62.791287386099995
"2024-01-29 02:00:00",59.7628458498
"2024-01-29 03:00:00",65.3794222588
"2024-01-29 04:00:00",65.2172587791
"2024-01-29 05:00:00",62.03739114279999
"2024-01-29 06:00:00",57.9112668351
"2024-01-29 07:00:00",58.5714227015
"2024-01-29 08:00:00",59.6875199088
"2024-01-29 09:00:00",60.2264219831
"2024-01-29 10:00:00",58.80694179259999
"2024-01-29 11:00:00",60.03470374030001
"2024-01-29 12:00:00",59.569708857
"2024-01-29 13:00:00",59.8813408128
"2024-01-29 14:00:00",59.7280579423
"2024-01-29 15:00:00",60.2684448925
"2024-01-29 16:00:00",59.97774897200001
"2024-01-29 17:00:00",59.6062762969
"2024-01-29 18:00:00",61.277889095000006
"2024-01-29 19:00:00",60.9882415135
"2024-01-29 20:00:00",62.43526049089999
"2024-01-29 21:00:00",63.3731844361
"2024-01-29 22:00:00",63.5569948537
"2024-01-29 23:00:00",65.6951025197
"2024-01-30 00:00:00",61.958817105
"2024-01-30 01:00:00",62.5306502894
"2024-01-30 02:00:00",62.0723842686
"2024-01-30 03:00:00",66.3247765989
"2024-01-30 04:00:00",65.5473300414
"2024-01-30 05:00:00",61.1781610802
"2024-01-30 06:00:00",57.6913205308
"2024-01-30 07:00:00",14.3024353852
"2024-01-30 08:00:00",15.6092354677
"2024-01-30 09:00:00",59.0889387751
"2024-01-30 10:00:00",60.875444357400006
"2024-01-30 11:00:00",60.0892728265
"2024-01-30 12:00:00",59.8946793778
"2024-01-30 13:00:00",59.366601166200006
"2024-01-30 14:00:00",57.1356269537
"2024-01-30 15:00:00",59.8754611177
"2024-01-30 16:00:00",59.2163166814
"2024-01-30 17:00:00",60.52120418860001
"2024-01-30 18:00:00",60.04649514260001
"2024-01-30 19:00:00",61.5695530716
"2024-01-30 20:00:00",62.26574167770001
"2024-01-30 21:00:00",62.805455525999996
"2024-01-30 22:00:00",63.8453029994
"2024-01-30 23:00:00",61.0400622625
"2024-01-31 00:00:00",63.21649081430001
"2024-01-31 01:00:00",70.0966372803
"2024-01-31 02:00:00",65.9717117141
"2024-01-31 03:00:00",64.6593188586
"2024-01-31 04:00:00",64.4594877217
"2024-01-31 05:00:00",61.45637111269999
"2024-01-31 06:00:00",58.3597664253
"2024-01-31 07:00:00",58.550116654600004
"2024-01-31 08:00:00",57.3704236036
"2024-01-31 09:00:00",59.2735027053
"2024-01-31 10:00:00",58.354334002600005
"2024-01-31 11:00:00",59.20678054179999
"2024-01-31 12:00:00",60.08863497189999
"2024-01-31 13:00:00",59.4820111381
"2024-01-31 14:00:00",58.43754997280001
"2024-01-31 15:00:00",60.13451619359999
"2024-01-31 16:00:00",60.12019742990001
"2024-01-31 17:00:00",61.048165813000004
"2024-01-31 18:00:00",62.0390944293
"2024-01-31 19:00:00",62.885671082500004
"2024-01-31 20:00:00",63.1857896828
"2024-01-31 21:00:00",63.220199007199994
"2024-01-31 22:00:00",62.422701685599996
"2024-01-31 23:00:00",60.5911885067
"2024-02-01 00:00:00",65.8965172467
"2024-02-01 01:00:00",66.4544055639
"2024-02-01 02:00:00",65.5189862216
"2024-02-01 03:00:00",64.2026051831
"2024-02-01 04:00:00",64.5111802846
"2024-02-01 05:00:00",60.6387417947
"2024-02-01 06:00:00",58.7961315811
"2024-02-01 07:00:00",58.63431034559999
"2024-02-01 08:00:00",58.8462407049
"2024-02-01 09:00:00",58.1996375785
"2024-02-01 10:00:00",59.3538725083
"2024-02-01 11:00:00",59.2775164187
"2024-02-01 12:00:00",58.396225538500005
"2024-02-01 13:00:00",59.1714813794
"2024-02-01 14:00:00",59.145009643
"2024-02-01 15:00:00",59.6767652816
"2024-02-01 16:00:00",61.17534475829999
"2024-02-01 17:00:00",60.6104713916
"2024-02-01 18:00:00",61.700752460100006
"2024-02-01 19:00:00",62.29765905360001
"2024-02-01 20:00:00",62.13253734309999
"2024-02-01 21:00:00",62.8725877089
"2024-02-01 22:00:00",64.4506986351
"2024-02-01 23:00:00",64.0137639366
"2024-02-02 00:00:00",67.0963301896
"2024-02-02 01:00:00",68.0525283446
"2024-02-02 02:00:00",64.0916425466
"2024-02-02 03:00:00",66.399258252
"2024-02-02 04:00:00",66.325542344
"2024-02-02 05:00:00",63.21135017230001
"2024-02-02 06:00:00",58.979596412300005
"2024-02-02 07:00:00",58.14401096959999
"2024-02-02 08:00:00",61.0890039001
"2024-02-02 09:00:00",56.5208035218
"2024-02-02 10:00:00",60.06874247700001
"2024-02-02 11:00:00",60.63349196480001
"2024-02-02 12:00:00",61.4378875391
"2024-02-02 13:00:00",58.76044417680001
"2024-02-02 14:00:00",56.6345639814
"2024-02-02 15:00:00",60.8804649937
"2024-02-02 16:00:00",61.36167280979999
"2024-02-02 17:00:00",61.73683798919999
"2024-02-02 18:00:00",60.6243073246
"2024-02-02 19:00:00",62.7186360108
"2024-02-02 20:00:00",63.86412912960001
"2024-02-02 21:00:00",62.3494382636
"2024-02-02 22:00:00",62.78565203789999
"2024-02-02 23:00:00",65.3773218041
"2024-02-03 00:00:00",67.5992748101
"2024-02-03 01:00:00",66.0618970975
"2024-02-03 02:00:00",62.398422170100005
"2024-02-03 03:00:00",67.7375656761
"2024-02-03 04:00:00",64.6998539518
"2024-02-03 05:00:00",64.3013910568
"2024-02-03 06:00:00",62.9108275957
"2024-02-03 07:00:00",63.329288536
"2024-02-03 08:00:00",62.836784052
"2024-02-03 09:00:00",60.1748197081
"2024-02-03 10:00:00",61.4399915624
"2024-02-03 11:00:00",60.53138831030001
"2024-02-03 12:00:00",59.9627384392
"2024-02-03 13:00:00",60.5443535603
"2024-02-03 14:00:00",60.8578323957
"2024-02-03 15:00:00",61.01196019799999
"2024-02-03 16:00:00",61.440711357800005
"2024-02-03 17:00:00",62.252386216
"2024-02-03 18:00:00",61.837484936299994
"2024-02-03 19:00:00",62.11615465239999
"2024-02-03 20:00:00",62.6059275226
"2024-02-03 21:00:00",62.75212180639999
"2024-02-03 22:00:00",62.3598909838
"2024-02-03 23:00:00",62.125934997799995
"2024-02-04 00:00:00",65.2185179251
"2024-02-04 01:00:00",64.9723277105
"2024-02-04 02:00:00",64.8805798874
"2024-02-04 03:00:00",62.2924720353
"2024-02-04 04:00:00",63.7916597197
"2024-02-04 05:00:00",65.4804847585
"2024-02-04 06:00:00",64.0533914412
"2024-02-04 07:00:00",62.4478428745
"2024-02-04 08:00:00",63.157476802599994
"2024-02-04 09:00:00",61.852266456100004
"2024-02-04 10:00:00",61.8013345881
"2024-02-04 11:00:00",62.23628601989999
"2024-02-04 12:00:00",61.28845789660001
"2024-02-04 13:00:00",61.244618824
"2024-02-04 14:00:00",62.4135711428
"2024-02-04 15:00:00",61.7601743833
"2024-02-04 16:00:00",62.25426145230001
"2024-02-04 17:00:00",62.8600223293
"2024-02-04 18:00:00",62.259957354700006
"2024-02-04 19:00:00",61.9986964238
"2024-02-04 20:00:00",63.3101289786
"2024-02-04 21:00:00",64.3795908574
"2024-02-04 22:00:00",64.8007941888
"2024-02-04 23:00:00",64.1782929055
"2024-02-05 00:00:00",62.054208217699994
"2024-02-05 01:00:00",62.2746851313
"2024-02-05 02:00:00",69.4316788905
"2024-02-05 03:00:00",67.2710312697
"2024-02-05 04:00:00",64.0971429386
"2024-02-05 05:00:00",61.9660078358
"2024-02-05 06:00:00",57.5391948433
"2024-02-05 07:00:00",19.0332229597
"2024-02-05 08:00:00",59.7929487364
"2024-02-05 09:00:00",59.62538099969999
"2024-02-05 10:00:00",60.629794168500005
"2024-02-05 11:00:00",61.1593978024
"2024-02-05 12:00:00",59.870882124199994
"2024-02-05 13:00:00",60.6431619562
"2024-02-05 14:00:00",60.62466382489999
"2024-02-05 15:00:00",60.973304269299994
"2024-02-05 16:00:00",61.37226166639999
"2024-02-05 17:00:00",61.951215887000004
"2024-02-05 18:00:00",62.4655078834
"2024-02-05 19:00:00",62.98440694600001
"2024-02-05 20:00:00",63.4476488401
"2024-02-05 21:00:00",64.2138688164
"2024-02-05 22:00:00",66.8443948788
"2024-02-05 23:00:00",65.8933363652
"2024-02-06 00:00:00",63.713092076600006
"2024-02-06 01:00:00",65.814623019
"2024-02-06 02:00:00",69.08113404
"2024-02-06 03:00:00",67.1263736339
"2024-02-06 04:00:00",65.8462328253
"2024-02-06 05:00:00",63.03900066029999
"2024-02-06 06:00:00",59.50352714110001
"2024-02-06 07:00:00",59.553869782999996
"2024-02-06 08:00:00",61.92518810400001
"2024-02-06 09:00:00",61.0180113228
"2024-02-06 10:00:00",61.194997462399996
"2024-02-06 11:00:00",61.6002453228
"2024-02-06 12:00:00",58.8713184147
"2024-02-06 13:00:00",61.09200060309999
"2024-02-06 14:00:00",61.34486906429999
"2024-02-06 15:00:00",60.503716385800004
"2024-02-06 16:00:00",62.0302014458
"2024-02-06 17:00:00",61.7323200572
"2024-02-06 18:00:00",61.02323676200001
"2024-02-06 19:00:00",61.7407268587
"2024-02-06 20:00:00",61.7871869194
"2024-02-06 21:00:00",61.5460095989
"2024-02-06 22:00:00",60.53501816219999
"2024-02-06 23:00:00",64.1510733493
"2024-02-07 00:00:00",63.1065122791
"2024-02-07 01:00:00",64.0292886632
"2024-02-07 02:00:00",61.7126281097
"2024-02-07 03:00:00",51.371026103400006
"2024-02-07 04:00:00",64.4316891827
"2024-02-07 05:00:00",61.68114784090001
"2024-02-07 06:00:00",58.748500441299996
"2024-02-07 07:00:00",57.8425962762
"2024-02-07 08:00:00",59.1078594448
"2024-02-07 09:00:00",60.3420314701
"2024-02-07 10:00:00",59.6051475934
"2024-02-07 11:00:00",59.46374958370001
"2024-02-07 12:00:00",58.940131212599994
"2024-02-07 13:00:00",57.3351912153
"2024-02-07 14:00:00",59.9031566597
"2024-02-07 15:00:00",60.509025025700005
"2024-02-07 16:00:00",60.424271319599995
"2024-02-07 17:00:00",60.5767808939
"2024-02-07 18:00:00",60.7233253042
"2024-02-07 19:00:00",61.32946510650001
"2024-02-07 20:00:00",60.7955802124
"2024-02-07 21:00:00",61.43470033
"2024-02-07 22:00:00",63.8015957479
"2024-02-07 23:00:00",63.564164015
"2024-02-08 00:00:00",62.8337021102
"2024-02-08 01:00:00",64.4921884094
"2024-02-08 02:00:00",70.2000777693
"2024-02-08 03:00:00",65.9373201622
"2024-02-08 04:00:00",64.6441381026
"2024-02-08 05:00:00",61.78869607659999
"2024-02-08 06:00:00",58.5055506151
"2024-02-08 07:00:00",59.098401593999995
"2024-02-08 08:00:00",60.0912587733
"2024-02-08 09:00:00",58.9709902623
"2024-02-08 10:00:00",57.9830454657
"2024-02-08 11:00:00",59.317434061
"2024-02-08 12:00:00",57.9650620534
"2024-02-08 13:00:00",57.1422429269
"2024-02-08 14:00:00",57.60291859630001
"2024-02-08 15:00:00",59.246219939599996
"2024-02-08 16:00:00",59.489588788
"2024-02-08 17:00:00",57.5493991169
"2024-02-08 18:00:00",59.876115152000004
"2024-02-08 19:00:00",60.5588735263
"2024-02-08 20:00:00",60.7066533799
"2024-02-08 21:00:00",61.21037769250001
"2024-02-08 22:00:00",60.5471687506
"2024-02-08 23:00:00",62.20005714759999
"2024-02-09 00:00:00",65.2041555979
"2024-02-09 01:00:00",62.3451300148
"2024-02-09 02:00:00",65.6244523834
"2024-02-09 03:00:00",64.6952449514
"2024-02-09 04:00:00",63.3799218987
"2024-02-09 05:00:00",61.4595088357
"2024-02-09 06:00:00",54.650165781000005
"2024-02-09 07:00:00",58.4734460166
"2024-02-09 08:00:00",59.0276041987
"2024-02-09 09:00:00",59.85633817029999
"2024-02-09 10:00:00",57.38781365709999
"2024-02-09 11:00:00",59.42481628110001
"2024-02-09 12:00:00",59.7658157083
"2024-02-09 13:00:00",56.1683486491
"2024-02-09 14:00:00",59.2589354192
"2024-02-09 15:00:00",60.06182831620001
"2024-02-09 16:00:00",59.1737505799
"2024-02-09 17:00:00",60.6524497322
"2024-02-09 18:00:00",61.36891803399999
"2024-02-09 19:00:00",61.3969160156
"2024-02-09 20:00:00",62.50705515120001
"2024-02-09 21:00:00",63.2043558095
"2024-02-09 22:00:00",63.77155667630001
"2024-02-09 23:00:00",61.693331909799994
"2024-02-10 00:00:00",66.608000484
"2024-02-10 01:00:00",63.9924342511
"2024-02-10 02:00:00",69.5828613913
"2024-02-10 03:00:00",65.0963571638
"2024-02-10 04:00:00",63.6000387844
"2024-02-10 05:00:00",60.4647097816
"2024-02-10 06:00:00",62.6014523511
"2024-02-10 07:00:00",62.1909250584
"2024-02-10 08:00:00",57.1095083578
"2024-02-10 09:00:00",60.3309235257
"2024-02-10 10:00:00",60.5750331742
"2024-02-10 11:00:00",60.7067458903
"2024-02-10 12:00:00",60.53263514289999
"2024-02-10 13:00:00",60.011569833799996
"2024-02-10 14:00:00",60.1001018598
"2024-02-10 15:00:00",59.6651625302
"2024-02-10 16:00:00",60.6238629969
"2024-02-10 17:00:00",55.93172635340001
"2024-02-10 18:00:00",60.8240281363
"2024-02-10 19:00:00",60.288682704200006
"2024-02-10 20:00:00",61.7885899789
"2024-02-10 21:00:00",61.66660038089999
"2024-02-10 22:00:00",61.67506965310001
"2024-02-10 23:00:00",61.59921740760001
"2024-02-11 00:00:00",64.416310346
"2024-02-11 01:00:00",64.6652091871
"2024-02-11 02:00:00",67.3536869191
"2024-02-11 03:00:00",64.7575867644
"2024-02-11 04:00:00",61.766496292099994
"2024-02-11 05:00:00",61.544737119
"2024-02-11 06:00:00",63.49639914470001
"2024-02-11 07:00:00",62.98081283660001
"2024-02-11 08:00:00",62.04629631969999
"2024-02-11 09:00:00",61.8529190611
"2024-02-11 10:00:00",61.5570250357
"2024-02-11 11:00:00",61.0366609505
"2024-02-11 12:00:00",60.1229069909
"2024-02-11 13:00:00",60.120579439500005
"2024-02-11 14:00:00",60.139129354000005
"2024-02-11 15:00:00",61.68000601770001
"2024-02-11 16:00:00",61.80998757770001
"2024-02-11 17:00:00",61.380900405800006
"2024-02-11 18:00:00",61.54763517360001
"2024-02-11 19:00:00",62.33362514769999
"2024-02-11 20:00:00",62.893765833799996
"2024-02-11 21:00:00",63.6087352296
"2024-02-11 22:00:00",61.482824228400005
"2024-02-11 23:00:00",63.48417615420001
"2024-02-12 00:00:00",60.467905562199995
"2024-02-12 01:00:00",58.6089549545
"2024-02-12 02:00:00",67.8236205888
"2024-02-12 03:00:00",65.9134883131
"2024-02-12 04:00:00",64.4182228782
"2024-02-12 05:00:00",60.1617718847
"2024-02-12 06:00:00",58.5479651843
"2024-02-12 07:00:00",59.87672200210001
"2024-02-12 08:00:00",60.75708445880001
"2024-02-12 09:00:00",59.411688273100005
"2024-02-12 10:00:00",60.0756308411
"2024-02-12 11:00:00",60.516755459
"2024-02-12 12:00:00",58.374721425
"2024-02-12 13:00:00",59.8396559663
"2024-02-12 14:00:00",60.03435098850001
"2024-02-12 15:00:00",60.181870689300005
"2024-02-12 16:00:00",55.86385176999999
"2024-02-12 17:00:00",61.33264553229999
"2024-02-12 18:00:00",61.818319389900005
"2024-02-12 19:00:00",61.69126176590001
"2024-02-12 20:00:00",62.5078919927
"2024-02-12 21:00:00",62.9061047294
"2024-02-12 22:00:00",65.4465836777
"2024-02-12 23:00:00",67.0558837616
"2024-02-13 00:00:00",66.8555048825
"2024-02-13 01:00:00",63.4000424967
"2024-02-13 02:00:00",67.7754067138
"2024-02-13 03:00:00",66.0329032833
"2024-02-13 04:00:00",64.4161985079
"2024-02-13 05:00:00",61.59026376420001
"2024-02-13 06:00:00",58.224130595400005
"2024-02-13 07:00:00",57.74118490970001
"2024-02-13 08:00:00",59.02284733789999
"2024-02-13 09:00:00",59.7922152817
"2024-02-13 10:00:00",59.723515037300004
"2024-02-13 11:00:00",59.3456753398
"2024-02-13 12:00:00",59.633282380199994
"2024-02-13 13:00:00",59.6210991488
"2024-02-13 14:00:00",59.6428174278
"2024-02-13 15:00:00",59.5800761231
"2024-02-13 16:00:00",60.561641343
"2024-02-13 17:00:00",60.40298159340001
"2024-02-13 18:00:00",60.886647988300005
"2024-02-13 19:00:00",61.1388600219
"2024-02-13 20:00:00",61.200551803
"2024-02-13 21:00:00",62.30166411860001
"2024-02-13 22:00:00",63.5070543294
"2024-02-13 23:00:00",61.452063749
"2024-02-14 00:00:00",62.7372574828
"2024-02-14 01:00:00",68.0655676263
"2024-02-14 02:00:00",61.95848575139999
"2024-02-14 03:00:00",66.1001715141
"2024-02-14 04:00:00",64.8582388612
"2024-02-14 05:00:00",62.31832297799999
"2024-02-14 06:00:00",58.667080497300006
"2024-02-14 07:00:00",59.21326044
"2024-02-14 08:00:00",60.18592693029999
"2024-02-14 09:00:00",60.1158215998
"2024-02-14 10:00:00",58.9393029431
"2024-02-14 11:00:00",59.4571906563
"2024-02-14 12:00:00",58.609075625799996
"2024-02-14 13:00:00",56.95678931300001
"2024-02-14 14:00:00",58.77946562249999
"2024-02-14 15:00:00",53.8369176577
"2024-02-14 16:00:00",57.668261053399995
"2024-02-14 17:00:00",60.5573442938
"2024-02-14 18:00:00",61.5711873773
"2024-02-14 19:00:00",61.54465993069999
"2024-02-14 20:00:00",62.7839843888
"2024-02-14 21:00:00",62.87899480560001
"2024-02-14 22:00:00",63.7262479439
"2024-02-14 23:00:00",63.29437067080001
"2024-02-15 00:00:00",65.8256060029
"2024-02-15 01:00:00",63.7633253215
"2024-02-15 02:00:00",67.3985954823
"2024-02-15 03:00:00",62.8241459423
"2024-02-15 04:00:00",63.451790616800004
"2024-02-15 05:00:00",60.2738403165
"2024-02-15 06:00:00",54.78530551039999
"2024-02-15 07:00:00",25.624782151699996
"2024-02-15 08:00:00",57.199686553300005
"2024-02-15 09:00:00",57.5400839625
"2024-02-15 10:00:00",58.829088523299994
"2024-02-15 11:00:00",59.4375432234
"2024-02-15 12:00:00",58.1662481874
"2024-02-15 13:00:00",58.07675337570001
"2024-02-15 14:00:00",59.8279268311
"2024-02-15 15:00:00",59.433949817
"2024-02-15 16:00:00",60.01143235309999
"2024-02-15 17:00:00",60.811272269599996
"2024-02-15 18:00:00",61.095717126800004
"2024-02-15 19:00:00",61.4595994247
"2024-02-15 20:00:00",61.7294315963
"2024-02-15 21:00:00",63.1151724367
"2024-02-15 22:00:00",64.4609581943
"2024-02-15 23:00:00",67.1191161768
"2024-02-16 00:00:00",66.3352670892
"2024-02-16 01:00:00",65.4432848196
"2024-02-16 02:00:00",65.2783803934
"2024-02-16 03:00:00",66.4765728489
"2024-02-16 04:00:00",65.3606803222
"2024-02-16 05:00:00",61.81681185379999
"2024-02-16 06:00:00",59.18193906919999
"2024-02-16 07:00:00",59.361339996000005
"2024-02-16 08:00:00",60.2345177638
"2024-02-16 09:00:00",59.12128469219999
"2024-02-16 10:00:00",58.86220541579999
"2024-02-16 11:00:00",59.66576841100001
"2024-02-16 12:00:00",58.92305569599999
"2024-02-16 13:00:00",56.7463495623
"2024-02-16 14:00:00",59.607365348900004
"2024-02-16 15:00:00",60.156584849000005
"2024-02-16 16:00:00",60.7518176721
"2024-02-16 17:00:00",60.1576467889
"2024-02-16 18:00:00",59.98731940870001
"2024-02-16 19:00:00",61.0814352204
"2024-02-16 20:00:00",61.9460365716
"2024-02-16 21:00:00",61.82060869370001
"2024-02-16 22:00:00",63.3107215436
"2024-02-16 23:00:00",64.4814116014
"2024-02-17 00:00:00",64.3621618223
"2024-02-17 01:00:00",64.3711515751
"2024-02-17 02:00:00",67.757539613
"2024-02-17 03:00:00",66.311320985
"2024-02-17 04:00:00",62.9810704551
"2024-02-17 05:00:00",64.1137186945
"2024-02-17 06:00:00",62.618133662299996
"2024-02-17 07:00:00",62.0075439745
"2024-02-17 08:00:00",61.3531317348
"2024-02-17 09:00:00",61.2121147264
"2024-02-17 10:00:00",60.60763414069999
"2024-02-17 11:00:00",60.4652030626
"2024-02-17 12:00:00",60.7946131755
"2024-02-17 13:00:00",60.7307306328
"2024-02-17 14:00:00",60.783043755399994
"2024-02-17 15:00:00",60.34715661580001
"2024-02-17 16:00:00",60.45214522380001
"2024-02-17 17:00:00",61.8569032632
"2024-02-17 18:00:00",60.6127667904
"2024-02-17 19:00:00",61.3205776841
"2024-02-17 20:00:00",62.032205978600004
"2024-02-17 21:00:00",63.7441277116
"2024-02-17 22:00:00",61.7663854683
"2024-02-17 23:00:00",63.5400515005
"2024-02-18 00:00:00",63.9956198959
"2024-02-18 01:00:00",66.8657411467
"2024-02-18 02:00:00",64.1256618353
"2024-02-18 03:00:00",64.4881462116
"2024-02-18 04:00:00",62.8476496956
"2024-02-18 05:00:00",60.9073330791
"2024-02-18 06:00:00",62.3494342564
"2024-02-18 07:00:00",62.377295145
"2024-02-18 08:00:00",62.59399419580001
"2024-02-18 09:00:00",62.29169774489999
"2024-02-18 10:00:00",61.3910506147
"2024-02-18 11:00:00",61.2736444244
"2024-02-18 12:00:00",60.9783684736
"2024-02-18 13:00:00",61.6082957763
"2024-02-18 14:00:00",61.782697927899996
"2024-02-18 15:00:00",60.7931578541
"2024-02-18 16:00:00",61.079006863
"2024-02-18 17:00:00",60.68179497509999
"2024-02-18 18:00:00",60.34512810089999
"2024-02-18 19:00:00",62.3722424868
"2024-02-18 20:00:00",61.41660417000001
"2024-02-18 21:00:00",60.59480044539999
"2024-02-18 22:00:00",65.176317964
"2024-02-18 23:00:00",61.323794587600005
"2024-02-19 00:00:00",62.9166401231
"2024-02-19 01:00:00",61.0352645736
"2024-02-19 02:00:00",62.127493398
"2024-02-19 03:00:00",62.6142648344
"2024-02-19 04:00:00",63.633778698
"2024-02-19 05:00:00",60.6816202357
"2024-02-19 06:00:00",59.0706189364
"2024-02-19 07:00:00",59.24532050780001
"2024-02-19 08:00:00",60.422441000199996
"2024-02-19 09:00:00",59.5948904789
"2024-02-19 10:00:00",59.69574344670001
"2024-02-19 11:00:00",59.4615884452
"2024-02-19 12:00:00",58.82427948800001
"2024-02-19 13:00:00",58.6116817971
"2024-02-19 14:00:00",59.658882569599996
"2024-02-19 15:00:00",59.271942914700006
"2024-02-19 16:00:00",60.433308005600004
"2024-02-19 17:00:00",61.17061222259999
"2024-02-19 18:00:00",60.558176054
"2024-02-19 19:00:00",61.8232454125
"2024-02-19 20:00:00",62.45840953950001
"2024-02-19 21:00:00",62.383726833999994
"2024-02-19 22:00:00",63.268711390600004
"2024-02-19 23:00:00",63.36791290069999
"2024-02-20 00:00:00",70.9456136572
"2024-02-20 01:00:00",58.18865061160001
"2024-02-20 02:00:00",68.2915483593
"2024-02-20 03:00:00",62.05402453370001
"2024-02-20 04:00:00",63.78130398930001
"2024-02-20 05:00:00",61.345688597999995
"2024-02-20 06:00:00",59.2481483152
"2024-02-20 07:00:00",60.4418100086
"2024-02-20 08:00:00",60.2560959256
"2024-02-20 09:00:00",59.1630488107
"2024-02-20 10:00:00",59.4065339285
"2024-02-20 11:00:00",59.89981902889999
"2024-02-20 12:00:00",59.7549444116
"2024-02-20 13:00:00",59.88159228080001
"2024-02-20 14:00:00",59.81415335449999
"2024-02-20 15:00:00",60.8022641509
"2024-02-20 16:00:00",60.9178277092
"2024-02-20 17:00:00",61.68044373749999
"2024-02-20 18:00:00",61.6333906515
"2024-02-20 19:00:00",62.4935419899
"2024-02-20 20:00:00",63.835584687499995
"2024-02-20 21:00:00",63.7042082428
"2024-02-20 22:00:00",65.9121063327
"2024-02-20 23:00:00",66.722343818
"2024-02-21 00:00:00",65.8278418008
"2024-02-21 01:00:00",58.06832144380001
"2024-02-21 02:00:00",66.1498234198
"2024-02-21 03:00:00",62.7487085921
"2024-02-21 04:00:00",63.07320226249999
"2024-02-21 05:00:00",62.85346610109999
"2024-02-21 06:00:00",59.7930464878
"2024-02-21 07:00:00",59.1867205171
"2024-02-21 08:00:00",60.070828832900006
"2024-02-21 09:00:00",59.622674519499995
"2024-02-21 10:00:00",59.9807480661
"2024-02-21 11:00:00",59.15832666359999
"2024-02-21 12:00:00",59.965677538200005
"2024-02-21 13:00:00",45.2506536991
"2024-02-21 14:00:00",50.3290586944
"2024-02-21 15:00:00",58.7726085172
"2024-02-21 16:00:00",60.053853215699995
"2024-02-21 17:00:00",60.4777067223
"2024-02-21 18:00:00",60.469180338
"2024-02-21 19:00:00",60.55979132870001
"2024-02-21 20:00:00",59.27460411009999
"2024-02-21 21:00:00",62.14693230700001
"2024-02-21 22:00:00",61.8893969006
"2024-02-21 23:00:00",63.439124090099995
"2024-02-22 00:00:00",62.48208877780001
"2024-02-22 01:00:00",65.5505349687
"2024-02-22 02:00:00",67.5024057375
"2024-02-22 03:00:00",63.9506722942
"2024-02-22 04:00:00",64.3369994893
"2024-02-22 05:00:00",59.88099001230001
"2024-02-22 06:00:00",58.58494945080001
"2024-02-22 07:00:00",59.98925244499999
"2024-02-22 08:00:00",60.2324666423
"2024-02-22 09:00:00",59.2057527925
"2024-02-22 10:00:00",60.45145542800001
"2024-02-22 11:00:00",60.36529895139999
"2024-02-22 12:00:00",59.010980282999995
"2024-02-22 13:00:00",59.89398701929999
"2024-02-22 14:00:00",58.5589405228
"2024-02-22 15:00:00",60.4017999536
"2024-02-22 16:00:00",60.4712429318
"2024-02-22 17:00:00",59.6100497579
"2024-02-22 18:00:00",60.431005778899994
"2024-02-22 19:00:00",62.192739198400005
"2024-02-22 20:00:00",60.8102193169
"2024-02-22 21:00:00",62.1380557143
"2024-02-22 22:00:00",61.82904652300001
"2024-02-22 23:00:00",61.8016980128
"2024-02-23 00:00:00",67.3326636942
"2024-02-23 01:00:00",68.0040869181
"2024-02-23 02:00:00",68.7343390925
"2024-02-23 03:00:00",65.4928570474
"2024-02-23 04:00:00",63.5274528725
"2024-02-23 05:00:00",62.018663911000004
"2024-02-23 06:00:00",59.332419651
"2024-02-23 07:00:00",58.9725239218
"2024-02-23 08:00:00",57.8808449975
"2024-02-23 09:00:00",58.938808607
"2024-02-23 10:00:00",58.650937816399995
"2024-02-23 11:00:00",59.607663770600006
"2024-02-23 12:00:00",58.4776413265
"2024-02-23 13:00:00",59.6013909531
"2024-02-23 14:00:00",54.5354594228
"2024-02-23 15:00:00",60.286828764300004
"2024-02-23 16:00:00",60.6093910601
"2024-02-23 17:00:00",61.275780163200004
"2024-02-23 18:00:00",61.35996999859999
"2024-02-23 19:00:00",60.9564238191
"2024-02-23 20:00:00",61.8373179348
"2024-02-23 21:00:00",61.438329717
"2024-02-23 22:00:00",62.9493344065
"2024-02-23 23:00:00",65.3410664181
"2024-02-24 00:00:00",66.0763287712
"2024-02-24 01:00:00",62.6517229522
"2024-02-24 02:00:00",64.945333345
"2024-02-24 03:00:00",62.118234350099996
"2024-02-24 04:00:00",64.3830353126
"2024-02-24 05:00:00",63.6625750786
"2024-02-24 06:00:00",62.809528605
"2024-02-24 07:00:00",62.7717520592
"2024-02-24 08:00:00",61.77963564200001
"2024-02-24 09:00:00",60.3081229792
"2024-02-24 10:00:00",60.4254991121
"2024-02-24 11:00:00",59.4247969759
"2024-02-24 12:00:00",59.576507672999995
"2024-02-24 13:00:00",59.649624029799995
"2024-02-24 14:00:00",60.919109417099996
"2024-02-24 15:00:00",60.5131959722
"2024-02-24 16:00:00",59.7728043706
"2024-02-24 17:00:00",61.6167151361
"2024-02-24 18:00:00",61.0364700958
"2024-02-24 19:00:00",61.647208289400005
"2024-02-24 20:00:00",60.372485889
"2024-02-24 21:00:00",59.1824009877
"2024-02-24 22:00:00",60.5388497168
"2024-02-24 23:00:00",60.8472692169
"2024-02-25 00:00:00",63.6724585348
"2024-02-25 01:00:00",63.9745974947
"2024-02-25 02:00:00",61.491659779799996
"2024-02-25 03:00:00",66.522761698
"2024-02-25 04:00:00",64.0385223759
"2024-02-25 05:00:00",64.0114901921
"2024-02-25 06:00:00",63.3816491982
"2024-02-25 07:00:00",62.80856646369999
"2024-02-25 08:00:00",61.0884826269
"2024-02-25 09:00:00",61.321629468999994
"2024-02-25 10:00:00",60.647604666
"2024-02-25 11:00:00",59.23735424590001
"2024-02-25 12:00:00",60.80518510880001
"2024-02-25 13:00:00",59.6198460468
"2024-02-25 14:00:00",60.5171106059
"2024-02-25 15:00:00",60.6597189943
"2024-02-25 16:00:00",62.21943194479999
"2024-02-25 17:00:00",61.429029699599994
"2024-02-25 18:00:00",60.186374909600005
"2024-02-25 19:00:00",62.477003822200004
"2024-02-25 20:00:00",61.5038930113
"2024-02-25 21:00:00",62.8320032213
"2024-02-25 22:00:00",61.54271307150001
"2024-02-25 23:00:00",66.0163817571
"2024-02-26 00:00:00",61.8102783426
"2024-02-26 01:00:00",58.203528603
"2024-02-26 02:00:00",63.4216302602
"2024-02-26 03:00:00",63.23463990090001
"2024-02-26 04:00:00",64.5544216746
"2024-02-26 05:00:00",60.194428773599995
"2024-02-26 06:00:00",57.3938369945
"2024-02-26 07:00:00",58.540359783
"2024-02-26 08:00:00",58.6475731906
"2024-02-26 09:00:00",59.9397041844
"2024-02-26 10:00:00",59.85561892230001
"2024-02-26 11:00:00",58.967536828600004
"2024-02-26 12:00:00",59.776223597800005
"2024-02-26 13:00:00",58.2743022761
"2024-02-26 14:00:00",33.0252058819
"2024-02-26 15:00:00",58.77770151469999
"2024-02-26 16:00:00",48.9806930392
"2024-02-26 17:00:00",61.073124784399994
"2024-02-26 18:00:00",60.3566210478
"2024-02-26 19:00:00",61.3598552517
"2024-02-26 20:00:00",62.03096039279999
"2024-02-26 21:00:00",61.8356435579
"2024-02-26 22:00:00",63.03885042800001
"2024-02-26 23:00:00",60.5762293231
"2024-02-27 00:00:00",59.29558944299999
"2024-02-27 01:00:00",53.08847617949999
"2024-02-27 02:00:00",60.9201616116
"2024-02-27 03:00:00",65.6582222131
"2024-02-27 04:00:00",63.69632264039999
"2024-02-27 05:00:00",62.01837037869999
"2024-02-27 06:00:00",59.97703230049999
"2024-02-27 07:00:00",54.3491002044
"2024-02-27 08:00:00",60.10110933360001
"2024-02-27 09:00:00",59.73625092350001
"2024-02-27 10:00:00",59.7287342628
"2024-02-27 11:00:00",59.95912194
"2024-02-27 12:00:00",59.6029343152
"2024-02-27 13:00:00",58.688936253
"2024-02-27 14:00:00",59.8989327898
"2024-02-27 15:00:00",59.6710648887
"2024-02-27 16:00:00",60.9650285975
"2024-02-27 17:00:00",61.3500633748
"2024-02-27 18:00:00",60.4430933729
"2024-02-27 19:00:00",62.1480897458
"2024-02-27 20:00:00",62.640742648999996
"2024-02-27 21:00:00",62.15579030410001
"2024-02-27 22:00:00",64.11777897
"2024-02-27 23:00:00",67.3787672125
"2024-02-28 00:00:00",65.6023740818
"2024-02-28 01:00:00",63.9481831098
"2024-02-28 02:00:00",66.8825169424
"2024-02-28 03:00:00",67.8556070104
"2024-02-28 04:00:00",63.6866020035
"2024-02-28 05:00:00",60.6348645597
"2024-02-28 06:00:00",58.25552289080001
"2024-02-28 07:00:00",57.471482802900006
"2024-02-28 08:00:00",61.0428348084
"2024-02-28 09:00:00",58.933428835399994
"2024-02-28 10:00:00",58.4606814572
"2024-02-28 11:00:00",60.9931564198
"2024-02-28 12:00:00",59.7178649916
"2024-02-28 13:00:00",58.780883191
"2024-02-28 14:00:00",58.4648458728
"2024-02-28 15:00:00",59.65546060260001
"2024-02-28 16:00:00",60.9001285508
"2024-02-28 17:00:00",60.61050982759999
"2024-02-28 18:00:00",60.3302483337
"2024-02-28 19:00:00",62.3037939271
"2024-02-28 20:00:00",62.38849242159999
"2024-02-28 21:00:00",63.83485265089999
"2024-02-28 22:00:00",65.0193019549
"2024-02-28 23:00:00",63.8579919432
"2024-02-29 00:00:00",66.0701331308
"2024-02-29 01:00:00",71.9211718564
"2024-02-29 02:00:00",65.7605957708
"2024-02-29 03:00:00",63.1802298987
"2024-02-29 04:00:00",63.931946928
"2024-02-29 05:00:00",62.3108790734
"2024-02-29 06:00:00",32.7359299245
"2024-02-29 07:00:00",8.0924880453
"2024-02-29 08:00:00",42.8984256842
"2024-02-29 09:00:00",59.5551609532
"2024-02-29 10:00:00",59.56674616619999
"2024-02-29 11:00:00",59.4240541811
"2024-02-29 12:00:00",58.83338752739999
"2024-02-29 13:00:00",58.178983004
"2024-02-29 14:00:00",59.423662666300004
"2024-02-29 15:00:00",59.4913687952
"2024-02-29 16:00:00",60.055801122800005
"2024-02-29 17:00:00",60.7932705144
"2024-02-29 18:00:00",60.607320899099996
"2024-02-29 19:00:00",61.7590801609
"2024-02-29 20:00:00",61.84272032839999
"2024-02-29 21:00:00",62.46040620589999
"2024-02-29 22:00:00",62.7945823128
"2024-02-29 23:00:00",64.9737424777
"2024-03-01 00:00:00",63.0796372628
"2024-03-01 01:00:00",65.6157871588
"2024-03-01 02:00:00",62.98864677440001
"2024-03-01 03:00:00",63.729500810299996
"2024-03-01 04:00:00",64.2433766302
"2024-03-01 05:00:00",62.32489965340001
"2024-03-01 06:00:00",60.3064989271
"2024-03-01 07:00:00",59.8406970663
"2024-03-01 08:00:00",58.4479834741
"2024-03-01 09:00:00",55.19019663649999
"2024-03-01 10:00:00",59.5172296321
"2024-03-01 11:00:00",59.7979339839
"2024-03-01 12:00:00",59.1153742017
"2024-03-01 13:00:00",57.094459812400004
"2024-03-01 14:00:00",60.1011320407
"2024-03-01 15:00:00",60.101324395
"2024-03-01 16:00:00",61.1879427414
"2024-03-01 17:00:00",59.709074973599996
"2024-03-01 18:00:00",60.2289715699
"2024-03-01 19:00:00",60.5296139561
"2024-03-01 20:00:00",60.7487927493
"2024-03-01 21:00:00",60.9710724179
"2024-03-01 22:00:00",61.8049096163
"2024-03-01 23:00:00",60.3072052235
"2024-03-02 00:00:00",64.3270542527
"2024-03-02 01:00:00",68.4317312087
"2024-03-02 02:00:00",65.0372152023
"2024-03-02 03:00:00",60.613787415999994
"2024-03-02 04:00:00",63.6986461047
"2024-03-02 05:00:00",64.2780010758
"2024-03-02 06:00:00",63.8631114087
"2024-03-02 07:00:00",61.8689881615
"2024-03-02 08:00:00",61.0117960092
"2024-03-02 09:00:00",60.83652512919999
"2024-03-02 10:00:00",61.58216455229999
"2024-03-02 11:00:00",60.5355276415
"2024-03-02 12:00:00",60.2744309695
"2024-03-02 13:00:00",59.1708487493
"2024-03-02 14:00:00",60.00539983640001
"2024-03-02 15:00:00",60.1670385461
"2024-03-02 16:00:00",60.574551692099995
"2024-03-02 17:00:00",61.71855487669999
"2024-03-02 18:00:00",61.148818485099994
"2024-03-02 19:00:00",62.0218417071
"2024-03-02 20:00:00",61.623199360799994
"2024-03-02 21:00:00",61.4022707807
"2024-03-02 22:00:00",62.714856571599995
"2024-03-02 23:00:00",63.456097523
"2024-03-03 00:00:00",63.755992405799994
"2024-03-03 01:00:00",65.7489125487
"2024-03-03 02:00:00",64.8103713296
"2024-03-03 03:00:00",64.1091026934
"2024-03-03 04:00:00",65.3610296876
"2024-03-03 05:00:00",64.6985962825
"2024-03-03 06:00:00",64.7384723987
"2024-03-03 07:00:00",63.4446895132
"2024-03-03 08:00:00",62.1809023035
"2024-03-03 09:00:00",62.8127480411
"2024-03-03 10:00:00",61.0968051039
"2024-03-03 11:00:00",60.3351692586
"2024-03-03 12:00:00",60.5102374583
"2024-03-03 13:00:00",60.740354317199994
"2024-03-03 14:00:00",60.4526051744
"2024-03-03 15:00:00",60.12181185199999
"2024-03-03 16:00:00",61.04583144659999
"2024-03-03 17:00:00",62.2311651259
"2024-03-03 18:00:00",61.3903187473
"2024-03-03 19:00:00",61.57613115729999
"2024-03-03 20:00:00",62.3188904841
"2024-03-03 21:00:00",63.437259759300005
"2024-03-03 22:00:00",62.6373395582
"2024-03-03 23:00:00",67.4067694923
"2024-03-04 00:00:00",68.850542722
"2024-03-04 01:00:00",59.29411764710001
"2024-03-04 02:00:00",66.7858356068
"2024-03-04 03:00:00",64.0222271936
"2024-03-04 04:00:00",62.44000570330001
"2024-03-04 05:00:00",61.694279819900004
"2024-03-04 06:00:00",58.58280026170001
"2024-03-04 07:00:00",59.9330221842
"2024-03-04 08:00:00",61.0739382502
"2024-03-04 09:00:00",58.8917038133
"2024-03-04 10:00:00",60.83647209750001
"2024-03-04 11:00:00",60.7205939626
"2024-03-04 12:00:00",59.3866153928
"2024-03-04 13:00:00",59.94230823670001
"2024-03-04 14:00:00",60.178569995100005
"2024-03-04 15:00:00",60.11085562640001
"2024-03-04 16:00:00",59.5629049482
"2024-03-04 17:00:00",60.7653771536
"2024-03-04 18:00:00",61.4888504007
"2024-03-04 19:00:00",61.2406064651
"2024-03-04 20:00:00",63.57399637350001
"2024-03-04 21:00:00",62.542973032000006
"2024-03-04 22:00:00",64.5244248489
"2024-03-04 23:00:00",64.5352341555
"2024-03-05 00:00:00",64.9246375389
"2024-03-05 01:00:00",66.3126880965
"2024-03-05 02:00:00",66.5132406961
"2024-03-05 03:00:00",64.94614721
"2024-03-05 04:00:00",63.7303492329
"2024-03-05 05:00:00",62.34744666
"2024-03-05 06:00:00",59.7537839674
"2024-03-05 07:00:00",58.87465627540001
"2024-03-05 08:00:00",59.8435361534
"2024-03-05 09:00:00",59.1618712574
"2024-03-05 10:00:00",54.10627794980001
"2024-03-05 11:00:00",59.7016404899
"2024-03-05 12:00:00",58.3660019231
"2024-03-05 13:00:00",58.38197059880001
"2024-03-05 14:00:00",58.6515850227
"2024-03-05 15:00:00",56.89064475949999
"2024-03-05 16:00:00",40.1371394838
"2024-03-05 17:00:00",60.97183801640001
"2024-03-05 18:00:00",61.43812315019999
"2024-03-05 19:00:00",61.9110368676
"2024-03-05 20:00:00",62.7837742439
"2024-03-05 21:00:00",63.7717917324
"2024-03-05 22:00:00",64.936735757
"2024-03-05 23:00:00",66.5833398836
"2024-03-06 00:00:00",70.4316682925
"2024-03-06 01:00:00",68.3211678832
"2024-03-06 02:00:00",67.2299962779
"2024-03-06 03:00:00",66.1410126846
"2024-03-06 04:00:00",64.3540564637
"2024-03-06 05:00:00",61.454736640700006
"2024-03-06 06:00:00",58.4920265789
"2024-03-06 07:00:00",57.63170400480001
"2024-03-06 08:00:00",59.972933371
"2024-03-06 09:00:00",59.490889968999994
"2024-03-06 10:00:00",60.19251303459999
"2024-03-06 11:00:00",59.6013148312
"2024-03-06 12:00:00",60.2822248833
"2024-03-06 13:00:00",58.8194982544
"2024-03-06 14:00:00",59.3626635054
"2024-03-06 15:00:00",59.0475716724
"2024-03-06 16:00:00",60.60730483849999
"2024-03-06 17:00:00",61.8912115569
"2024-03-06 18:00:00",61.0283794739
"2024-03-06 19:00:00",61.6323370957
"2024-03-06 20:00:00",62.1344090854
"2024-03-06 21:00:00",62.49977488300001
"2024-03-06 22:00:00",63.5879195425
"2024-03-06 23:00:00",63.618934659400004
"2024-03-07 00:00:00",62.0098513615
"2024-03-07 01:00:00",74.5218345627
"2024-03-07 02:00:00",70.1243991109
"2024-03-07 03:00:00",65.8838185028
"2024-03-07 04:00:00",63.67139169159999
"2024-03-07 05:00:00",62.189250863400005
"2024-03-07 06:00:00",59.652062373
"2024-03-07 07:00:00",30.2265893532
"2024-03-07 08:00:00",58.7962060229
"2024-03-07 09:00:00",58.64406780830001
"2024-03-07 10:00:00",58.653025625999994
"2024-03-07 11:00:00",59.44860941110001
"2024-03-07 12:00:00",59.0114366433
"2024-03-07 13:00:00",55.32252468269999
"2024-03-07 14:00:00",58.7159841941
"2024-03-07 15:00:00",59.2876632915
"2024-03-07 16:00:00",60.864502770099996
"2024-03-07 17:00:00",61.63816043050001
"2024-03-07 18:00:00",60.5809703473
"2024-03-07 19:00:00",59.90138092
"2024-03-07 20:00:00",61.221170736
"2024-03-07 21:00:00",63.580847517900004
"2024-03-07 22:00:00",62.31385027639999
"2024-03-07 23:00:00",62.988764676200006
"2024-03-08 00:00:00",66.7878826879
"2024-03-08 01:00:00",62.62462266789999
"2024-03-08 02:00:00",66.3284540551
"2024-03-08 03:00:00",64.4063461982
"2024-03-08 04:00:00",64.7190328351
"2024-03-08 05:00:00",61.342869037099995
"2024-03-08 06:00:00",60.178328363999995
"2024-03-08 07:00:00",59.2964609548
"2024-03-08 08:00:00",60.0104716854
"2024-03-08 09:00:00",59.9383500497
"2024-03-08 10:00:00",59.11203332009999
"2024-03-08 11:00:00",59.30895447209999
"2024-03-08 12:00:00",59.2784744916
"2024-03-08 13:00:00",58.321501333
"2024-03-08 14:00:00",46.7782948245
"2024-03-08 15:00:00",60.1800883333
"2024-03-08 16:00:00",60.993499353000004
"2024-03-08 17:00:00",61.7064563983
"2024-03-08 18:00:00",59.832054507399995
"2024-03-08 19:00:00",62.0002202589
"2024-03-08 20:00:00",61.3201328693
"2024-03-08 21:00:00",61.73059603080001
"2024-03-08 22:00:00",62.87365601689999
"2024-03-08 23:00:00",64.312896359
"2024-03-09 00:00:00",66.2969561271
"2024-03-09 01:00:00",66.5741230448
"2024-03-09 02:00:00",63.477464655400006
"2024-03-09 03:00:00",67.6226937117
"2024-03-09 04:00:00",62.7254290503
"2024-03-09 05:00:00",62.5227954306
"2024-03-09 06:00:00",64.5457870902
"2024-03-09 07:00:00",64.5102291642
"2024-03-09 08:00:00",61.65160208
"2024-03-09 09:00:00",61.1722417152
"2024-03-09 10:00:00",60.755760634699996
"2024-03-09 11:00:00",60.30417468809999
"2024-03-09 12:00:00",60.45671412259999
"2024-03-09 13:00:00",60.228554731799996
"2024-03-09 14:00:00",59.45107338630001
"2024-03-09 15:00:00",59.4919365009
"2024-03-09 16:00:00",60.3141157112
"2024-03-09 17:00:00",61.6533152947
"2024-03-09 18:00:00",60.846081182599995
"2024-03-09 19:00:00",61.9957156154
"2024-03-09 20:00:00",62.0457226777
"2024-03-09 21:00:00",63.40116485120001
"2024-03-09 22:00:00",61.8690316139
"2024-03-09 23:00:00",63.3703714126
"2024-03-10 00:00:00",62.6510009207
"2024-03-10 01:00:00",64.3765504972
"2024-03-10 02:00:00",63.6579784147
"2024-03-10 03:00:00",66.9981054382
"2024-03-10 04:00:00",65.5479395895
"2024-03-10 05:00:00",62.3914153956
"2024-03-10 06:00:00",64.0682572323
"2024-03-10 07:00:00",63.82065384829999
"2024-03-10 08:00:00",62.0180719122
"2024-03-10 09:00:00",60.8571029781
"2024-03-10 10:00:00",59.9278264741
"2024-03-10 11:00:00",60.386695356699995
"2024-03-10 12:00:00",59.298236964900006
"2024-03-10 13:00:00",59.64107085919999
"2024-03-10 14:00:00",60.0516159082
"2024-03-10 15:00:00",60.2771572504
"2024-03-10 16:00:00",61.3806172827
"2024-03-10 17:00:00",62.1078481746
"2024-03-10 18:00:00",61.3817319509
"2024-03-10 19:00:00",61.930879114300005
"2024-03-10 20:00:00",63.307675997100006
"2024-03-10 21:00:00",62.5813449264
"2024-03-10 22:00:00",64.9033799276
"2024-03-10 23:00:00",63.306904921800005
"2024-03-11 00:00:00",66.5112426036
"2024-03-11 01:00:00",51
"2024-03-11 02:00:00",65.5902140483
"2024-03-11 03:00:00",63.312240083999995
"2024-03-11 04:00:00",63.6361107575
"2024-03-11 05:00:00",62.24413311160001
"2024-03-11 06:00:00",56.895135441399994
"2024-03-11 07:00:00",59.3160801327
"2024-03-11 08:00:00",59.349619173700006
"2024-03-11 09:00:00",57.5813175935
"2024-03-11 10:00:00",58.8308966641
"2024-03-11 11:00:00",58.281608775799995
"2024-03-11 12:00:00",58.32659537
"2024-03-11 13:00:00",55.8390601303
"2024-03-11 14:00:00",58.9851240426
"2024-03-11 15:00:00",56.9916025123
"2024-03-11 16:00:00",59.4682641186
"2024-03-11 17:00:00",60.8883843616
"2024-03-11 18:00:00",59.5728753587
"2024-03-11 19:00:00",60.789963908900006
"2024-03-11 20:00:00",62.1478938094
"2024-03-11 21:00:00",61.8584120633
"2024-03-11 22:00:00",66.0702669562
"2024-03-11 23:00:00",64.3454326746
"2024-03-12 00:00:00",65.7448364999
"2024-03-12 01:00:00",58.09148564600001
"2024-03-12 02:00:00",64.6926235412
"2024-03-12 03:00:00",70.2847509967
"2024-03-12 04:00:00",61.63342154360001
"2024-03-12 05:00:00",61.16475890529999
"2024-03-12 06:00:00",30.3307852048
"2024-03-12 07:00:00",6.525891971
"2024-03-12 08:00:00",31.552267928900005
"2024-03-12 09:00:00",58.870345321
"2024-03-12 10:00:00",59.23280037879999
"2024-03-12 11:00:00",59.8781830241
"2024-03-12 12:00:00",58.4942427247
"2024-03-12 13:00:00",58.7074641128
"2024-03-12 14:00:00",58.3165829124
"2024-03-12 15:00:00",60.0705211499
"2024-03-12 16:00:00",59.57662996609999
"2024-03-12 17:00:00",61.9270324404
"2024-03-12 18:00:00",59.478470747900005
"2024-03-12 19:00:00",61.34983925769999
"2024-03-12 20:00:00",61.3982340215
"2024-03-12 21:00:00",62.572219868999994
"2024-03-12 22:00:00",61.5394390046
"2024-03-12 23:00:00",63.26898110070001
"2024-03-13 00:00:00",68.7109536289
"2024-03-13 01:00:00",66.2725691439
"2024-03-13 02:00:00",64.1874704838
"2024-03-13 03:00:00",59.4958420186
"2024-03-13 04:00:00",64.010383048
"2024-03-13 05:00:00",61.115256873499995
"2024-03-13 06:00:00",59.1416236451
"2024-03-13 07:00:00",59.4248435029
"2024-03-13 08:00:00",59.639534383800004
"2024-03-13 09:00:00",58.3432214736
"2024-03-13 10:00:00",59.55724902960001
"2024-03-13 11:00:00",60.30588208019999
"2024-03-13 12:00:00",58.4578498865
"2024-03-13 13:00:00",58.3092879395
"2024-03-13 14:00:00",58.66734620490001
"2024-03-13 15:00:00",58.040571794
"2024-03-13 16:00:00",60.91704312419999
"2024-03-13 17:00:00",62.8693301845
"2024-03-13 18:00:00",61.9215615538
"2024-03-13 19:00:00",63.1484012331
"2024-03-13 20:00:00",62.796849516500004
"2024-03-13 21:00:00",62.62017333579999
"2024-03-13 22:00:00",63.940040529399994
"2024-03-13 23:00:00",65.2379881498
"2024-03-14 00:00:00",68.6306404511
"2024-03-14 01:00:00",63.8202692404
"2024-03-14 02:00:00",63.69076497740001
"2024-03-14 03:00:00",64.7938845568
"2024-03-14 04:00:00",63.860389508800004
"2024-03-14 05:00:00",62.5674429809
"2024-03-14 06:00:00",59.0052800135
"2024-03-14 07:00:00",59.7209388182
"2024-03-14 08:00:00",58.3705376699
"2024-03-14 09:00:00",59.9119298516
"2024-03-14 10:00:00",60.0927898808
"2024-03-14 11:00:00",60.5772791039
"2024-03-14 12:00:00",58.7101440109
"2024-03-14 13:00:00",57.138321910600006
"2024-03-14 14:00:00",55.21154097920001
"2024-03-14 15:00:00",60.4172778368
"2024-03-14 16:00:00",60.0580091859
"2024-03-14 17:00:00",57.7416939532
"2024-03-14 18:00:00",59.549983734600005
"2024-03-14 19:00:00",58.71759945560001
"2024-03-14 20:00:00",59.604860049200006
"2024-03-14 21:00:00",59.5264202026
"2024-03-14 22:00:00",62.533192558500005
"2024-03-14 23:00:00",64.6171226344
"2024-03-15 00:00:00",66.7532140551
"2024-03-15 01:00:00",62.86026458970001
"2024-03-15 02:00:00",68.105403109
"2024-03-15 03:00:00",64.1425376544
"2024-03-15 04:00:00",62.86936838730001
"2024-03-15 05:00:00",61.6091703313
"2024-03-15 06:00:00",58.81008161949999
"2024-03-15 07:00:00",59.4599263819
"2024-03-15 08:00:00",60.123499621700006
"2024-03-15 09:00:00",59.336985105699995
"2024-03-15 10:00:00",59.40980801220001
"2024-03-15 11:00:00",56.7587587574
"2024-03-15 12:00:00",59.588524745099996
"2024-03-15 13:00:00",59.96132020209999
"2024-03-15 14:00:00",58.6877478791
"2024-03-15 15:00:00",58.801473765
"2024-03-15 16:00:00",62.59449755200001
"2024-03-15 17:00:00",61.26772554290001
"2024-03-15 18:00:00",60.5036668758
"2024-03-15 19:00:00",61.743825371199996
"2024-03-15 20:00:00",61.897531755699994
"2024-03-15 21:00:00",62.12014397450001
"2024-03-15 22:00:00",62.7704548131
"2024-03-15 23:00:00",62.530183203
"2024-03-16 00:00:00",65.0908878428
"2024-03-16 01:00:00",64.5625098377
"2024-03-16 02:00:00",64.1399614876
"2024-03-16 03:00:00",62.633227805
"2024-03-16 04:00:00",61.2676593175
"2024-03-16 05:00:00",65.2332362616
"2024-03-16 06:00:00",62.74421564619999
"2024-03-16 07:00:00",60.4053243843
"2024-03-16 08:00:00",59.351018003200004
"2024-03-16 09:00:00",58.8044671614
"2024-03-16 10:00:00",59.0881196934
"2024-03-16 11:00:00",58.2147260519
"2024-03-16 12:00:00",58.03420916260001
"2024-03-16 13:00:00",52.9289685688
"2024-03-16 14:00:00",48.367576341399996
"2024-03-16 15:00:00",58.33350339980001
"2024-03-16 16:00:00",59.8940064692
"2024-03-16 17:00:00",61.81894726349999
"2024-03-16 18:00:00",61.15423783200001
"2024-03-16 19:00:00",61.165920812699994
"2024-03-16 20:00:00",60.882054271099996
"2024-03-16 21:00:00",62.21141628750001
"2024-03-16 22:00:00",62.4316904802
"2024-03-16 23:00:00",63.752566826700004
"2024-03-17 00:00:00",62.494059261400004
"2024-03-17 01:00:00",65.3158085117
"2024-03-17 02:00:00",68.373129472
"2024-03-17 03:00:00",66.5106621488
"2024-03-17 04:00:00",61.779641651700004
"2024-03-17 05:00:00",65.9152936562
"2024-03-17 06:00:00",64.632958838
"2024-03-17 07:00:00",64.0462726432
"2024-03-17 08:00:00",62.5835547001
"2024-03-17 09:00:00",60.43480930079999
"2024-03-17 10:00:00",59.86461239949999
"2024-03-17 11:00:00",59.2726726019
"2024-03-17 12:00:00",59.1161246909
"2024-03-17 13:00:00",57.9170899324
"2024-03-17 14:00:00",59.1838026213
"2024-03-17 15:00:00",59.47115460340001
"2024-03-17 16:00:00",61.1846548982
"2024-03-17 17:00:00",62.2526650939
"2024-03-17 18:00:00",61.4933385596
"2024-03-17 19:00:00",60.07428560300001
"2024-03-17 20:00:00",61.2954988577
"2024-03-17 21:00:00",61.8896761672
"2024-03-17 22:00:00",65.6982292816
"2024-03-17 23:00:00",62.529086273
"2024-03-18 00:00:00",60.8450071059
"2024-03-18 01:00:00",61.3990415918
"2024-03-18 02:00:00",64.8080155369
"2024-03-18 03:00:00",65.1355276418
"2024-03-18 04:00:00",62.9555521473
"2024-03-18 05:00:00",60.726504871699994
"2024-03-18 06:00:00",58.311364808600004
"2024-03-18 07:00:00",59.0932450013
"2024-03-18 08:00:00",60.1748149634
"2024-03-18 09:00:00",60.158638466
"2024-03-18 10:00:00",58.94218753909999
"2024-03-18 11:00:00",59.8307416031
"2024-03-18 12:00:00",56.37149428280001
"2024-03-18 13:00:00",58.34684539370001
"2024-03-18 14:00:00",58.7708570479
"2024-03-18 15:00:00",57.28838566140001
"2024-03-18 16:00:00",38.66947062
"2024-03-18 17:00:00",62.14506011190001
"2024-03-18 18:00:00",60.126784937500005
"2024-03-18 19:00:00",59.81363505349999
"2024-03-18 20:00:00",61.7171929526
"2024-03-18 21:00:00",63.238763106700006
"2024-03-18 22:00:00",63.49385279370001
"2024-03-18 23:00:00",63.7949523474
"2024-03-19 00:00:00",63.4686472078
"2024-03-19 01:00:00",65.193793245
"2024-03-19 02:00:00",69.9968780572
"2024-03-19 03:00:00",64.2567960387
"2024-03-19 04:00:00",63.451790522900005
"2024-03-19 05:00:00",62.4448951316
"2024-03-19 06:00:00",59.4425756433
"2024-03-19 07:00:00",59.4523915547
"2024-03-19 08:00:00",59.1737543165
"2024-03-19 09:00:00",58.67034266179999
"2024-03-19 10:00:00",58.3052501855
"2024-03-19 11:00:00",59.5062103884
"2024-03-19 12:00:00",58.620315616099994
"2024-03-19 13:00:00",58.33282913949999
"2024-03-19 14:00:00",58.0604354651
"2024-03-19 15:00:00",60.1573355052
"2024-03-19 16:00:00",37.4427478055
"2024-03-19 17:00:00",60.891554731999996
"2024-03-19 18:00:00",60.72364998009999
"2024-03-19 19:00:00",60.739300131499995
"2024-03-19 20:00:00",62.662770340799995
"2024-03-19 21:00:00",62.14624572070001
"2024-03-19 22:00:00",63.9364014791
"2024-03-19 23:00:00",65.0661109132
"2024-03-20 00:00:00",63.2230200331
"2024-03-20 01:00:00",68.0276695465
"2024-03-20 02:00:00",66.9292593918
"2024-03-20 03:00:00",63.5113654911
"2024-03-20 04:00:00",61.73884609420001
"2024-03-20 05:00:00",61.9532854683
"2024-03-20 06:00:00",59.049565538699994
"2024-03-20 07:00:00",59.7969506275
"2024-03-20 08:00:00",59.16597027139999
"2024-03-20 09:00:00",58.752594413400004
"2024-03-20 10:00:00",57.7035389669
"2024-03-20 11:00:00",59.3315388356
"2024-03-20 12:00:00",58.5500095003
"2024-03-20 13:00:00",57.36114279430001
"2024-03-20 14:00:00",56.467673886899995
"2024-03-20 15:00:00",58.2451932963
"2024-03-20 16:00:00",60.0482536413
"2024-03-20 17:00:00",61.37517451149999
"2024-03-20 18:00:00",60.736035884799996
"2024-03-20 19:00:00",60.6310465379
"2024-03-20 20:00:00",62.37893611940001
"2024-03-20 21:00:00",62.4252180369
"2024-03-20 22:00:00",62.3542893448
"2024-03-20 23:00:00",63.2540725071
"2024-03-21 00:00:00",67.1519397764
"2024-03-21 01:00:00",67.0687719135
"2024-03-21 02:00:00",63.39851329919999
"2024-03-21 03:00:00",63.1226415674
"2024-03-21 04:00:00",63.75259827589999
"2024-03-21 05:00:00",59.2165499796
"2024-03-21 06:00:00",35.9001744164
"2024-03-21 07:00:00",55.3898706364
"2024-03-21 08:00:00",53.4309120519
"2024-03-21 09:00:00",52.7549558209
"2024-03-21 10:00:00",52.6999487627
"2024-03-21 11:00:00",50.6345507011
"2024-03-21 12:00:00",50.6757634809
"2024-03-21 13:00:00",15.3094324769
"2024-03-21 14:00:00",18.4919556424
"2024-03-21 15:00:00",46.6832940016
"2024-03-21 16:00:00",57.5709939856
"2024-03-21 17:00:00",59.5292610084
"2024-03-21 18:00:00",59.136325501500004
"2024-03-21 19:00:00",60.7744945429
"2024-03-21 20:00:00",60.2341572648
"2024-03-21 21:00:00",62.102942773
"2024-03-21 22:00:00",63.07591405389999
"2024-03-21 23:00:00",64.0222690737
"2024-03-22 00:00:00",73.343458799
"2024-03-22 01:00:00",61.706448141799996
"2024-03-22 02:00:00",73.0271007186
"2024-03-22 03:00:00",62.91379064859999
"2024-03-22 04:00:00",63.010561924899996
"2024-03-22 05:00:00",62.35270805390001
"2024-03-22 06:00:00",58.4362156785
"2024-03-22 07:00:00",56.0774379277
"2024-03-22 08:00:00",54.7982991129
"2024-03-22 09:00:00",46.0571739873
"2024-03-22 10:00:00",54.795147794
"2024-03-22 11:00:00",47.0155594675
"2024-03-22 12:00:00",28.037040639000004
"2024-03-22 13:00:00",54.1289582134
"2024-03-22 14:00:00",30.9126700871
"2024-03-22 15:00:00",51.9611910754
"2024-03-22 16:00:00",43.0586069675
"2024-03-22 17:00:00",56.5550692133
"2024-03-22 18:00:00",58.6687073415
"2024-03-22 19:00:00",60.9609797521
"2024-03-22 20:00:00",62.5357072471
"2024-03-22 21:00:00",62.803936130699995
"2024-03-22 22:00:00",61.840217565699994
"2024-03-22 23:00:00",62.2421270845
"2024-03-23 00:00:00",63.90899427979999
"2024-03-23 01:00:00",64.8696748011
"2024-03-23 02:00:00",64.3769272463
"2024-03-23 03:00:00",63.2853572682
"2024-03-23 04:00:00",61.8815421439
"2024-03-23 05:00:00",64.6262284549
"2024-03-23 06:00:00",61.5298439058
"2024-03-23 07:00:00",59.1043533911
"2024-03-23 08:00:00",54.5493989964
"2024-03-23 09:00:00",53.3280951344
"2024-03-23 10:00:00",45.6832833401
"2024-03-23 11:00:00",16.0228476389
"2024-03-23 12:00:00",11.4517185424
"2024-03-23 13:00:00",24.2362348382
"2024-03-23 14:00:00",14.2005179569
"2024-03-23 15:00:00",21.7596262675
"2024-03-23 16:00:00",52.722031123399994
"2024-03-23 17:00:00",58.1965275705
"2024-03-23 18:00:00",58.2327597177
"2024-03-23 19:00:00",59.581568285900005
"2024-03-23 20:00:00",57.550028105699994
"2024-03-23 21:00:00",58.828882776200004
"2024-03-23 22:00:00",60.75607987730001
"2024-03-23 23:00:00",61.4505111659
"2024-03-24 00:00:00",62.7836970503
"2024-03-24 01:00:00",66.9871532982
"2024-03-24 02:00:00",66.5646652305
"2024-03-24 03:00:00",59.91782175030001
"2024-03-24 04:00:00",64.838900035
"2024-03-24 05:00:00",60.2507961707
"2024-03-24 06:00:00",61.62676914139999
"2024-03-24 07:00:00",58.9706847388
"2024-03-24 08:00:00",56.2522220746
"2024-03-24 09:00:00",54.6588106228
"2024-03-24 10:00:00",53.3516624687
"2024-03-24 11:00:00",39.5793826461
"2024-03-24 12:00:00",53.332217200799995
"2024-03-24 13:00:00",46.9636698279
"2024-03-24 14:00:00",41.4993262705
"2024-03-24 15:00:00",56.9335957439
"2024-03-24 16:00:00",56.9474720045
"2024-03-24 17:00:00",58.66541194439999
"2024-03-24 18:00:00",59.00437074610001
"2024-03-24 19:00:00",61.1221151221
"2024-03-24 20:00:00",60.1814963154
"2024-03-24 21:00:00",61.05036986539999
"2024-03-24 22:00:00",63.58582143280001
"2024-03-24 23:00:00",65.0069067476
"2024-03-25 00:00:00",66.4066248747
"2024-03-25 01:00:00",62.61441185619999
"2024-03-25 02:00:00",63.2884922824
"2024-03-25 03:00:00",63.45880812520001
"2024-03-25 04:00:00",63.1769254028
"2024-03-25 05:00:00",61.9461412919
"2024-03-25 06:00:00",57.8132771959
"2024-03-25 07:00:00",55.5761575325
"2024-03-25 08:00:00",44.1926714365
"2024-03-25 09:00:00",36.1944628223
"2024-03-25 10:00:00",52.11470829129999
"2024-03-25 11:00:00",33.3512682016
"2024-03-25 12:00:00",26.2110602991
"2024-03-25 13:00:00",17.2086248783
"2024-03-25 14:00:00",12.6143037659
"2024-03-25 15:00:00",11.2975658755
"2024-03-25 16:00:00",28.398103311999996
"2024-03-25 17:00:00",58.99821470989999
"2024-03-25 18:00:00",58.28910050159999
"2024-03-25 19:00:00",59.64775151079999
"2024-03-25 20:00:00",60.836906442
"2024-03-25 21:00:00",63.07821191499999
"2024-03-25 22:00:00",64.453454741
"2024-03-25 23:00:00",63.3969795607
"2024-03-26 00:00:00",67.7875739823
"2024-03-26 01:00:00",61.8439735996
"2024-03-26 02:00:00",64.3126562239
"2024-03-26 03:00:00",66.8416426673
"2024-03-26 04:00:00",63.964182138199995
"2024-03-26 05:00:00",61.0422385424
"2024-03-26 06:00:00",28.035774963400005
"2024-03-26 07:00:00",5.8020222203
"2024-03-26 08:00:00",10.1856179676
"2024-03-26 09:00:00",52.591771954
"2024-03-26 10:00:00",20.6484482083
"2024-03-26 11:00:00",10.6565188756
"2024-03-26 12:00:00",26.8224789077
"2024-03-26 13:00:00",13.141648116200003
"2024-03-26 14:00:00",14.0493375192
"2024-03-26 15:00:00",32.2431963904
"2024-03-26 16:00:00",25.4974691985
"2024-03-26 17:00:00",57.2518531024
"2024-03-26 18:00:00",57.8811210799
"2024-03-26 19:00:00",59.787445826799996
"2024-03-26 20:00:00",61.22771027959999
"2024-03-26 21:00:00",61.10310732959999
"2024-03-26 22:00:00",63.93493230119999
"2024-03-26 23:00:00",61.0682544012
"2024-03-27 00:00:00",67.2843654225
"2024-03-27 01:00:00",61.34255577270001
"2024-03-27 02:00:00",66.1356666664
"2024-03-27 03:00:00",62.0037781249
"2024-03-27 04:00:00",64.7479332978
"2024-03-27 05:00:00",61.0173384914
"2024-03-27 06:00:00",57.5454774134
"2024-03-27 07:00:00",57.00191903019999
"2024-03-27 08:00:00",54.21345561039999
"2024-03-27 09:00:00",51.2209382169
"2024-03-27 10:00:00",19.3967098642
"2024-03-27 11:00:00",27.9908097995
"2024-03-27 12:00:00",17.5677950036
"2024-03-27 13:00:00",14.1717099197
"2024-03-27 14:00:00",14.4152504982
"2024-03-27 15:00:00",13.4752638395
"2024-03-27 16:00:00",31.229505124399996
"2024-03-27 17:00:00",58.70861090769999
"2024-03-27 18:00:00",57.6979186068
"2024-03-27 19:00:00",60.4758557367
"2024-03-27 20:00:00",61.8685990644
"2024-03-27 21:00:00",61.76336162969999
"2024-03-27 22:00:00",62.3521856208
"2024-03-27 23:00:00",64.672302119
"2024-03-28 00:00:00",64.5327125751
"2024-03-28 01:00:00",59.8815807346
"2024-03-28 02:00:00",63.85994680379999
"2024-03-28 03:00:00",65.2374877076
"2024-03-28 04:00:00",63.18368943130001
"2024-03-28 05:00:00",61.1505816169
"2024-03-28 06:00:00",58.6930316471
"2024-03-28 07:00:00",55.8104442683
"2024-03-28 08:00:00",54.156714321
"2024-03-28 09:00:00",52.16773141579999
"2024-03-28 10:00:00",50.5722511586
"2024-03-28 11:00:00",53.8698624801
"2024-03-28 12:00:00",34.2607611495
"2024-03-28 13:00:00",16.1280638768
"2024-03-28 14:00:00",12.5725665157
"2024-03-28 15:00:00",8.5147303658
"2024-03-28 16:00:00",41.0103554577
"2024-03-28 17:00:00",57.81595791589999
"2024-03-28 18:00:00",57.6827827807
"2024-03-28 19:00:00",60.326129783099994
"2024-03-28 20:00:00",61.1737243296
"2024-03-28 21:00:00",62.3056327733
"2024-03-28 22:00:00",60.168462080999994
"2024-03-28 23:00:00",63.306526619
"2024-03-29 00:00:00",64.394683956
"2024-03-29 01:00:00",65.6232372323
"2024-03-29 02:00:00",61.743139290900004
"2024-03-29 03:00:00",66.4679575235
"2024-03-29 04:00:00",64.2104561475
"2024-03-29 05:00:00",62.0929124868
"2024-03-29 06:00:00",59.07095777319999
"2024-03-29 07:00:00",56.5612095679
"2024-03-29 08:00:00",53.3677137585
"2024-03-29 09:00:00",52.7734538133
"2024-03-29 10:00:00",29.7920476635
"2024-03-29 11:00:00",23.5272282916
"2024-03-29 12:00:00",9.8460809426
"2024-03-29 13:00:00",8.5419884234
"2024-03-29 14:00:00",6.3941702518
"2024-03-29 15:00:00",5.7347736322
"2024-03-29 16:00:00",6.0441056007
"2024-03-29 17:00:00",25.630252437
"2024-03-29 18:00:00",53.86902509400001
"2024-03-29 19:00:00",58.9387864591
"2024-03-29 20:00:00",61.170797889199996
"2024-03-29 21:00:00",61.59936180369999
"2024-03-29 22:00:00",62.6497353771
"2024-03-29 23:00:00",62.39111397770001
"2024-03-30 00:00:00",62.126040403199994
"2024-03-30 01:00:00",63.407923011799994
"2024-03-30 02:00:00",66.1209157936
"2024-03-30 03:00:00",64.6527111342
"2024-03-30 04:00:00",62.1897905557
"2024-03-30 05:00:00",62.9138985525
"2024-03-30 06:00:00",58.80588928489999
"2024-03-30 07:00:00",55.90177472189999
"2024-03-30 08:00:00",55.034714833
"2024-03-30 09:00:00",51.656881764
"2024-03-30 10:00:00",49.56972294599999
"2024-03-30 11:00:00",23.1327291485
"2024-03-30 12:00:00",8.8474559545
"2024-03-30 13:00:00",7.338285121399999
"2024-03-30 14:00:00",8.851478687
"2024-03-30 15:00:00",14.1329603598
"2024-03-30 16:00:00",30.661116156900004
"2024-03-30 17:00:00",53.3605069979
"2024-03-30 18:00:00",53.08199504329999
"2024-03-30 19:00:00",57.7127630454
"2024-03-30 20:00:00",60.90294564490001
"2024-03-30 21:00:00",62.0689620336
"2024-03-30 22:00:00",61.444216540899994
"2024-03-30 23:00:00",55
"2024-03-31 00:00:00",64.9665866081
"2024-03-31 02:00:00",65.6517370813
"2024-03-31 03:00:00",63.0017952039
"2024-03-31 04:00:00",61.8758458066
"2024-03-31 05:00:00",62.1199442689
"2024-03-31 06:00:00",59.4600239744
"2024-03-31 07:00:00",54.33205401090001
"2024-03-31 08:00:00",53.4571023931
"2024-03-31 09:00:00",51.329719556
"2024-03-31 10:00:00",46.0865230087
"2024-03-31 11:00:00",44.6397621607
"2024-03-31 12:00:00",46.8217722971
"2024-03-31 13:00:00",15.3108461756
"2024-03-31 14:00:00",7.6366358872
"2024-03-31 15:00:00",6.147467701799999
"2024-03-31 16:00:00",6.3532964695
"2024-03-31 17:00:00",6.91999421
"2024-03-31 18:00:00",30.6697726987
"2024-03-31 19:00:00",56.626918834600005
"2024-03-31 20:00:00",60.2720511826
"2024-03-31 21:00:00",60.2960869268
"2024-03-31 22:00:00",64.1810318529
"2024-03-31 23:00:00",63.46832806169999
"2024-04-01 00:00:00",61.9128289579
"2024-04-01 01:00:00",63.140257010099994
"2024-04-01 02:00:00",60.77204824219999
"2024-04-01 03:00:00",68.6304592672
"2024-04-01 04:00:00",62.54895065429999
"2024-04-01 05:00:00",61.0747044169
"2024-04-01 06:00:00",60.173147521
"2024-04-01 07:00:00",56.8415224176
"2024-04-01 08:00:00",54.219151268
"2024-04-01 09:00:00",53.0142341625
"2024-04-01 10:00:00",50.4144129594
"2024-04-01 11:00:00",49.16526143
"2024-04-01 12:00:00",25.5575238081
"2024-04-01 13:00:00",10.457140124
"2024-04-01 14:00:00",8.3100590923
"2024-04-01 15:00:00",19.4754022949
"2024-04-01 16:00:00",25.5527137238
"2024-04-01 17:00:00",54.94282194469999
"2024-04-01 18:00:00",56.74482597170001
"2024-04-01 19:00:00",59.5758728056
"2024-04-01 20:00:00",61.4066105394
"2024-04-01 21:00:00",61.8738970503
"2024-04-01 22:00:00",62.7002570657
"2024-04-01 23:00:00",59.738410679000005
"2024-04-02 00:00:00",67.2248895741
"2024-04-02 01:00:00",64.100564828
"2024-04-02 02:00:00",65.2654922865
"2024-04-02 03:00:00",62.66465153440001
"2024-04-02 04:00:00",64.5188968746
"2024-04-02 05:00:00",61.820926919
"2024-04-02 06:00:00",56.450321161800005
"2024-04-02 07:00:00",57.3780428416
"2024-04-02 08:00:00",53.4491683545
"2024-04-02 09:00:00",52.5685867683
"2024-04-02 10:00:00",52.1233350191
"2024-04-02 11:00:00",42.1232060143
"2024-04-02 12:00:00",15.4788417721
"2024-04-02 13:00:00",9.7241668794
"2024-04-02 14:00:00",9.8082076802
"2024-04-02 15:00:00",9.8552058462
"2024-04-02 16:00:00",19.624477879
"2024-04-02 17:00:00",57.44177112209999
"2024-04-02 18:00:00",57.3911888302
"2024-04-02 19:00:00",61.40356018159999
"2024-04-02 20:00:00",61.35348730380001
"2024-04-02 21:00:00",61.927080565199994
"2024-04-02 22:00:00",63.52421297059999
"2024-04-02 23:00:00",66.4200064895
"2024-04-03 00:00:00",65.9211587562
"2024-04-03 01:00:00",64.5393380063
"2024-04-03 02:00:00",64.7574309101
"2024-04-03 03:00:00",62.647006691399994
"2024-04-03 04:00:00",61.0167456289
"2024-04-03 05:00:00",60.3226232856
"2024-04-03 06:00:00",56.398415338
"2024-04-03 07:00:00",54.392737895299994
"2024-04-03 08:00:00",54.92937019619999
"2024-04-03 09:00:00",53.348986115500004
"2024-04-03 10:00:00",51.0092130746
"2024-04-03 11:00:00",51.051882649
"2024-04-03 12:00:00",49.939061185
"2024-04-03 13:00:00",12.212437458199998
"2024-04-03 14:00:00",18.7311143571
"2024-04-03 15:00:00",9.3245282748
"2024-04-03 16:00:00",55.33013446729999
"2024-04-03 17:00:00",55.447857076
"2024-04-03 18:00:00",58.4782933405
"2024-04-03 19:00:00",61.07029643650001
"2024-04-03 20:00:00",61.3784928151
"2024-04-03 21:00:00",62.4325847357
"2024-04-03 22:00:00",63.27544272899999
"2024-04-03 23:00:00",62.66004455409999
"2024-04-04 00:00:00",61.7501156801
"2024-04-04 01:00:00",67.1081204299
"2024-04-04 02:00:00",62.343334595099996
"2024-04-04 03:00:00",63.385920657
"2024-04-04 04:00:00",61.865978717000004
"2024-04-04 05:00:00",60.3334445486
"2024-04-04 06:00:00",41.5581527767
"2024-04-04 07:00:00",27.548051422299995
"2024-04-04 08:00:00",37.4988395824
"2024-04-04 09:00:00",52.6352309516
"2024-04-04 10:00:00",52.3351544944
"2024-04-04 11:00:00",54.0959679966
"2024-04-04 12:00:00",35.9145351265
"2024-04-04 13:00:00",44.1832438097
"2024-04-04 14:00:00",18.2039430985
"2024-04-04 15:00:00",11.0675735717
"2024-04-04 16:00:00",21.836610008
"2024-04-04 17:00:00",57.048074732
"2024-04-04 18:00:00",58.7226414342
"2024-04-04 19:00:00",61.3236566767
"2024-04-04 20:00:00",61.9308276382
"2024-04-04 21:00:00",62.43967698069999
"2024-04-04 22:00:00",62.4155677909
"2024-04-04 23:00:00",63.12819415610001
"2024-04-05 00:00:00",65.0616498454
"2024-04-05 01:00:00",63.87806445
"2024-04-05 02:00:00",63.15039101469999
"2024-04-05 03:00:00",62.5450003149
"2024-04-05 04:00:00",62.2412272953
"2024-04-05 05:00:00",60.4823449386
"2024-04-05 06:00:00",57.10614852
"2024-04-05 07:00:00",55.94060540699999
"2024-04-05 08:00:00",44.3434235946
"2024-04-05 09:00:00",43.9186529863
"2024-04-05 10:00:00",46.6796950753
"2024-04-05 11:00:00",31.0435435361
"2024-04-05 12:00:00",15.8173993475
"2024-04-05 13:00:00",42.154190039
"2024-04-05 14:00:00",10.3427076187
"2024-04-05 15:00:00",11.4048277395
"2024-04-05 16:00:00",16.1242970776
"2024-04-05 17:00:00",56.4100260386
"2024-04-05 18:00:00",56.7963936639
"2024-04-05 19:00:00",59.6154891142
"2024-04-05 20:00:00",60.015801686500005
"2024-04-05 21:00:00",60.9941448326
"2024-04-05 22:00:00",63.362418170699996
"2024-04-05 23:00:00",61.7348759007
"2024-04-06 00:00:00",65.2285428457
"2024-04-06 01:00:00",65.0814053916
"2024-04-06 02:00:00",61.799997793299994
"2024-04-06 03:00:00",67.7021213256
"2024-04-06 04:00:00",62.82957902060001
"2024-04-06 05:00:00",61.87755383419999
"2024-04-06 06:00:00",57.2384863115
"2024-04-06 07:00:00",53.97349578939999
"2024-04-06 08:00:00",53.488004665
"2024-04-06 09:00:00",48.83155803879999
"2024-04-06 10:00:00",39.6929258359
"2024-04-06 11:00:00",36.2010461255
"2024-04-06 12:00:00",9.0480535632
"2024-04-06 13:00:00",14.8398001092
"2024-04-06 14:00:00",21.5280337161
"2024-04-06 15:00:00",7.5479465162
"2024-04-06 16:00:00",12.076261833199998
"2024-04-06 17:00:00",12.1142130592
"2024-04-06 18:00:00",18.496234028
"2024-04-06 19:00:00",54.75567877849999
"2024-04-06 20:00:00",59.3143186769
"2024-04-06 21:00:00",60.2778643574
"2024-04-06 22:00:00",61.2490997657
"2024-04-06 23:00:00",63.018020972600006
"2024-04-07 00:00:00",65.4966062865
"2024-04-07 01:00:00",65.3809118716
"2024-04-07 02:00:00",65.4946711151
"2024-04-07 03:00:00",62.9461252902
"2024-04-07 04:00:00",62.4241278402
"2024-04-07 05:00:00",60.9572176941
"2024-04-07 06:00:00",56.0160414893
"2024-04-07 07:00:00",53.0779321052
"2024-04-07 08:00:00",54.040108785
"2024-04-07 09:00:00",52.8615124882
"2024-04-07 10:00:00",49.3087363454
"2024-04-07 11:00:00",35.1122738984
"2024-04-07 12:00:00",42.8445353829
"2024-04-07 13:00:00",11.0971128354
"2024-04-07 14:00:00",13.157913462099998
"2024-04-07 15:00:00",9.045013512
"2024-04-07 16:00:00",7.552251586
"2024-04-07 17:00:00",34.0129345855
"2024-04-07 18:00:00",53.0962876781
"2024-04-07 19:00:00",57.84184685839999
"2024-04-07 20:00:00",61.08706357980001
"2024-04-07 21:00:00",61.3617279399
"2024-04-07 22:00:00",60.685956375
"2024-04-07 23:00:00",62.2225009703
"2024-04-08 00:00:00",63.964439611
"2024-04-08 01:00:00",49.2135301639
"2024-04-08 02:00:00",66.071359866
"2024-04-08 03:00:00",64.9695032051
"2024-04-08 04:00:00",62.307240718699994
"2024-04-08 05:00:00",60.169190862700006
"2024-04-08 06:00:00",56.29198376760001
"2024-04-08 07:00:00",20.8210246549
"2024-04-08 08:00:00",52.7444711161
"2024-04-08 09:00:00",48.3002251622
"2024-04-08 10:00:00",51.23382009350001
"2024-04-08 11:00:00",40.4951789931
"2024-04-08 12:00:00",22.7974620483
"2024-04-08 13:00:00",9.235527029
"2024-04-08 14:00:00",10.2599464946
"2024-04-08 15:00:00",10.6901762676
"2024-04-08 16:00:00",16.9450712912
"2024-04-08 17:00:00",56.6104487373
"2024-04-08 18:00:00",56.6489582617
"2024-04-08 19:00:00",58.34037206039999
"2024-04-08 20:00:00",60.0660737721
"2024-04-08 21:00:00",61.74279533389999
"2024-04-08 22:00:00",64.4299353213
"2024-04-08 23:00:00",66.7651728146
"2024-04-09 00:00:00",63.3952095333
"2024-04-09 01:00:00",62.279566684799995
"2024-04-09 02:00:00",63.9748270451
"2024-04-09 03:00:00",66.9460293182
"2024-04-09 04:00:00",62.864682862500004
"2024-04-09 05:00:00",61.0730536452
"2024-04-09 06:00:00",35.2354021187
"2024-04-09 07:00:00",51.4464475963
"2024-04-09 08:00:00",54.714672876099996
"2024-04-09 09:00:00",52.3745362729
"2024-04-09 10:00:00",53.7198267097
"2024-04-09 11:00:00",53.06785851349999
"2024-04-09 12:00:00",37.2136763771
"2024-04-09 13:00:00",11.6416116508
"2024-04-09 14:00:00",18.971898277
"2024-04-09 15:00:00",54.6781023199
"2024-04-09 16:00:00",28.317024117099997
"2024-04-09 17:00:00",58.78582794039999
"2024-04-09 18:00:00",58.08594913459999
"2024-04-09 19:00:00",62.2969493789
"2024-04-09 20:00:00",62.0612906154
"2024-04-09 21:00:00",63.22854154550001
"2024-04-09 22:00:00",63.7372585259
"2024-04-09 23:00:00",64.3042046346
"2024-04-10 00:00:00",67.6522070585
"2024-04-10 01:00:00",66.909360928
"2024-04-10 02:00:00",65.3672324597
"2024-04-10 03:00:00",63.53206638940001
"2024-04-10 04:00:00",61.8477386628
"2024-04-10 05:00:00",60.92369241909999
"2024-04-10 06:00:00",43.1616729409
"2024-04-10 07:00:00",53.715327653100005
"2024-04-10 08:00:00",50.7231194017
"2024-04-10 09:00:00",49.8307457343
"2024-04-10 10:00:00",29.3444951503
"2024-04-10 11:00:00",15.680068385900002
"2024-04-10 12:00:00",13.073972732
"2024-04-10 13:00:00",8.7461801234
"2024-04-10 14:00:00",6.3824997269
"2024-04-10 15:00:00",6.8152778126
"2024-04-10 16:00:00",5.5003536398
"2024-04-10 17:00:00",18.3062617032
"2024-04-10 18:00:00",55.5957029398
"2024-04-10 19:00:00",58.9657955635
"2024-04-10 20:00:00",60.140102203000005
"2024-04-10 21:00:00",61.13708049889999
"2024-04-10 22:00:00",62.5412196283
"2024-04-10 23:00:00",65.4081995895
"2024-04-11 00:00:00",66.3198765712
"2024-04-11 01:00:00",69.2182604112
"2024-04-11 02:00:00",64.3310742148
"2024-04-11 03:00:00",60.50827892520001
"2024-04-11 04:00:00",63.3827420963
"2024-04-11 05:00:00",59.784548517800005
"2024-04-11 06:00:00",19.2292172659
"2024-04-11 07:00:00",34.8557205984
"2024-04-11 08:00:00",54.59190579149999
"2024-04-11 09:00:00",52.3490481218
"2024-04-11 10:00:00",53.1949746226
"2024-04-11 11:00:00",52.802484613400004
"2024-04-11 12:00:00",53.0261456098
"2024-04-11 13:00:00",14.027574415600002
"2024-04-11 14:00:00",6.9806130664
"2024-04-11 15:00:00",7.2905028004
"2024-04-11 16:00:00",13.705283128499998
"2024-04-11 17:00:00",55.666433066
"2024-04-11 18:00:00",56.9900221082
"2024-04-11 19:00:00",60.4395939864
"2024-04-11 20:00:00",60.28529758420001
"2024-04-11 21:00:00",61.975946414199996
"2024-04-11 22:00:00",62.288246348899996
"2024-04-11 23:00:00",63.4241858105
"2024-04-12 00:00:00",65.5967370691
"2024-04-12 01:00:00",60.5064294729
"2024-04-12 02:00:00",64.3710367587
"2024-04-12 03:00:00",63.1197403201
"2024-04-12 04:00:00",63.803730242499995
"2024-04-12 05:00:00",61.2867033045
"2024-04-12 06:00:00",45.1141443883
"2024-04-12 07:00:00",51.692573683
"2024-04-12 08:00:00",51.9156350465
"2024-04-12 09:00:00",47.1333656294
"2024-04-12 10:00:00",49.55365170659999
"2024-04-12 11:00:00",30.539323162400002
"2024-04-12 12:00:00",12.5807622291
"2024-04-12 13:00:00",8.5100145321
"2024-04-12 14:00:00",6.3582460429
"2024-04-12 15:00:00",5.7361891965
"2024-04-12 16:00:00",5.6757692358
"2024-04-12 17:00:00",8.5953753336
"2024-04-12 18:00:00",25.0961307742
"2024-04-12 19:00:00",58.4789573558
"2024-04-12 20:00:00",60.72215261069999
"2024-04-12 21:00:00",60.132617401699996
"2024-04-12 22:00:00",61.937503038699994
"2024-04-12 23:00:00",63.372617160800004
"2024-04-13 00:00:00",62.41931427320001
"2024-04-13 01:00:00",69.273294073
"2024-04-13 02:00:00",66.4814038924
"2024-04-13 03:00:00",59.45302173169999
"2024-04-13 04:00:00",62.0337003158
"2024-04-13 05:00:00",63.61872835180001
"2024-04-13 06:00:00",59.26488880480001
"2024-04-13 07:00:00",57.651109157099995
"2024-04-13 08:00:00",52.7018826085
"2024-04-13 09:00:00",47.7550870587
"2024-04-13 10:00:00",47.8629303832
"2024-04-13 11:00:00",25.4989056965
"2024-04-13 12:00:00",19.0833690112
"2024-04-13 13:00:00",14.279696130100001
"2024-04-13 14:00:00",7.1321973751000005
"2024-04-13 15:00:00",6.4819455140999995
"2024-04-13 16:00:00",5.1784383231
"2024-04-13 17:00:00",6.543290924900001
"2024-04-13 18:00:00",11.8182427725
"2024-04-13 19:00:00",55.1727567865
"2024-04-13 20:00:00",58.727453197
"2024-04-13 21:00:00",59.6243689943
"2024-04-13 22:00:00",61.550014283299994
"2024-04-13 23:00:00",63.7663762175
"2024-04-14 00:00:00",63.0701552478
"2024-04-14 01:00:00",64.8763478281
"2024-04-14 02:00:00",69.22466048
"2024-04-14 03:00:00",67.3801919763
"2024-04-14 04:00:00",57.0439224508
"2024-04-14 05:00:00",61.31401072640001
"2024-04-14 06:00:00",55.608572559
"2024-04-14 07:00:00",54.6960564437
"2024-04-14 08:00:00",50.832212681
"2024-04-14 09:00:00",47.9062917233
"2024-04-14 10:00:00",37.6981275781
"2024-04-14 11:00:00",11.6819932983
"2024-04-14 12:00:00",12.919790223
"2024-04-14 13:00:00",7.716643587000001
"2024-04-14 14:00:00",8.1499146264
"2024-04-14 15:00:00",7.110514666400001
"2024-04-14 16:00:00",5.8574610245
"2024-04-14 17:00:00",9.141141657
"2024-04-14 18:00:00",52.738359181
"2024-04-14 19:00:00",56.9061688483
"2024-04-14 20:00:00",60.59165427740001
"2024-04-14 21:00:00",60.980996745000006
"2024-04-14 22:00:00",60.37932632839999
"2024-04-14 23:00:00",65.5974831252
"2024-04-15 00:00:00",62.54712191630001
"2024-04-15 01:00:00",64.8722700242
"2024-04-15 02:00:00",62.46257572020001
"2024-04-15 03:00:00",63.7857592125
"2024-04-15 04:00:00",62.37863275469999
"2024-04-15 05:00:00",60.1959530959
"2024-04-15 06:00:00",57.4060774302
"2024-04-15 07:00:00",18.459829379
"2024-04-15 08:00:00",51.8872536521
"2024-04-15 09:00:00",47.6127653803
"2024-04-15 10:00:00",50.2554448793
"2024-04-15 11:00:00",48.5229014842
"2024-04-15 12:00:00",11.7018512255
"2024-04-15 13:00:00",13.5354469322
"2024-04-15 14:00:00",44.8679504141
"2024-04-15 15:00:00",53.9503658503
"2024-04-15 16:00:00",54.40791283370001
"2024-04-15 17:00:00",57.418334966100005
"2024-04-15 18:00:00",58.110889050599994
"2024-04-15 19:00:00",60.715970979800005
"2024-04-15 20:00:00",60.0538869981
"2024-04-15 21:00:00",60.45474833910001
"2024-04-15 22:00:00",63.1606411549
"2024-04-15 23:00:00",62.13038347069999
"2024-04-16 00:00:00",64.5638163761
"2024-04-16 01:00:00",68.0359741687
"2024-04-16 02:00:00",68.746685622
"2024-04-16 03:00:00",64.1759715223
"2024-04-16 04:00:00",62.256264180600006
"2024-04-16 05:00:00",59.490931927
"2024-04-16 06:00:00",47.1592420028
"2024-04-16 07:00:00",14.5661253118
"2024-04-16 08:00:00",30.879584995299997
"2024-04-16 09:00:00",50.1526249927
"2024-04-16 10:00:00",50.1005942199
"2024-04-16 11:00:00",49.6678267142
"2024-04-16 12:00:00",18.4123011872
"2024-04-16 13:00:00",11.4193375106
"2024-04-16 14:00:00",13.0310800279
"2024-04-16 15:00:00",21.8777010369
"2024-04-16 16:00:00",54.8629100067
"2024-04-16 17:00:00",55.309130147599994
"2024-04-16 18:00:00",55.47567980069999
"2024-04-16 19:00:00",60.8765711103
"2024-04-16 20:00:00",59.26398425419999
"2024-04-16 21:00:00",61.29887112880001
"2024-04-16 22:00:00",64.2109480506
"2024-04-16 23:00:00",60.8584034056
"2024-04-17 00:00:00",66.1600445703
"2024-04-17 01:00:00",65.6428019174
"2024-04-17 02:00:00",62.0733205967
"2024-04-17 03:00:00",62.7221105471
"2024-04-17 04:00:00",61.7753466864
"2024-04-17 05:00:00",60.724374868299996
"2024-04-17 06:00:00",57.1142360465
"2024-04-17 07:00:00",16.1354390212
"2024-04-17 08:00:00",9.6033240114
"2024-04-17 09:00:00",49.9648048064
"2024-04-17 10:00:00",49.369929125
"2024-04-17 11:00:00",12.262123118799998
"2024-04-17 12:00:00",22.0763993383
"2024-04-17 13:00:00",28.6580681142
"2024-04-17 14:00:00",18.5901836341
"2024-04-17 15:00:00",20.0978329556
"2024-04-17 16:00:00",8.5148505132
"2024-04-17 17:00:00",55.1816269252
"2024-04-17 18:00:00",56.53454847590001
"2024-04-17 19:00:00",59.5705490064
"2024-04-17 20:00:00",59.52246023399999
"2024-04-17 21:00:00",59.4101983853
"2024-04-17 22:00:00",61.36127655340001
"2024-04-17 23:00:00",62.826313188099995
"2024-04-18 00:00:00",66.9282054917
"2024-04-18 01:00:00",62.42675365129999
"2024-04-18 02:00:00",65.8992733182
"2024-04-18 03:00:00",62.348329738699995
"2024-04-18 04:00:00",62.045769663
"2024-04-18 05:00:00",60.957862402
"2024-04-18 06:00:00",21.2579014169
"2024-04-18 07:00:00",16.0173219869
"2024-04-18 08:00:00",51.4922664386
"2024-04-18 09:00:00",47.5944877975
"2024-04-18 10:00:00",48.43442486400001
"2024-04-18 11:00:00",49.0866834268
"2024-04-18 12:00:00",11.834104971400002
"2024-04-18 13:00:00",10.7261527051
"2024-04-18 14:00:00",6.9520531563
"2024-04-18 15:00:00",6.3996539906
"2024-04-18 16:00:00",6.6115116185
"2024-04-18 17:00:00",12.8942007879
"2024-04-18 18:00:00",55.21393665250001
"2024-04-18 19:00:00",57.8446029175
"2024-04-18 20:00:00",60.169785444199995
"2024-04-18 21:00:00",61.74779934200001
"2024-04-18 22:00:00",61.167187224900005
"2024-04-18 23:00:00",59.5281186577
"2024-04-19 00:00:00",64.1729234352
"2024-04-19 01:00:00",58.6388459238
"2024-04-19 02:00:00",63.9121472197
"2024-04-19 03:00:00",63.4677506759
"2024-04-19 04:00:00",61.65044801
"2024-04-19 05:00:00",59.9428195129
"2024-04-19 06:00:00",56.9132856463
"2024-04-19 07:00:00",49.1214002297
"2024-04-19 08:00:00",51.4895614155
"2024-04-19 09:00:00",50.999916066100006
"2024-04-19 10:00:00",44.9905924662
"2024-04-19 11:00:00",25.955087705899995
"2024-04-19 12:00:00",17.6360218318
"2024-04-19 13:00:00",12.9314264012
"2024-04-19 14:00:00",7.3759509229
"2024-04-19 15:00:00",6.609061702
"2024-04-19 16:00:00",8.6181251685
"2024-04-19 17:00:00",17.101895853
"2024-04-19 18:00:00",33.7643942777
"2024-04-19 19:00:00",32.4904664933
"2024-04-19 20:00:00",57.945154470700004
"2024-04-19 21:00:00",56.88756921780001
"2024-04-19 22:00:00",57.23286338989999
"2024-04-19 23:00:00",60.504026809
"2024-04-20 00:00:00",60.34965333700001
"2024-04-20 01:00:00",66.0061777171
"2024-04-20 02:00:00",66.596612487
"2024-04-20 03:00:00",59.64004473779999
"2024-04-20 04:00:00",59.290150952800005
"2024-04-20 05:00:00",61.8170572388
"2024-04-20 06:00:00",56.16056038330001
"2024-04-20 07:00:00",53.81529484730001
"2024-04-20 08:00:00",50.2343416757
"2024-04-20 09:00:00",46.5380012308
"2024-04-20 10:00:00",45.6988548119
"2024-04-20 11:00:00",48.80066477620001
"2024-04-20 12:00:00",47.1794144153
"2024-04-20 13:00:00",24.6296296296
"2024-04-20 14:00:00",4.072983871
"2024-04-20 15:00:00",2.4650398662
"2024-04-20 16:00:00",46.0994213226
"2024-04-20 17:00:00",45.5671433027
"2024-04-20 18:00:00",27.1565729561
"2024-04-20 19:00:00",56.22055396799999
"2024-04-20 20:00:00",58.07220589600001
"2024-04-20 21:00:00",58.7876375167
"2024-04-20 22:00:00",60.4619997439
"2024-04-20 23:00:00",58.88910789380001
"2024-04-21 00:00:00",62.853411321500005
"2024-04-21 01:00:00",62.5073832381
"2024-04-21 02:00:00",57.7636488318
"2024-04-21 03:00:00",57.318288160600005
"2024-04-21 04:00:00",61.13631556040001
"2024-04-21 05:00:00",61.29204788740001
"2024-04-21 06:00:00",54.9897472464
"2024-04-21 07:00:00",49.9746122951
"2024-04-21 08:00:00",49.1555083619
"2024-04-21 09:00:00",45.92920600170001
"2024-04-21 10:00:00",46.1987506621
"2024-04-21 11:00:00",13.993178006000003
"2024-04-21 12:00:00",10.7864273324
"2024-04-21 13:00:00",8.3085160981
"2024-04-21 14:00:00",6.2630040487
"2024-04-21 15:00:00",5.3138522731
"2024-04-21 16:00:00",6.9646520415
"2024-04-21 17:00:00",19.0337450863
"2024-04-21 18:00:00",51.59817672940001
"2024-04-21 19:00:00",57.7503680204
"2024-04-21 20:00:00",59.64402919940001
"2024-04-21 21:00:00",60.47426163739999
"2024-04-21 22:00:00",62.071015676399995
"2024-04-21 23:00:00",65.2086050993
"2024-04-22 00:00:00",58.8688656799
"2024-04-22 01:00:00",61.9899353189
"2024-04-22 02:00:00",63.507745147899996
"2024-04-22 03:00:00",65.7651274056
"2024-04-22 04:00:00",62.57134738869999
"2024-04-22 05:00:00",62.125363112
"2024-04-22 06:00:00",31.928961019899997
"2024-04-22 07:00:00",21.7326241359
"2024-04-22 08:00:00",48.84931482139999
"2024-04-22 09:00:00",46.2222124224
"2024-04-22 10:00:00",44.659470731
"2024-04-22 11:00:00",30.3494385497
"2024-04-22 12:00:00",13.1739573057
"2024-04-22 13:00:00",6.4253521731
"2024-04-22 14:00:00",5.6637760441
"2024-04-22 15:00:00",5.3217670437
"2024-04-22 16:00:00",4.7882846931
"2024-04-22 17:00:00",23.0172317598
"2024-04-22 18:00:00",54.8512572588
"2024-04-22 19:00:00",59.3172348195
"2024-04-22 20:00:00",59.4788853704
"2024-04-22 21:00:00",61.068963755000006
"2024-04-22 22:00:00",62.2475467864
"2024-04-22 23:00:00",62.3524711046
"2024-04-23 00:00:00",66.7896032366
"2024-04-23 01:00:00",70.198958413
"2024-04-23 02:00:00",67.8441278449
"2024-04-23 03:00:00",63.32724963610001
"2024-04-23 04:00:00",62.9129524572
"2024-04-23 05:00:00",61.81635825389999
"2024-04-23 06:00:00",54.8800262745
"2024-04-23 07:00:00",24.360125884
"2024-04-23 08:00:00",51.508865332400006
"2024-04-23 09:00:00",51.0509751317
"2024-04-23 10:00:00",47.580312847
"2024-04-23 11:00:00",48.017532054
"2024-04-23 12:00:00",13.8233109296
"2024-04-23 13:00:00",6.638541279199999
"2024-04-23 14:00:00",6.485975508700001
"2024-04-23 15:00:00",5.1065388434
"2024-04-23 16:00:00",4.7755727428
"2024-04-23 17:00:00",24.9006094493
"2024-04-23 18:00:00",56.12279018689999
"2024-04-23 19:00:00",60.846726422
"2024-04-23 20:00:00",59.4061698607
"2024-04-23 21:00:00",60.68265805840001
"2024-04-23 22:00:00",61.811124070400005
"2024-04-23 23:00:00",60.9908707696
"2024-04-24 00:00:00",62.440655861500005
"2024-04-24 01:00:00",58.4218188877
"2024-04-24 02:00:00",63.6720549427
"2024-04-24 03:00:00",61.4472185534
"2024-04-24 04:00:00",62.29870795290001
"2024-04-24 05:00:00",60.9566847732
"2024-04-24 06:00:00",54.5193413145
"2024-04-24 07:00:00",51.54424027390001
"2024-04-24 08:00:00",50.8175663942
"2024-04-24 09:00:00",50.7601253946
"2024-04-24 10:00:00",50.62816945219999
"2024-04-24 11:00:00",47.5009378921
"2024-04-24 12:00:00",23.1263087826
"2024-04-24 13:00:00",10.0702463475
"2024-04-24 14:00:00",6.157328655799999
"2024-04-24 15:00:00",7.6098342989
"2024-04-24 16:00:00",12.38518403
"2024-04-24 17:00:00",55.91081460349999
"2024-04-24 18:00:00",57.6813082729
"2024-04-24 19:00:00",60.2627365158
"2024-04-24 20:00:00",60.3762767449
"2024-04-24 21:00:00",60.4369235449
"2024-04-24 22:00:00",61.7529038084
"2024-04-24 23:00:00",61.91138062190001
"2024-04-25 00:00:00",64.5188628428
"2024-04-25 01:00:00",68.8225216051
"2024-04-25 02:00:00",64.8215662639
"2024-04-25 03:00:00",62.243642352600006
"2024-04-25 04:00:00",62.7606243205
"2024-04-25 05:00:00",61.455357726600006
"2024-04-25 06:00:00",43.0244046555
"2024-04-25 07:00:00",36.721998315
"2024-04-25 08:00:00",52.5950756631
"2024-04-25 09:00:00",51.1116474486
"2024-04-25 10:00:00",49.0319323585
"2024-04-25 11:00:00",48.77540004930001
"2024-04-25 12:00:00",34.5526560518
"2024-04-25 13:00:00",8.2438887847
"2024-04-25 14:00:00",8.0981268605
"2024-04-25 15:00:00",26.7302471262
"2024-04-25 16:00:00",10.7571981369
"2024-04-25 17:00:00",56.824478174700005
"2024-04-25 18:00:00",58.30397610040001
"2024-04-25 19:00:00",60.47217882820001
"2024-04-25 20:00:00",59.5281987674
"2024-04-25 21:00:00",61.5800363004
"2024-04-25 22:00:00",62.34172444410001
"2024-04-25 23:00:00",60.5898706884
"2024-04-26 00:00:00",61.7795549782
"2024-04-26 01:00:00",63.8962875692
"2024-04-26 02:00:00",65.5563877961
"2024-04-26 03:00:00",63.0317283431
"2024-04-26 04:00:00",63.24126526610001
"2024-04-26 05:00:00",62.5182807762
"2024-04-26 06:00:00",56.3425046794
"2024-04-26 07:00:00",36.5525393101
"2024-04-26 08:00:00",51.679582225500006
"2024-04-26 09:00:00",48.2938361129
"2024-04-26 10:00:00",48.9522069265
"2024-04-26 11:00:00",31.2209537751
"2024-04-26 12:00:00",11.7253138606
"2024-04-26 13:00:00",6.1337964403
"2024-04-26 14:00:00",6.2952040117
"2024-04-26 15:00:00",7.8833869551
"2024-04-26 16:00:00",17.3156446177
"2024-04-26 17:00:00",54.588492233
"2024-04-26 18:00:00",56.7813058689
"2024-04-26 19:00:00",59.288144278100006
"2024-04-26 20:00:00",59.1475504804
"2024-04-26 21:00:00",61.503628024899996
"2024-04-26 22:00:00",59.251025798499995
"2024-04-26 23:00:00",61.45981988919999
"2024-04-27 00:00:00",60.968545380200005
"2024-04-27 01:00:00",62.3153583878
"2024-04-27 03:00:00",61.7512823641
"2024-04-27 04:00:00",64.4821054836
"2024-04-27 05:00:00",61.6632463595
"2024-04-27 06:00:00",56.24288593869999
"2024-04-27 07:00:00",53.7323657516
"2024-04-27 08:00:00",52.50418736590001
"2024-04-27 09:00:00",49.2794839046
"2024-04-27 10:00:00",48.9497041668
"2024-04-27 11:00:00",41.6540595783
"2024-04-27 12:00:00",47.7201959333
"2024-04-27 13:00:00",36.9912640851
"2024-04-27 14:00:00",30.4886617829
"2024-04-27 15:00:00",14.7245824082
"2024-04-27 16:00:00",51.7243837436
"2024-04-27 17:00:00",52.7995723144
"2024-04-27 18:00:00",50.5793767858
"2024-04-27 19:00:00",58.1558420809
"2024-04-27 20:00:00",58.3100626803
"2024-04-27 21:00:00",60.84290096369999
"2024-04-27 22:00:00",59.98863475560001
"2024-04-27 23:00:00",61.9978638977
"2024-04-28 00:00:00",63.472340676200005
"2024-04-28 01:00:00",63.1076818126
"2024-04-28 02:00:00",60.29370636379999
"2024-04-28 03:00:00",61.1955079549
"2024-04-28 04:00:00",62.912609593000006
"2024-04-28 05:00:00",64.6796206061
"2024-04-28 06:00:00",56.17673322289999
"2024-04-28 07:00:00",56.400738555900006
"2024-04-28 08:00:00",52.6318106853
"2024-04-28 09:00:00",45.9358361533
"2024-04-28 10:00:00",43.5534873516
"2024-04-28 11:00:00",38.5093835674
"2024-04-28 12:00:00",20.2903960272
"2024-04-28 13:00:00",10.3409868474
"2024-04-28 14:00:00",8.4940510408
"2024-04-28 15:00:00",8.985692356
"2024-04-28 16:00:00",7.324811282900001
"2024-04-28 17:00:00",23.0998234293
"2024-04-28 18:00:00",53.536201599
"2024-04-28 19:00:00",59.1818789837
"2024-04-28 20:00:00",61.63792807200001
"2024-04-28 21:00:00",62.087381361999995
"2024-04-28 22:00:00",61.375131062
"2024-04-28 23:00:00",61.5146898316
"2024-04-29 00:00:00",62.4009960852
"2024-04-29 01:00:00",68.7524704582
"2024-04-29 02:00:00",64.1862699031
"2024-04-29 03:00:00",64.7269322447
"2024-04-29 04:00:00",63.058180705
"2024-04-29 05:00:00",60.8577744075
"2024-04-29 06:00:00",52.4668917756
"2024-04-29 07:00:00",48.2336818709
"2024-04-29 08:00:00",48.9906733118
"2024-04-29 09:00:00",47.7252600582
"2024-04-29 10:00:00",40.4606364862
"2024-04-29 11:00:00",19.3859125585
"2024-04-29 12:00:00",28.6181519851
"2024-04-29 13:00:00",12.1231639855
"2024-04-29 14:00:00",10.2993134107
"2024-04-29 15:00:00",8.4261264761
"2024-04-29 16:00:00",5.8960398369
"2024-04-29 17:00:00",11.8345357054
"2024-04-29 18:00:00",38.1824358286
"2024-04-29 19:00:00",57.084452438
"2024-04-29 20:00:00",60.066834460399996
"2024-04-29 21:00:00",61.7532843778
"2024-04-29 22:00:00",61.548733529399996
"2024-04-29 23:00:00",62.72827273690001
"2024-04-30 00:00:00",68.8857689102
"2024-04-30 01:00:00",61.8011327608
"2024-04-30 02:00:00",62.7619353625
"2024-04-30 03:00:00",62.22049352199999
"2024-04-30 04:00:00",62.23962873010001
"2024-04-30 05:00:00",59.18643259310001
"2024-04-30 06:00:00",58.04949170439999
"2024-04-30 07:00:00",54.3592921958
"2024-04-30 08:00:00",52.9950850466
"2024-04-30 09:00:00",49.2617499012
"2024-04-30 10:00:00",45.9087038265
"2024-04-30 11:00:00",22.5392627974
"2024-04-30 12:00:00",30.209773734900004
"2024-04-30 13:00:00",14.6754795902
"2024-04-30 14:00:00",9.7591183523
"2024-04-30 15:00:00",5.9515051442
"2024-04-30 16:00:00",6.4147486766
"2024-04-30 17:00:00",30.141624847300005
"2024-04-30 18:00:00",56.4409115241
"2024-04-30 19:00:00",57.3515577889
"2024-04-30 20:00:00",60.71287128710001
"2024-04-30 21:00:00",59.3951514162
"2024-04-30 22:00:00",45.7766589467
"2024-04-30 23:00:00",63
"2024-05-01 00:00:00",60.8305701398
"2024-05-01 01:00:00",56.9847955088
"2024-05-01 02:00:00",65.7243102594
"2024-05-01 03:00:00",61.1935272407
"2024-05-01 04:00:00",62.61395111209999
"2024-05-01 05:00:00",60.77290465819999
"2024-05-01 06:00:00",54.7369028545
"2024-05-01 07:00:00",52.3844559272
"2024-05-01 08:00:00",50.5279374549
"2024-05-01 09:00:00",51.5222786911
"2024-05-01 10:00:00",48.70759614810001
"2024-05-01 11:00:00",30.050669706500003
"2024-05-01 12:00:00",12.043371008
"2024-05-01 13:00:00",43.9314712267
"2024-05-01 14:00:00",8.451587368
"2024-05-01 15:00:00",9.3774556629
"2024-05-01 16:00:00",5.9486639463
"2024-05-01 17:00:00",7.347086234299999
"2024-05-01 18:00:00",15.6611889786
"2024-05-01 19:00:00",55.2791938912
"2024-05-01 20:00:00",59.0802723257
"2024-05-01 21:00:00",60.07506896070001
"2024-05-01 22:00:00",60.6358466847
"2024-05-01 23:00:00",63.692293061
"2024-05-02 00:00:00",63.43404423679999
"2024-05-02 01:00:00",63.1121843885
"2024-05-02 02:00:00",63.2048897627
"2024-05-02 03:00:00",65.0145741178
"2024-05-02 04:00:00",61.2571319579
"2024-05-02 05:00:00",62.665357584300004
"2024-05-02 06:00:00",53.0748448694
"2024-05-02 07:00:00",50.654356002899995
"2024-05-02 08:00:00",53.3418204248
"2024-05-02 09:00:00",50.3119198071
"2024-05-02 10:00:00",44.4310582219
"2024-05-02 11:00:00",44.2474020839
"2024-05-02 12:00:00",26.0395512561
"2024-05-02 13:00:00",7.748745995099999
"2024-05-02 14:00:00",8.5261163194
"2024-05-02 15:00:00",8.4205424123
"2024-05-02 16:00:00",6.275979504100001
"2024-05-02 17:00:00",24.9140444473
"2024-05-02 18:00:00",55.8399666624
"2024-05-02 19:00:00",59.9269972919
"2024-05-02 20:00:00",59.98730814779999
"2024-05-02 21:00:00",62.148275270400006
"2024-05-02 22:00:00",59.340206821
"2024-05-02 23:00:00",63.0701751919
"2024-05-03 00:00:00",62.639342846699996
"2024-05-03 01:00:00",65.3391246032
"2024-05-03 02:00:00",63.6599502198
"2024-05-03 03:00:00",62.03174325159999
"2024-05-03 04:00:00",62.879406682299994
"2024-05-03 05:00:00",61.3427355289
"2024-05-03 06:00:00",58.97991690229999
"2024-05-03 07:00:00",54.50483997509999
"2024-05-03 08:00:00",50.7074591262
"2024-05-03 09:00:00",51.8687113016
"2024-05-03 10:00:00",51.4491155066
"2024-05-03 11:00:00",24.0261079353
"2024-05-03 12:00:00",15.0828173082
"2024-05-03 13:00:00",25.7817856187
"2024-05-03 14:00:00",15.824696069900002
"2024-05-03 15:00:00",25.213028514900003
"2024-05-03 16:00:00",55.7640787133
"2024-05-03 17:00:00",55.6672088213
"2024-05-03 18:00:00",58.00864652549999
"2024-05-03 19:00:00",57.9251571714
"2024-05-03 20:00:00",61.708603129400004
"2024-05-03 21:00:00",61.2209764688
"2024-05-03 22:00:00",61.065406399299995
"2024-05-03 23:00:00",64.7503271973
"2024-05-04 00:00:00",64.7724471235
"2024-05-04 01:00:00",62.28529517679999
"2024-05-04 02:00:00",66.3217325846
"2024-05-04 03:00:00",65.890787451
"2024-05-04 04:00:00",62.89505981229999
"2024-05-04 05:00:00",64.1862823466
"2024-05-04 06:00:00",57.0734557452
"2024-05-04 07:00:00",52.3575644169
"2024-05-04 08:00:00",53.6242856604
"2024-05-04 09:00:00",50.760952285
"2024-05-04 10:00:00",48.2884493836
"2024-05-04 11:00:00",17.4198855173
"2024-05-04 12:00:00",15.481503895799998
"2024-05-04 13:00:00",13.296766297799998
"2024-05-04 14:00:00",7.9651526459
"2024-05-04 15:00:00",9.4060900751
"2024-05-04 16:00:00",8.9002868867
"2024-05-04 17:00:00",22.3655774446
"2024-05-04 18:00:00",54.635469460399996
"2024-05-04 19:00:00",60.357433564999994
"2024-05-04 20:00:00",60.1813117599
"2024-05-04 21:00:00",59.29040255559999
"2024-05-04 22:00:00",58.974354635999994
"2024-05-04 23:00:00",62.9749286209
"2024-05-05 00:00:00",59.3542769023
"2024-05-05 01:00:00",59.9579437165
"2024-05-05 02:00:00",57.8576526855
"2024-05-05 03:00:00",61.714506144699996
"2024-05-05 04:00:00",60.093896415399996
"2024-05-05 05:00:00",65.1650490101
"2024-05-05 06:00:00",58.434759014700006
"2024-05-05 07:00:00",56.28742134549999
"2024-05-05 08:00:00",52.1770538889
"2024-05-05 09:00:00",48.28680129280001
"2024-05-05 10:00:00",46.8481296091
"2024-05-05 11:00:00",49.8547247053
"2024-05-05 12:00:00",16.9572185943
"2024-05-05 13:00:00",15.9296775676
"2024-05-05 14:00:00",21.270487921
"2024-05-05 15:00:00",22.70597738
"2024-05-05 16:00:00",51.1752681217
"2024-05-05 17:00:00",54.692499037800005
"2024-05-05 18:00:00",55.0315128328
"2024-05-05 19:00:00",59.0153220048
"2024-05-05 20:00:00",61.24047348119999
"2024-05-05 21:00:00",60.74815961499999
"2024-05-05 22:00:00",62.0356138973
"2024-05-05 23:00:00",61.4557568637
"2024-05-06 00:00:00",72.1891324629
"2024-05-06 01:00:00",64.931729376
"2024-05-06 02:00:00",60.73063646699999
"2024-05-06 03:00:00",61.87226253939999
"2024-05-06 04:00:00",62.93013714840001
"2024-05-06 05:00:00",62.5587728367
"2024-05-06 06:00:00",58.29205439300001
"2024-05-06 07:00:00",55.5140952794
"2024-05-06 08:00:00",52.2213315267
"2024-05-06 09:00:00",52.1770010082
"2024-05-06 10:00:00",52.984527352200004
"2024-05-06 11:00:00",52.1369665612
"2024-05-06 12:00:00",54.0114623464
"2024-05-06 13:00:00",52.5255231013
"2024-05-06 14:00:00",43.0398950559
"2024-05-06 15:00:00",33.0502022952
"2024-05-06 16:00:00",40.5066285012
"2024-05-06 17:00:00",56.18992681620001
"2024-05-06 18:00:00",60.0066405884
"2024-05-06 19:00:00",60.954136561599995
"2024-05-06 20:00:00",61.916313564000006
"2024-05-06 21:00:00",60.7555834357
"2024-05-06 22:00:00",63.17133948379999
"2024-05-06 23:00:00",65.0819829301
"2024-05-07 00:00:00",62.0565605982
"2024-05-07 01:00:00",68.9101162236
"2024-05-07 02:00:00",67.5125927866
"2024-05-07 03:00:00",64.7004451809
"2024-05-07 04:00:00",63.6940988693
"2024-05-07 05:00:00",61.9808222698
"2024-05-07 06:00:00",58.4602228681
"2024-05-07 07:00:00",54.5426618598
"2024-05-07 08:00:00",55.73535184909999
"2024-05-07 09:00:00",54.0076985816
"2024-05-07 10:00:00",50.7675030097
"2024-05-07 11:00:00",53.7148782833
"2024-05-07 12:00:00",45.1155595551
"2024-05-07 13:00:00",34.6102707106
"2024-05-07 14:00:00",32.8499871302
"2024-05-07 15:00:00",51.8281912656
"2024-05-07 16:00:00",55.4810258594
"2024-05-07 17:00:00",57.6384718784
"2024-05-07 18:00:00",58.22421925399999
"2024-05-07 19:00:00",61.787525341000006
"2024-05-07 20:00:00",61.15171208099999
"2024-05-07 21:00:00",59.8823033789
"2024-05-07 22:00:00",64.959377006
"2024-05-07 23:00:00",64.9365268585
"2024-05-08 00:00:00",65.6739873291
"2024-05-08 01:00:00",63.3798635253
"2024-05-08 02:00:00",63.4830725641
"2024-05-08 03:00:00",64.3187087131
"2024-05-08 04:00:00",63.2230833174
"2024-05-08 05:00:00",61.4101099839
"2024-05-08 06:00:00",58.086975303
"2024-05-08 07:00:00",53.8194363487
"2024-05-08 08:00:00",54.4897798839
"2024-05-08 09:00:00",51.91216290370001
"2024-05-08 10:00:00",51.6983289397
"2024-05-08 11:00:00",40.7181796987
"2024-05-08 12:00:00",31.069256575300003
"2024-05-08 13:00:00",13.0981708658
"2024-05-08 14:00:00",14.3090087787
"2024-05-08 15:00:00",12.3578122636
"2024-05-08 16:00:00",56.4884383919
"2024-05-08 17:00:00",56.0598349342
"2024-05-08 18:00:00",58.511833743800004
"2024-05-08 19:00:00",60.3419459486
"2024-05-08 20:00:00",53.7970146743
"2024-05-08 21:00:00",56.3773196941
"2024-05-08 22:00:00",59.18369190519999
"2024-05-08 23:00:00",59.97950315610001
"2024-05-09 00:00:00",65.7094743967
"2024-05-09 01:00:00",64.1798043596
"2024-05-09 02:00:00",65.2954032176
"2024-05-09 03:00:00",62.03516402449999
"2024-05-09 04:00:00",62.062562206100004
"2024-05-09 05:00:00",64.1644910711
"2024-05-09 06:00:00",59.23811519750001
"2024-05-09 07:00:00",53.5417485572
"2024-05-09 08:00:00",56.2179560977
"2024-05-09 09:00:00",52.7352627382
"2024-05-09 10:00:00",48.7348483589
"2024-05-09 11:00:00",37.9142419684
"2024-05-09 12:00:00",29.3687306512
"2024-05-09 13:00:00",12.674697183600001
"2024-05-09 14:00:00",13.207151538599998
"2024-05-09 15:00:00",28.3427442789
"2024-05-09 16:00:00",23.0873138338
"2024-05-09 17:00:00",38.2171988293
"2024-05-09 18:00:00",41.9967416052
"2024-05-09 19:00:00",58.397021601700004
"2024-05-09 20:00:00",60.7135269351
"2024-05-09 21:00:00",62.11460775490001
"2024-05-09 22:00:00",62.08385246750001
"2024-05-09 23:00:00",64.1424422614
"2024-05-10 00:00:00",61.26067903260001
"2024-05-10 01:00:00",62.18608039019999
"2024-05-10 02:00:00",64.9786993212
"2024-05-10 03:00:00",64.9144320718
"2024-05-10 04:00:00",63.551585890599995
"2024-05-10 05:00:00",62.76556826819999
"2024-05-10 06:00:00",56.2472755185
"2024-05-10 07:00:00",55.7260402174
"2024-05-10 08:00:00",53.2827577906
"2024-05-10 09:00:00",48.2697377092
"2024-05-10 10:00:00",49.0728444614
"2024-05-10 11:00:00",20.6035468985
"2024-05-10 12:00:00",14.388408514199998
"2024-05-10 13:00:00",9.5742326979
"2024-05-10 14:00:00",9.959615549
"2024-05-10 15:00:00",13.9165699424
"2024-05-10 16:00:00",19.6843979218
"2024-05-10 17:00:00",35.3496646397
"2024-05-10 18:00:00",56.0729952013
"2024-05-10 19:00:00",57.6523053323
"2024-05-10 20:00:00",61.582792343399994
"2024-05-10 21:00:00",59.728868690300004
"2024-05-10 22:00:00",61.49290632580001
"2024-05-10 23:00:00",61.4971975724
"2024-05-11 00:00:00",63.5692937275
"2024-05-11 01:00:00",67.6198451094
"2024-05-11 02:00:00",62.1821706863
"2024-05-11 03:00:00",62.674195033900006
"2024-05-11 04:00:00",62.644419369599994
"2024-05-11 05:00:00",65.9731661045
"2024-05-11 06:00:00",60.94670230369999
"2024-05-11 07:00:00",58.4165244893
"2024-05-11 08:00:00",54.8993325326
"2024-05-11 09:00:00",54.6389895126
"2024-05-11 10:00:00",51.1060478837
"2024-05-11 11:00:00",50.79619359560001
"2024-05-11 12:00:00",38.5886311316
"2024-05-11 13:00:00",14.477500861700001
"2024-05-11 14:00:00",17.7219422127
"2024-05-11 15:00:00",46.165766865
"2024-05-11 16:00:00",22.553931526
"2024-05-11 17:00:00",55.1362632581
"2024-05-11 18:00:00",55.113471302799994
"2024-05-11 19:00:00",59.1014033041
"2024-05-11 20:00:00",59.87930636869999
"2024-05-11 21:00:00",60.51783725679999
"2024-05-11 22:00:00",59.2062477029
"2024-05-11 23:00:00",60.6080073575
"2024-05-12 00:00:00",61.3005590965
"2024-05-12 01:00:00",61.868847345400006
"2024-05-12 02:00:00",62.2547366761
"2024-05-12 03:00:00",59.854895389499994
"2024-05-12 04:00:00",64.4721757888
"2024-05-12 05:00:00",63.922061744800004
"2024-05-12 06:00:00",59.9483335544
"2024-05-12 07:00:00",58.2101274452
"2024-05-12 08:00:00",56.1336307735
"2024-05-12 09:00:00",55.6717195853
"2024-05-12 10:00:00",53.6611188354
"2024-05-12 11:00:00",52.820756291600006
"2024-05-12 12:00:00",50.8125956076
"2024-05-12 13:00:00",54.176532309900004
"2024-05-12 14:00:00",45.9673327743
"2024-05-12 15:00:00",29.2184960547
"2024-05-12 16:00:00",55.5445116801
"2024-05-12 17:00:00",57.225170131
"2024-05-12 18:00:00",57.0259806619
"2024-05-12 19:00:00",58.4027467954
"2024-05-12 20:00:00",61.0344285894
"2024-05-12 21:00:00",60.7285978565
"2024-05-12 22:00:00",59.9823431925
"2024-05-12 23:00:00",60.5048106336
"2024-05-13 00:00:00",62.162978177099994
"2024-05-13 01:00:00",67.9244816641
"2024-05-13 02:00:00",64.3566208991
"2024-05-13 03:00:00",64.6436401154
"2024-05-13 04:00:00",63.09651703909999
"2024-05-13 05:00:00",61.1272649895
"2024-05-13 06:00:00",59.1748762992
"2024-05-13 08:00:00",58.759612680500005
"2024-05-13 09:00:00",57.403974504199994
"2024-05-13 10:00:00",58.4399234107
"2024-05-13 11:00:00",58.5935326835
"2024-05-13 12:00:00",57.4079505892
"2024-05-13 13:00:00",58.032496803300006
"2024-05-13 14:00:00",56.713338805199996
"2024-05-13 15:00:00",58.38585328850001
"2024-05-13 16:00:00",60.8983568006
"2024-05-13 17:00:00",61.61717907140001
"2024-05-13 18:00:00",62.199123854
"2024-05-13 19:00:00",62.6551008302
"2024-05-13 20:00:00",62.67248820990001
"2024-05-13 21:00:00",61.6150445393
"2024-05-13 22:00:00",62.4084226591
"2024-05-13 23:00:00",65.2727416299
"2024-05-14 00:00:00",65.4171059446
"2024-05-14 01:00:00",63.155380554
"2024-05-14 02:00:00",61.520738614
"2024-05-14 03:00:00",65.0732825372
"2024-05-14 04:00:00",63.6678885831
"2024-05-14 05:00:00",61.31434648510001
"2024-05-14 06:00:00",31.121277335700004
"2024-05-14 07:00:00",43.2812213546
"2024-05-14 08:00:00",58.2987979499
"2024-05-14 09:00:00",57.8547074788
"2024-05-14 10:00:00",58.1143309937
"2024-05-14 11:00:00",58.5795233664
"2024-05-14 12:00:00",58.77965904780001
"2024-05-14 13:00:00",58.0731538341
"2024-05-14 14:00:00",58.3343716336
"2024-05-14 15:00:00",59.8118078253
"2024-05-14 16:00:00",60.563488393200004
"2024-05-14 17:00:00",62.38821175940001
"2024-05-14 18:00:00",60.2372015556
"2024-05-14 19:00:00",62.1493835441
"2024-05-14 20:00:00",59.683996003999994
"2024-05-14 21:00:00",60.219917446900006
"2024-05-14 22:00:00",62.766889720100004
"2024-05-14 23:00:00",62.124157566099996
"2024-05-15 00:00:00",68.6084395071
"2024-05-15 01:00:00",66.6218208692
"2024-05-15 02:00:00",63.5534304581
"2024-05-15 03:00:00",65.3984628926
"2024-05-15 04:00:00",64.5020935983
"2024-05-15 05:00:00",63.3238315749
"2024-05-15 06:00:00",59.6646582871
"2024-05-15 07:00:00",45.1065112296
"2024-05-15 08:00:00",52.3977381184
"2024-05-15 09:00:00",21.1026331076
"2024-05-15 10:00:00",21.8271500054
"2024-05-15 11:00:00",35.0687711669
"2024-05-15 12:00:00",53.1342182361
"2024-05-15 13:00:00",56.270608439200004
"2024-05-15 14:00:00",57.4849659157
"2024-05-15 15:00:00",58.9556348627
"2024-05-15 16:00:00",55.993491928800005
"2024-05-15 17:00:00",61.29981286040001
"2024-05-15 18:00:00",60.7064233
"2024-05-15 19:00:00",61.2745670072
"2024-05-15 20:00:00",60.99808046670001
"2024-05-15 21:00:00",59.7940232512
"2024-05-15 22:00:00",61.5631315632
"2024-05-15 23:00:00",62.01639254399999
"2024-05-16 00:00:00",64.2960729804
"2024-05-16 01:00:00",71.2157271189
"2024-05-16 02:00:00",62.560836947199995
"2024-05-16 03:00:00",63.6694064974
"2024-05-16 04:00:00",62.37269189389999
"2024-05-16 05:00:00",61.362342327700006
"2024-05-16 06:00:00",58.37408736590001
"2024-05-16 07:00:00",58.8532209191
"2024-05-16 08:00:00",57.34854605440001
"2024-05-16 09:00:00",57.6917592504
"2024-05-16 10:00:00",56.5864070656
"2024-05-16 11:00:00",58.5009663955
"2024-05-16 12:00:00",59.4301426204
"2024-05-16 13:00:00",58.713425559700006
"2024-05-16 14:00:00",58.7334438856
"2024-05-16 15:00:00",59.76489113780001
"2024-05-16 16:00:00",60.8689503306
"2024-05-16 17:00:00",61.67343273059999
"2024-05-16 18:00:00",61.6653913702
"2024-05-16 19:00:00",62.063629330000005
"2024-05-16 20:00:00",62.394896015099995
"2024-05-16 21:00:00",61.989285070399994
"2024-05-16 22:00:00",61.4087012601
"2024-05-16 23:00:00",63.46391633169999
"2024-05-17 00:00:00",66.7607680899
"2024-05-17 01:00:00",64.1933312663
"2024-05-17 02:00:00",68.4012943329
"2024-05-17 03:00:00",64.5301724138
"2024-05-17 04:00:00",61.7916074249
"2024-05-17 05:00:00",62.84857737610001
"2024-05-17 06:00:00",59.6366962759
"2024-05-17 07:00:00",57.828018192500004
"2024-05-17 08:00:00",57.9278155206
"2024-05-17 09:00:00",57.99219706
"2024-05-17 10:00:00",58.25062894239999
"2024-05-17 11:00:00",59.500085758699996
"2024-05-17 12:00:00",57.55378626460001
"2024-05-17 13:00:00",47.8922127395
"2024-05-17 14:00:00",58.6875369868
"2024-05-17 15:00:00",59.4755242184
"2024-05-17 16:00:00",60.82390090729999
"2024-05-17 17:00:00",62.8930697055
"2024-05-17 18:00:00",61.59593221710001
"2024-05-17 19:00:00",61.6810636562
"2024-05-17 20:00:00",61.98720045539999
"2024-05-17 21:00:00",59.5013024005
"2024-05-17 22:00:00",62.066615295999995
"2024-05-17 23:00:00",61.039780957999994
"2024-05-18 00:00:00",63.17046053730001
"2024-05-18 01:00:00",64.6838539859
"2024-05-18 02:00:00",67.2239836702
"2024-05-18 03:00:00",64.308813787
"2024-05-18 04:00:00",62.73079688549999
"2024-05-18 05:00:00",62.8471173633
"2024-05-18 06:00:00",62.8700305348
"2024-05-18 07:00:00",62.4299835779
"2024-05-18 08:00:00",60.661654103
"2024-05-18 09:00:00",59.6495991928
"2024-05-18 10:00:00",60.118429686099994
"2024-05-18 11:00:00",60.2206816299
"2024-05-18 12:00:00",60.273427881900005
"2024-05-18 13:00:00",59.5036581544
"2024-05-18 14:00:00",59.6518756797
"2024-05-18 15:00:00",60.277663021200006
"2024-05-18 16:00:00",60.14592019930001
"2024-05-18 17:00:00",62.50242891580001
"2024-05-18 18:00:00",61.99001453500001
"2024-05-18 19:00:00",61.948920711899994
"2024-05-18 20:00:00",61.93919610540001
"2024-05-18 21:00:00",61.08714789070001
"2024-05-18 22:00:00",61.6341065906
"2024-05-18 23:00:00",62.0523049018
"2024-05-19 00:00:00",62.984377974100006
"2024-05-19 01:00:00",62.9390626328
"2024-05-19 02:00:00",68.1732302491
"2024-05-19 03:00:00",67.8932269084
"2024-05-19 04:00:00",62.6315569769
"2024-05-19 05:00:00",65.2679729544
"2024-05-19 06:00:00",63.677592612199994
"2024-05-19 07:00:00",60.8929226415
"2024-05-19 08:00:00",61.32328340819999
"2024-05-19 09:00:00",59.8974617377
"2024-05-19 10:00:00",59.67113321619999
"2024-05-19 11:00:00",58.4834064117
"2024-05-19 12:00:00",59.0004509484
"2024-05-19 13:00:00",58.743009195800006
"2024-05-19 14:00:00",59.9410353136
"2024-05-19 15:00:00",61.34161687640001
"2024-05-19 16:00:00",59.91057005150001
"2024-05-19 17:00:00",61.0929858715
"2024-05-19 18:00:00",60.99880207620001
"2024-05-19 19:00:00",62.170396485800005
"2024-05-19 20:00:00",62.6851898338
"2024-05-19 21:00:00",61.08563468679999
"2024-05-19 22:00:00",61.81558212809999
"2024-05-19 23:00:00",60.79043477959999
"2024-05-20 00:00:00",65.4107642472
"2024-05-20 01:00:00",61.0529956099
"2024-05-20 02:00:00",63.8742692177
"2024-05-20 03:00:00",65.4955418836
"2024-05-20 04:00:00",62.0493321675
"2024-05-20 05:00:00",63.38643119780001
"2024-05-20 06:00:00",61.6971490805
"2024-05-20 07:00:00",61.0320970962
"2024-05-20 08:00:00",61.0744126785
"2024-05-20 09:00:00",59.3334892257
"2024-05-20 10:00:00",59.026309298899996
"2024-05-20 11:00:00",58.6710257313
"2024-05-20 12:00:00",59.1043339816
"2024-05-20 13:00:00",57.7099314443
"2024-05-20 14:00:00",57.9095087658
"2024-05-20 15:00:00",58.0826030902
"2024-05-20 16:00:00",60.138336156
"2024-05-20 17:00:00",62.8051797336
"2024-05-20 18:00:00",62.850431171800004
"2024-05-20 19:00:00",61.3927146815
"2024-05-20 20:00:00",64.7495320663
"2024-05-20 21:00:00",62.0313308351
"2024-05-20 22:00:00",62.975284043200006
"2024-05-20 23:00:00",66.29691049
"2024-05-21 00:00:00",65.6580054373
"2024-05-21 01:00:00",63.12555105980001
"2024-05-21 02:00:00",63.9566727881
"2024-05-21 03:00:00",66.3638173651
"2024-05-21 04:00:00",65.3891841088
"2024-05-21 05:00:00",62.433513238
"2024-05-21 06:00:00",35.9893131577
"2024-05-21 07:00:00",32.976122618
"2024-05-21 08:00:00",58.020116783800006
"2024-05-21 09:00:00",57.0390217239
"2024-05-21 10:00:00",58.3305563777
"2024-05-21 11:00:00",58.968968191
"2024-05-21 12:00:00",58.245523888
"2024-05-21 13:00:00",57.0586036304
"2024-05-21 14:00:00",58.50501688959999
"2024-05-21 15:00:00",60.3226748797
"2024-05-21 16:00:00",61.2477501331
"2024-05-21 17:00:00",61.79309904910001
"2024-05-21 18:00:00",59.7090357
"2024-05-21 19:00:00",61.655357411100006
"2024-05-21 20:00:00",59.60718806610001
"2024-05-21 21:00:00",58.9614837684
"2024-05-21 22:00:00",62.6765324949
"2024-05-21 23:00:00",59.71491029509999
"2024-05-22 00:00:00",60.4240016909
"2024-05-22 01:00:00",63.53033290879999
"2024-05-22 02:00:00",61.1185582269
"2024-05-22 03:00:00",63.361827160500006
"2024-05-22 04:00:00",61.467252755299995
"2024-05-22 05:00:00",62.28613096560001
"2024-05-22 06:00:00",59.1598609505
"2024-05-22 07:00:00",54.12733841050001
"2024-05-22 08:00:00",59.5265236024
"2024-05-22 09:00:00",59.0978253549
"2024-05-22 10:00:00",58.9339887718
"2024-05-22 11:00:00",59.05006406220001
"2024-05-22 12:00:00",58.815450128200006
"2024-05-22 13:00:00",58.0818793734
"2024-05-22 14:00:00",59.0145909898
"2024-05-22 15:00:00",60.617130354699995
"2024-05-22 16:00:00",61.124228153599994
"2024-05-22 17:00:00",62.88813767840001
"2024-05-22 18:00:00",62.99138650630001
"2024-05-22 19:00:00",63.5421413798
"2024-05-22 20:00:00",63.4670338111
"2024-05-22 21:00:00",61.4330917882
"2024-05-22 22:00:00",63.92557747640001
"2024-05-22 23:00:00",63.24612699680001
"2024-05-23 00:00:00",64.2576971839
"2024-05-23 01:00:00",65.5463270814
"2024-05-23 02:00:00",66.7748491652
"2024-05-23 03:00:00",65.4345688136
"2024-05-23 04:00:00",62.267973723400004
"2024-05-23 05:00:00",63.3597667578
"2024-05-23 06:00:00",59.9824788495
"2024-05-23 07:00:00",59.71232538640001
"2024-05-23 08:00:00",59.6164937099
"2024-05-23 09:00:00",58.2196589943
"2024-05-23 10:00:00",58.62033928819999
"2024-05-23 11:00:00",51.8683207612
"2024-05-23 12:00:00",59.29118481860001
"2024-05-23 13:00:00",58.2613018137
"2024-05-23 14:00:00",59.1873014743
"2024-05-23 15:00:00",58.9889553877
"2024-05-23 16:00:00",60.9357690943
"2024-05-23 17:00:00",61.431367956
"2024-05-23 18:00:00",61.19950902640001
"2024-05-23 19:00:00",46.580238813
"2024-05-23 20:00:00",62.175580141299996
"2024-05-23 21:00:00",62.5876502241
"2024-05-23 22:00:00",61.4938552798
"2024-05-23 23:00:00",64.6653983378
"2024-05-24 00:00:00",64.5003567566
"2024-05-24 01:00:00",62.732626080600006
"2024-05-24 02:00:00",67.1503326757
"2024-05-24 03:00:00",63.9575356382
"2024-05-24 05:00:00",63.30744405219999
"2024-05-24 06:00:00",58.8010273452
"2024-05-24 07:00:00",59.712461511600004
"2024-05-24 08:00:00",59.02244614010001
"2024-05-24 09:00:00",58.57255759910001
"2024-05-24 10:00:00",58.8639482343
"2024-05-24 11:00:00",58.8269264711
"2024-05-24 12:00:00",58.4922093651
"2024-05-24 13:00:00",58.930141013
"2024-05-24 14:00:00",57.99019087810001
"2024-05-24 15:00:00",59.5115586734
"2024-05-24 16:00:00",60.4431184673
"2024-05-24 17:00:00",61.8678671769
"2024-05-24 18:00:00",61.18594614679999
"2024-05-24 19:00:00",62.22658316100001
"2024-05-24 20:00:00",62.1491199535
"2024-05-24 21:00:00",59.3447368522
"2024-05-24 22:00:00",59.472136380900004
"2024-05-24 23:00:00",59.9892269121
"2024-05-25 00:00:00",61.49610896480001
"2024-05-25 01:00:00",61.23027202819999
"2024-05-25 02:00:00",61.93840800019999
"2024-05-25 03:00:00",58.512594825799994
"2024-05-25 04:00:00",64.2473078733
"2024-05-25 05:00:00",63.85454932259999
"2024-05-25 06:00:00",62.58616758390001
"2024-05-25 07:00:00",62.327685279700006
"2024-05-25 08:00:00",61.10741630599999
"2024-05-25 09:00:00",59.40122765160001
"2024-05-25 10:00:00",59.87095158889999
"2024-05-25 11:00:00",59.94203301870001
"2024-05-25 12:00:00",59.227924308
"2024-05-25 13:00:00",58.4364210127
"2024-05-25 14:00:00",60.19858106269999
"2024-05-25 15:00:00",60.9268648593
"2024-05-25 16:00:00",61.876470553299995
"2024-05-25 17:00:00",63.4516832548
"2024-05-25 18:00:00",64.60228804
"2024-05-25 19:00:00",62.240382175
"2024-05-25 20:00:00",62.0639100893
"2024-05-25 21:00:00",59.8472174943
"2024-05-25 22:00:00",57.8206820148
"2024-05-26 00:00:00",63.867880338599996
"2024-05-26 01:00:00",62.96884475969999
"2024-05-26 02:00:00",62.46114698120001
"2024-05-26 03:00:00",65.285737249
"2024-05-26 04:00:00",64.732766073
"2024-05-26 05:00:00",65.5243392241
"2024-05-26 06:00:00",64.2344165958
"2024-05-26 07:00:00",61.52394250390001
"2024-05-26 08:00:00",61.598044848499995
"2024-05-26 09:00:00",60.65232460760001
"2024-05-26 10:00:00",59.9263026919
"2024-05-26 11:00:00",60.3345804775
"2024-05-26 12:00:00",60.5977182544
"2024-05-26 13:00:00",60.055200257299994
"2024-05-26 14:00:00",60.36768849879999
"2024-05-26 15:00:00",61.28594580210001
"2024-05-26 16:00:00",62.204803324
"2024-05-26 17:00:00",60.6063078779
"2024-05-26 18:00:00",62.846854590499994
"2024-05-26 19:00:00",62.234290666700005
"2024-05-26 21:00:00",62.1556321642
"2024-05-26 22:00:00",62.0105738194
"2024-05-26 23:00:00",64.6553586294
"2024-05-27 00:00:00",63.322377103
"2024-05-27 01:00:00",58.6368393317
"2024-05-27 02:00:00",68.9917468721
"2024-05-27 03:00:00",66.4000454069
"2024-05-27 04:00:00",64.9856676299
"2024-05-27 05:00:00",63.5382774837
"2024-05-27 06:00:00",60.3076063663
"2024-05-27 07:00:00",58.8946795645
"2024-05-27 08:00:00",58.6289222397
"2024-05-27 09:00:00",57.20887112719999
"2024-05-27 10:00:00",59.2358528238
"2024-05-27 11:00:00",58.4014751996
"2024-05-27 12:00:00",58.64103626290001
"2024-05-27 13:00:00",59.634294836
"2024-05-27 14:00:00",58.4413332522
"2024-05-27 16:00:00",61.2433417152
"2024-05-27 17:00:00",63.0219978866
"2024-05-27 18:00:00",62.2515246659
"2024-05-27 19:00:00",62.7130447435
"2024-05-27 20:00:00",63.224863898100004
"2024-05-27 21:00:00",61.8646285324
"2024-05-27 22:00:00",62.8967746465
"2024-05-27 23:00:00",67.5159329683
"2024-05-28 00:00:00",67.6596514158
"2024-05-28 01:00:00",71.4309179545
"2024-05-28 02:00:00",71.9849142751
"2024-05-28 03:00:00",62.832161599200006
"2024-05-28 04:00:00",64.2884795345
"2024-05-28 05:00:00",63.50216518180001
"2024-05-28 06:00:00",47.09670203959999
"2024-05-28 07:00:00",59.2288536888
"2024-05-28 08:00:00",59.3069088641
"2024-05-28 09:00:00",59.438456242300006
"2024-05-28 10:00:00",57.9198206286
"2024-05-28 11:00:00",59.3401961226
"2024-05-28 12:00:00",58.7277539463
"2024-05-28 13:00:00",59.27263155600001
"2024-05-28 14:00:00",59.5341464273
"2024-05-28 15:00:00",59.296796942700006
"2024-05-28 16:00:00",60.3005259385
"2024-05-28 17:00:00",62.0462483395
"2024-05-28 18:00:00",61.3725219437
"2024-05-28 19:00:00",62.9705346285
"2024-05-28 20:00:00",61.9731215254
"2024-05-28 21:00:00",60.920151051000005
"2024-05-28 22:00:00",60.3763946831
"2024-05-28 23:00:00",62.60518827479999
"2024-05-29 00:00:00",61.18188616569999
"2024-05-29 01:00:00",63.033899943799995
"2024-05-29 02:00:00",64.0227604836
"2024-05-29 03:00:00",59.2230393296
"2024-05-29 04:00:00",62.96314889000001
"2024-05-29 05:00:00",60.391480023199996
"2024-05-29 06:00:00",58.98914073840001
"2024-05-29 07:00:00",59.9699207904
"2024-05-29 08:00:00",59.1146089718
"2024-05-29 09:00:00",58.23992438690001
"2024-05-29 10:00:00",58.7482125819
"2024-05-29 12:00:00",57.911574012100004
"2024-05-29 13:00:00",58.1671490716
"2024-05-29 14:00:00",39.8305266659
"2024-05-29 15:00:00",60.206197792299996
"2024-05-29 16:00:00",61.81559769350001
"2024-05-29 17:00:00",62.9714356642
"2024-05-29 18:00:00",61.836002831500004
"2024-05-29 19:00:00",62.874770176000006
"2024-05-29 20:00:00",62.78052355620001
"2024-05-29 21:00:00",61.3823163483
"2024-05-29 22:00:00",61.46232099880001
"2024-05-29 23:00:00",65.4051391773
"2024-05-30 00:00:00",72.0855184303
"2024-05-30 01:00:00",64.9177521367
"2024-05-30 02:00:00",70.4427302528
"2024-05-30 03:00:00",65.2994566473
"2024-05-30 04:00:00",64.0487582603
"2024-05-30 05:00:00",63.21868841799999
"2024-05-30 06:00:00",59.7132684941
"2024-05-30 07:00:00",57.6627130698
"2024-05-30 08:00:00",59.3621098225
"2024-05-30 09:00:00",58.59375862500001
"2024-05-30 10:00:00",58.262296692999996
"2024-05-30 11:00:00",60.01587158459999
"2024-05-30 12:00:00",58.7434164512
"2024-05-30 13:00:00",58.5392005623
"2024-05-30 14:00:00",58.07159180399999
"2024-05-30 15:00:00",59.5522091459
"2024-05-30 16:00:00",60.7836109663
"2024-05-30 17:00:00",62.1646636481
"2024-05-30 18:00:00",61.9272449636
"2024-05-30 19:00:00",62.27754310460001
"2024-05-30 20:00:00",62.154599178599995
"2024-05-30 21:00:00",62.13184014979999
"2024-05-30 22:00:00",62.0228008026
"2024-05-30 23:00:00",63.8834597513
"2024-05-31 00:00:00",66.2335664021
"2024-05-31 01:00:00",66.7694337523
"2024-05-31 02:00:00",67.4836375278
"2024-05-31 03:00:00",63.8870533044
"2024-05-31 04:00:00",63.8483993113
"2024-05-31 05:00:00",63.0316127979
"2024-05-31 06:00:00",59.5255669435
"2024-05-31 07:00:00",60.1720014988
"2024-05-31 08:00:00",58.51402403440001
"2024-05-31 09:00:00",58.6453157978
"2024-05-31 10:00:00",59.007361422900004
"2024-05-31 11:00:00",59.46837587630001
"2024-05-31 12:00:00",58.83492748519999
"2024-05-31 13:00:00",57.43274245530001
"2024-05-31 14:00:00",57.6313925858
"2024-05-31 15:00:00",58.610373254399995
"2024-05-31 16:00:00",60.8073174645
"2024-05-31 17:00:00",61.831822557699994
"2024-05-31 18:00:00",61.0913246818
"2024-05-31 19:00:00",61.5727203565
"2024-05-31 20:00:00",61.5370573958
"2024-05-31 21:00:00",61.2568825118
"2024-05-31 22:00:00",60.7042990281
"2024-05-31 23:00:00",59.9005428694
"2024-06-01 00:00:00",66.1307859782
"2024-06-01 01:00:00",62.5644787611
"2024-06-01 02:00:00",64.3571504875
"2024-06-01 03:00:00",65.1356488754
"2024-06-01 04:00:00",59.9164445707
"2024-06-01 05:00:00",60.9907424743
"2024-06-01 06:00:00",63.4331370864
"2024-06-01 07:00:00",61.44377648559999
"2024-06-01 08:00:00",59.1748010767
"2024-06-01 09:00:00",57.1359743405
"2024-06-01 10:00:00",57.936569427399995
"2024-06-01 11:00:00",58.9041347598
"2024-06-01 12:00:00",58.3976336023
"2024-06-01 13:00:00",58.4980407332
"2024-06-01 14:00:00",59.08446072910001
"2024-06-01 15:00:00",59.57475944170001
"2024-06-01 16:00:00",60.635635557
"2024-06-01 17:00:00",62.70229346890001
"2024-06-01 18:00:00",62.7333415808
"2024-06-01 19:00:00",62.9642127496
"2024-06-01 20:00:00",61.4502055531
"2024-06-01 21:00:00",60.9941086103
"2024-06-01 22:00:00",61.618953520400005
"2024-06-01 23:00:00",61.9968274663
"2024-06-02 00:00:00",59.7505946604
"2024-06-02 01:00:00",65.0054413381
"2024-06-02 02:00:00",62.1921701043
"2024-06-02 03:00:00",63.0188257747
"2024-06-02 04:00:00",61.8048952176
"2024-06-02 05:00:00",65.0824226351
"2024-06-02 06:00:00",63.6888434058
"2024-06-02 07:00:00",61.74654516700001
"2024-06-02 08:00:00",60.1920840709
"2024-06-02 09:00:00",59.33769251279999
"2024-06-02 10:00:00",59.56714267529999
"2024-06-02 11:00:00",58.916919754700004
"2024-06-02 12:00:00",59.6144647658
"2024-06-02 13:00:00",59.75657150639999
"2024-06-02 14:00:00",59.9269046365
"2024-06-02 15:00:00",60.673703850699994
"2024-06-02 16:00:00",60.8611779601
"2024-06-02 17:00:00",61.4048092744
"2024-06-02 18:00:00",62.4535698033
"2024-06-02 19:00:00",62.0064832664
"2024-06-02 20:00:00",62.12840168150001
"2024-06-02 21:00:00",61.944104082500004
"2024-06-02 22:00:00",63.591859034900004
"2024-06-02 23:00:00",64.5456861526
"2024-06-03 00:00:00",64.280444042
"2024-06-03 01:00:00",65.1536475111
"2024-06-03 02:00:00",66.333592183
"2024-06-03 03:00:00",65.3478316617
"2024-06-03 04:00:00",63.6673264251
"2024-06-03 05:00:00",62.601010339800006
"2024-06-03 06:00:00",59.08408345990001
"2024-06-03 07:00:00",45.1127810981
"2024-06-03 08:00:00",59.0590656583
"2024-06-03 09:00:00",58.3684769081
"2024-06-03 10:00:00",58.705455605599994
"2024-06-03 11:00:00",58.1725856875
"2024-06-03 12:00:00",59.4351218214
"2024-06-03 13:00:00",58.94692931809999
"2024-06-03 14:00:00",59.237606402299996
"2024-06-03 15:00:00",59.93092066060001
"2024-06-03 16:00:00",61.2778604214
"2024-06-03 17:00:00",62.3287944723
"2024-06-03 18:00:00",59.41870546020001
"2024-06-03 19:00:00",62.158520356699995
"2024-06-03 20:00:00",63.7860946077
"2024-06-03 21:00:00",62.6521679237
"2024-06-03 22:00:00",61.76136649069999
"2024-06-03 23:00:00",61.995202903
"2024-06-04 00:00:00",64.3270195954
"2024-06-04 01:00:00",64.5987457926
"2024-06-04 02:00:00",65.9733402923
"2024-06-04 03:00:00",65.5339039172
"2024-06-04 04:00:00",65.0988888277
"2024-06-04 05:00:00",62.810596218300006
"2024-06-04 06:00:00",36.0330403961
"2024-06-04 07:00:00",59.2971146346
"2024-06-04 08:00:00",56.6828772211
"2024-06-04 09:00:00",52.25545884769999
"2024-06-04 10:00:00",58.154250612999995
"2024-06-04 11:00:00",58.854280374599995
"2024-06-04 12:00:00",58.17656155600001
"2024-06-04 13:00:00",58.82504953029999
"2024-06-04 14:00:00",60.219415424800005
"2024-06-04 15:00:00",60.25075281010001
"2024-06-04 16:00:00",47.9478405576
"2024-06-04 17:00:00",61.59954904490001
"2024-06-04 18:00:00",62.572337696000005
"2024-06-04 19:00:00",62.19802706720001
"2024-06-04 20:00:00",62.8131185235
"2024-06-04 21:00:00",63.94031498049999
"2024-06-04 22:00:00",62.8194847754
"2024-06-04 23:00:00",61.39023611799999
"2024-06-05 00:00:00",63.341848351399996
"2024-06-05 01:00:00",70.119500429
"2024-06-05 02:00:00",65.1779627529
"2024-06-05 03:00:00",64.9711093364
"2024-06-05 04:00:00",64.3173483113
"2024-06-05 05:00:00",62.3278359865
"2024-06-05 06:00:00",59.46152173920001
"2024-06-05 07:00:00",58.8533094377
"2024-06-05 08:00:00",59.52284545660001
"2024-06-05 09:00:00",58.1941073078
"2024-06-05 10:00:00",58.97245202180001
"2024-06-05 11:00:00",60.3443722382
"2024-06-05 12:00:00",59.0927772693
"2024-06-05 13:00:00",58.6869203601
"2024-06-05 14:00:00",57.505687807399994
"2024-06-05 15:00:00",60.24926571060001
"2024-06-05 16:00:00",61.1174138321
"2024-06-05 17:00:00",62.3093274912
"2024-06-05 18:00:00",62.5079890246
"2024-06-05 19:00:00",63.30105655999999
"2024-06-05 20:00:00",63.995262995400005
"2024-06-05 21:00:00",61.4764880542
"2024-06-05 22:00:00",63.094305732500004
"2024-06-05 23:00:00",62.0673274476
"2024-06-06 00:00:00",64.9482145347
"2024-06-06 01:00:00",61.5413126501
"2024-06-06 02:00:00",65.6198337425
"2024-06-06 03:00:00",66.5581259776
"2024-06-06 04:00:00",64.096631775
"2024-06-06 05:00:00",60.8723278698
"2024-06-06 06:00:00",60.40793244899999
"2024-06-06 07:00:00",59.1545811576
"2024-06-06 08:00:00",17.4754745753
"2024-06-06 09:00:00",23.724844806
"2024-06-06 10:00:00",58.93909300419999
"2024-06-06 11:00:00",59.4343890063
"2024-06-06 12:00:00",59.788645589000005
"2024-06-06 13:00:00",58.92666195160001
"2024-06-06 14:00:00",59.6634089688
"2024-06-06 15:00:00",59.9112360011
"2024-06-06 16:00:00",61.2551695943
"2024-06-06 17:00:00",62.7019267393
"2024-06-06 18:00:00",63.3134681167
"2024-06-06 19:00:00",62.9469030446
"2024-06-06 20:00:00",63.34042709549999
"2024-06-06 21:00:00",60.6989744916
"2024-06-06 22:00:00",60.42119065199999
"2024-06-06 23:00:00",62.8479014459
"2024-06-07 00:00:00",65.0937960256
"2024-06-07 01:00:00",68.7746188779
"2024-06-07 02:00:00",64.7119929231
"2024-06-07 03:00:00",65.4481681701
"2024-06-07 04:00:00",63.644088755999995
"2024-06-07 05:00:00",61.6132629113
"2024-06-07 06:00:00",58.61784491979999
"2024-06-07 07:00:00",59.1910765513
"2024-06-07 08:00:00",59.6572649365
"2024-06-07 09:00:00",59.83600022419999
"2024-06-07 10:00:00",58.16973492350001
"2024-06-07 11:00:00",59.6405102445
"2024-06-07 12:00:00",58.6936414068
"2024-06-07 13:00:00",59.617346819199994
"2024-06-07 14:00:00",60.2583531421
"2024-06-07 15:00:00",60.697025443
"2024-06-07 16:00:00",61.4916375894
"2024-06-07 17:00:00",62.2235192728
"2024-06-07 18:00:00",62.48118712640001
"2024-06-07 19:00:00",63.0703171625
"2024-06-07 20:00:00",62.688552425500006
"2024-06-07 21:00:00",61.788305123
"2024-06-07 22:00:00",61.117372798
"2024-06-07 23:00:00",62.8342678995
"2024-06-08 00:00:00",61.7408747659
"2024-06-08 01:00:00",66.1232003019
"2024-06-08 02:00:00",66.9614054253
"2024-06-08 03:00:00",64.1826799988
"2024-06-08 04:00:00",65.7182509755
"2024-06-08 05:00:00",66.4765757214
"2024-06-08 06:00:00",65.7428405084
"2024-06-08 07:00:00",62.35235050309999
"2024-06-08 08:00:00",60.2798713204
"2024-06-08 09:00:00",60.1924879964
"2024-06-08 10:00:00",59.8650031211
"2024-06-08 11:00:00",59.27282131650001
"2024-06-08 12:00:00",59.87884192370001
"2024-06-08 13:00:00",60.5687610341
"2024-06-08 14:00:00",60.191024434400006
"2024-06-08 15:00:00",60.057196243599996
"2024-06-08 16:00:00",61.6036307946
"2024-06-08 17:00:00",62.94070156179999
"2024-06-08 18:00:00",62.663680254199996
"2024-06-08 19:00:00",63.29714480260001
"2024-06-08 20:00:00",62.535262221900005
"2024-06-08 21:00:00",62.41688376610001
"2024-06-08 22:00:00",62.274663302499995
"2024-06-08 23:00:00",62.3565733189
"2024-06-09 00:00:00",63.3405720629
"2024-06-09 01:00:00",60.7230411073
"2024-06-09 02:00:00",64.7195765845
"2024-06-09 03:00:00",62.166227272
"2024-06-09 04:00:00",66.2638571461
"2024-06-09 05:00:00",65.0888758261
"2024-06-09 06:00:00",62.91968515840001
"2024-06-09 07:00:00",63.2255663331
"2024-06-09 08:00:00",61.9583573334
"2024-06-09 09:00:00",61.27702275779999
"2024-06-09 10:00:00",60.039045992199995
"2024-06-09 11:00:00",60.7915223974
"2024-06-09 12:00:00",59.9681282039
"2024-06-09 13:00:00",59.79148342719999
"2024-06-09 14:00:00",59.6374609231
"2024-06-09 15:00:00",60.77863322790001
"2024-06-09 16:00:00",61.037429647699994
"2024-06-09 17:00:00",62.100162503899995
"2024-06-09 18:00:00",62.79020013510001
"2024-06-09 19:00:00",62.2146732337
"2024-06-09 20:00:00",63.724291337699995
"2024-06-09 21:00:00",63.8469945849
"2024-06-09 22:00:00",61.6976972535
"2024-06-09 23:00:00",65.0409570701
"2024-06-10 00:00:00",58.8428337153
"2024-06-10 01:00:00",65.5860490937
"2024-06-10 02:00:00",63.7915275975
"2024-06-10 03:00:00",64.0154031687
"2024-06-10 04:00:00",64.0798299551
"2024-06-10 05:00:00",63.04749994339999
"2024-06-10 06:00:00",51.736266728299995
"2024-06-10 07:00:00",22.1260716593
"2024-06-10 08:00:00",59.0377629491
"2024-06-10 09:00:00",58.117828026299996
"2024-06-10 10:00:00",58.4433790156
"2024-06-10 11:00:00",59.8061876893
"2024-06-10 12:00:00",59.7922373831
"2024-06-10 13:00:00",59.60941157340001
"2024-06-10 14:00:00",58.3955537231
"2024-06-10 15:00:00",59.2310635053
"2024-06-10 16:00:00",59.56396331329999
"2024-06-10 17:00:00",61.246557666
"2024-06-10 18:00:00",62.65502430619999
"2024-06-10 19:00:00",61.451305071099995
"2024-06-10 20:00:00",62.09708451569999
"2024-06-10 21:00:00",61.8710540047
"2024-06-10 22:00:00",62.9413205518
"2024-06-10 23:00:00",65.036986292
"2024-06-11 00:00:00",57.7318477129
"2024-06-11 01:00:00",67.5844144589
"2024-06-11 02:00:00",63.930660235199994
"2024-06-11 03:00:00",64.6388471333
"2024-06-11 04:00:00",63.58928963300001
"2024-06-11 05:00:00",62.35400393809999
"2024-06-11 06:00:00",59.4641525064
"2024-06-11 07:00:00",59.231608872100004
"2024-06-11 08:00:00",58.44087104810001
"2024-06-11 09:00:00",59.049545456400004
"2024-06-11 10:00:00",59.083374719999995
"2024-06-11 11:00:00",58.3270787764
"2024-06-11 12:00:00",57.6557021856
"2024-06-11 13:00:00",58.85066030610001
"2024-06-11 14:00:00",59.6340641252
"2024-06-11 15:00:00",60.7676914114
"2024-06-11 16:00:00",61.0069401948
"2024-06-11 17:00:00",63.190956728500005
"2024-06-11 18:00:00",62.3368733158
"2024-06-11 19:00:00",61.83879834750001
"2024-06-11 20:00:00",61.416606335000004
"2024-06-11 21:00:00",62.5885790621
"2024-06-11 22:00:00",61.8548269817
"2024-06-11 23:00:00",61.4613513086
"2024-06-12 00:00:00",63.3894107845
"2024-06-12 01:00:00",70.5058472827
"2024-06-12 02:00:00",62.3539995723
"2024-06-12 03:00:00",59.84320893539999
"2024-06-12 04:00:00",62.23249858140001
"2024-06-12 05:00:00",62.38988639800001
"2024-06-12 06:00:00",59.2712704613
"2024-06-12 07:00:00",59.2689737551
"2024-06-12 08:00:00",59.2889076148
"2024-06-12 09:00:00",59.3099565678
"2024-06-12 10:00:00",59.439397273900006
"2024-06-12 11:00:00",59.4881398934
"2024-06-12 12:00:00",60.091732590099994
"2024-06-12 13:00:00",59.6709454733
"2024-06-12 14:00:00",58.1342335584
"2024-06-12 15:00:00",60.014489254699996
"2024-06-12 16:00:00",60.5301823119
"2024-06-12 17:00:00",62.404496693000006
"2024-06-12 18:00:00",62.0977382406
"2024-06-12 19:00:00",62.49734932009999
"2024-06-12 20:00:00",62.0698404753
"2024-06-12 21:00:00",62.954520218599995
"2024-06-12 22:00:00",61.967473030700006
"2024-06-12 23:00:00",66.5441591837
"2024-06-13 00:00:00",61.89590358929999
"2024-06-13 01:00:00",63.12053086169999
"2024-06-13 02:00:00",62.23868404939999
"2024-06-13 03:00:00",63.7820129518
"2024-06-13 04:00:00",63.28658062019999
"2024-06-13 05:00:00",63.364558720999995
"2024-06-13 06:00:00",60.02111113609999
"2024-06-13 07:00:00",58.51550260650001
"2024-06-13 08:00:00",60.146439737799994
"2024-06-13 09:00:00",59.657037484499995
"2024-06-13 10:00:00",58.9993701885
"2024-06-13 11:00:00",59.8824050373
"2024-06-13 12:00:00",59.348837874900006
"2024-06-13 13:00:00",58.843725252999995
"2024-06-13 14:00:00",59.8276676402
"2024-06-13 15:00:00",60.1946856778
"2024-06-13 16:00:00",60.436718053700005
"2024-06-13 17:00:00",63.1130789617
"2024-06-13 18:00:00",62.7478490812
"2024-06-13 19:00:00",62.1332700723
"2024-06-13 20:00:00",62.6748457472
"2024-06-13 21:00:00",62.61203641819999
"2024-06-13 22:00:00",60.94608947359999
"2024-06-13 23:00:00",65.6163759187
"2024-06-14 00:00:00",62.98067984789999
"2024-06-14 01:00:00",62.20361202849999
"2024-06-14 02:00:00",64.1240629571
"2024-06-14 03:00:00",63.77228851830001
"2024-06-14 04:00:00",64.1864564742
"2024-06-14 05:00:00",63.13761335459999
"2024-06-14 06:00:00",59.77370834789999
"2024-06-14 07:00:00",58.357189458700006
"2024-06-14 08:00:00",59.32215124519999
"2024-06-14 09:00:00",59.346905249500004
"2024-06-14 10:00:00",59.012620091399995
"2024-06-14 11:00:00",59.7886479582
"2024-06-14 12:00:00",58.8874009026
"2024-06-14 13:00:00",58.5308650573
"2024-06-14 14:00:00",59.41477933329999
"2024-06-14 15:00:00",59.735256380299994
"2024-06-14 16:00:00",57.587338271499995
"2024-06-14 17:00:00",27
"2024-06-14 18:00:00",61.4721426489
"2024-06-14 19:00:00",62.9849991477
"2024-06-14 20:00:00",63.1439582046
"2024-06-14 21:00:00",60.83439545760001
"2024-06-14 22:00:00",60.6085350529
"2024-06-14 23:00:00",61.52355159740001
"2024-06-15 00:00:00",60.8394541038
"2024-06-15 01:00:00",65.1749258919
"2024-06-15 02:00:00",68.0053483944
"2024-06-15 03:00:00",62.5432157733
"2024-06-15 04:00:00",62.4930161396
"2024-06-15 05:00:00",63.41413487529999
"2024-06-15 06:00:00",63.73694797649999
"2024-06-15 07:00:00",60.60167427710001
"2024-06-15 08:00:00",60.74858244749999
"2024-06-15 09:00:00",59.4641086653
"2024-06-15 10:00:00",60.341283698400005
"2024-06-15 11:00:00",60.5264581005
"2024-06-15 12:00:00",60.5077653214
"2024-06-15 13:00:00",60.7074021254
"2024-06-15 14:00:00",61.078248052
"2024-06-15 15:00:00",61.0008870731
"2024-06-15 16:00:00",61.7181890358
"2024-06-15 17:00:00",63.900535403899994
"2024-06-15 18:00:00",63.6964562141
"2024-06-15 19:00:00",63.92107348719999
"2024-06-15 20:00:00",62.459559859200006
"2024-06-15 21:00:00",64.1408632921
"2024-06-15 22:00:00",62.9928377738
"2024-06-15 23:00:00",61.40088655920001
"2024-06-16 00:00:00",63.4748252557
"2024-06-16 01:00:00",65.372471883
"2024-06-16 02:00:00",64.9700524634
"2024-06-16 03:00:00",65.7156704095
"2024-06-16 04:00:00",64.1516226418
"2024-06-16 05:00:00",65.8744873839
"2024-06-16 06:00:00",66.3395868744
"2024-06-16 07:00:00",65.1299266669
"2024-06-16 08:00:00",61.6012942076
"2024-06-16 09:00:00",62.14262898359999
"2024-06-16 10:00:00",60.9686366573
"2024-06-16 11:00:00",60.2396230684
"2024-06-16 12:00:00",60.736207541499994
"2024-06-16 13:00:00",60.9764666964
"2024-06-16 14:00:00",61.760445011
"2024-06-16 15:00:00",61.5205353436
"2024-06-16 16:00:00",62.674084344899995
"2024-06-16 17:00:00",62.539687256
"2024-06-16 18:00:00",64.1670773907
"2024-06-16 19:00:00",63.3170444183
"2024-06-16 20:00:00",63.9336025074
"2024-06-16 21:00:00",62.74652434450001
"2024-06-16 22:00:00",61.8487548307
"2024-06-16 23:00:00",62.9515716434
"2024-06-17 00:00:00",63.5790102071
"2024-06-17 01:00:00",62.3388296959
"2024-06-17 02:00:00",64.225567758
"2024-06-17 03:00:00",65.4685106987
"2024-06-17 04:00:00",65.9187534262
"2024-06-17 05:00:00",62.8701782845
"2024-06-17 06:00:00",60.1713453417
"2024-06-17 07:00:00",60.61394642559999
"2024-06-17 08:00:00",59.701106268299995
"2024-06-17 09:00:00",60.1216605753
"2024-06-17 10:00:00",59.989154041999996
"2024-06-17 11:00:00",60.115875980999995
"2024-06-17 12:00:00",59.769176179800006
"2024-06-17 13:00:00",56.3439318539
"2024-06-17 14:00:00",60.3856375557
"2024-06-17 15:00:00",60.20318337399999
"2024-06-17 16:00:00",61.1920236381
"2024-06-17 17:00:00",63.5640761994
"2024-06-17 18:00:00",62.5531677907
"2024-06-17 19:00:00",63.169972883099994
"2024-06-17 20:00:00",62.78357787000001
"2024-06-17 21:00:00",62.084082015899995
"2024-06-17 22:00:00",64.8056693603
"2024-06-17 23:00:00",65.6086151785
"2024-06-18 00:00:00",64.6193116377
"2024-06-18 01:00:00",65.298896423
"2024-06-18 02:00:00",66.0956773687
"2024-06-18 03:00:00",65.5926361078
"2024-06-18 04:00:00",64.2291564681
"2024-06-18 05:00:00",63.059328988
"2024-06-18 06:00:00",60.35143986
"2024-06-18 07:00:00",35.2263486721
"2024-06-18 08:00:00",57.8739627184
"2024-06-18 09:00:00",57.7894777524
"2024-06-18 10:00:00",58.5616508478
"2024-06-18 11:00:00",59.19119332339999
"2024-06-18 12:00:00",58.96716179980001
"2024-06-18 13:00:00",58.009910537299994
"2024-06-18 14:00:00",57.679213588299994
"2024-06-18 15:00:00",59.0183323906
"2024-06-18 16:00:00",60.2955291616
"2024-06-18 17:00:00",61.86726058040001
"2024-06-18 18:00:00",61.757820076799995
"2024-06-18 19:00:00",62.493062024000004
"2024-06-18 20:00:00",63.6662655755
"2024-06-18 21:00:00",63.7595684501
"2024-06-18 22:00:00",62.72112222279999
"2024-06-18 23:00:00",65.9059532601
"2024-06-19 00:00:00",61.4813095341
"2024-06-19 01:00:00",69.3212907036
"2024-06-19 02:00:00",68.0392291707
"2024-06-19 03:00:00",62.0440777457
"2024-06-19 04:00:00",64.9543682612
"2024-06-19 05:00:00",62.2844447433
"2024-06-19 06:00:00",58.81738690049999
"2024-06-19 07:00:00",58.1050414412
"2024-06-19 08:00:00",58.30334886799999
"2024-06-19 09:00:00",58.1820333577
"2024-06-19 10:00:00",57.5113824948
"2024-06-19 11:00:00",58.352345015
"2024-06-19 12:00:00",55.98294132069999
"2024-06-19 13:00:00",57.4527680342
"2024-06-19 14:00:00",58.3416139137
"2024-06-19 15:00:00",59.5604227211
"2024-06-19 16:00:00",59.47135374609999
"2024-06-19 17:00:00",61.015483009
"2024-06-19 18:00:00",60.6635076675
"2024-06-19 19:00:00",61.0132430465
"2024-06-19 20:00:00",61.5808473764
"2024-06-19 21:00:00",61.702390108
"2024-06-19 22:00:00",60.65738858720001
"2024-06-19 23:00:00",60.7917558268
"2024-06-20 00:00:00",61.93190225159999
"2024-06-20 01:00:00",63.75712496460001
"2024-06-20 02:00:00",64.8786332335
"2024-06-20 03:00:00",63.86864767670001
"2024-06-20 04:00:00",64.0913739742
"2024-06-20 05:00:00",62.4258609258
"2024-06-20 06:00:00",59.46608572950001
"2024-06-20 07:00:00",58.1839995901
"2024-06-20 08:00:00",58.592137748
"2024-06-20 09:00:00",56.6089292405
"2024-06-20 10:00:00",58.48717092179999
"2024-06-20 11:00:00",57.9925809982
"2024-06-20 12:00:00",57.6720806927
"2024-06-20 13:00:00",58.31503542600001
"2024-06-20 14:00:00",58.9582682176
"2024-06-20 15:00:00",59.7211843276
"2024-06-20 16:00:00",61.0191731823
"2024-06-20 17:00:00",61.7620718081
"2024-06-20 18:00:00",61.4987958689
"2024-06-20 19:00:00",60.0470041558
"2024-06-20 20:00:00",62.42163986450001
"2024-06-20 21:00:00",61.36071884159999
"2024-06-20 22:00:00",61.00494830009999
"2024-06-20 23:00:00",62.25936783350001
"2024-06-21 00:00:00",62.3122851656
"2024-06-21 01:00:00",64.3867545562
"2024-06-21 02:00:00",64.0296096043
"2024-06-21 03:00:00",63.7679319975
"2024-06-21 04:00:00",64.9517722841
"2024-06-21 05:00:00",62.609670996000006
"2024-06-21 06:00:00",59.7342648926
"2024-06-21 07:00:00",58.9569822169
"2024-06-21 08:00:00",58.49482086860001
"2024-06-21 09:00:00",57.5762404131
"2024-06-21 10:00:00",58.17823500560001
"2024-06-21 11:00:00",57.6816010561
"2024-06-21 12:00:00",57.536704094600005
"2024-06-21 13:00:00",56.8707495947
"2024-06-21 14:00:00",56.54656238
"2024-06-21 15:00:00",59.654993346
"2024-06-21 16:00:00",61.1535368613
"2024-06-21 17:00:00",61.203063888500004
"2024-06-21 18:00:00",61.966998853300005
"2024-06-21 19:00:00",62.91187983119999
"2024-06-21 20:00:00",62.34403968269999
"2024-06-21 21:00:00",61.9429659018
"2024-06-21 22:00:00",61.6180762706
"2024-06-21 23:00:00",61.9241435773
"2024-06-22 00:00:00",63.4177883881
"2024-06-22 01:00:00",68.1576959346
"2024-06-22 02:00:00",62.581787097900005
"2024-06-22 03:00:00",62.127953767799994
"2024-06-22 04:00:00",64.5300371335
"2024-06-22 05:00:00",64.3465030798
"2024-06-22 06:00:00",63.32910069329999
"2024-06-22 07:00:00",62.2301970725
"2024-06-22 08:00:00",60.25493262009999
"2024-06-22 09:00:00",60.4460920845
"2024-06-22 10:00:00",60.05122208550001
"2024-06-22 11:00:00",60.4979255531
"2024-06-22 12:00:00",59.7378634352
"2024-06-22 13:00:00",59.3657120056
"2024-06-22 14:00:00",59.5315083037
"2024-06-22 15:00:00",60.4452686613
"2024-06-22 16:00:00",60.9184622232
"2024-06-22 17:00:00",61.559106128
"2024-06-22 18:00:00",61.87982811740001
"2024-06-22 19:00:00",62.30247271809999
"2024-06-22 20:00:00",63.671321096499994
"2024-06-22 21:00:00",61.572628996300004
"2024-06-22 22:00:00",61.4880661879
"2024-06-22 23:00:00",61.56405779719999
"2024-06-23 00:00:00",64.1487950623
"2024-06-23 01:00:00",64.6525585394
"2024-06-23 02:00:00",62.25932576009999
"2024-06-23 03:00:00",62.78752969500001
"2024-06-23 04:00:00",63.332544017100005
"2024-06-23 05:00:00",66.5631167753
"2024-06-23 06:00:00",63.9371740254
"2024-06-23 07:00:00",62.018210506
"2024-06-23 08:00:00",61.752375304
"2024-06-23 09:00:00",60.26077986679999
"2024-06-23 10:00:00",60.1843473924
"2024-06-23 11:00:00",59.09881410060001
"2024-06-23 12:00:00",59.687382809300004
"2024-06-23 13:00:00",60.29283989459999
"2024-06-23 14:00:00",60.481298895200005
"2024-06-23 15:00:00",59.667213822600004
"2024-06-23 16:00:00",59.594104241299995
"2024-06-23 17:00:00",60.5984080925
"2024-06-23 18:00:00",61.213997028
"2024-06-23 19:00:00",61.3372825537
"2024-06-23 20:00:00",61.4208026015
"2024-06-23 21:00:00",63.4961229425
"2024-06-23 22:00:00",62.6185558895
"2024-06-23 23:00:00",64.4273881051
"2024-06-24 00:00:00",66.4847127985
"2024-06-24 01:00:00",61.53264058149999
"2024-06-24 02:00:00",64.8201563499
"2024-06-24 03:00:00",63.6890470591
"2024-06-24 04:00:00",64.210191646
"2024-06-24 05:00:00",62.1717513233
"2024-06-24 06:00:00",59.032351898200005
"2024-06-24 07:00:00",59.0768590454
"2024-06-24 08:00:00",57.8719145574
"2024-06-24 09:00:00",58.98960652240001
"2024-06-24 10:00:00",59.1589756553
"2024-06-24 11:00:00",58.5728714466
"2024-06-24 12:00:00",58.343330477
"2024-06-24 13:00:00",58.1856160157
"2024-06-24 14:00:00",58.1466067734
"2024-06-24 15:00:00",59.5624505426
"2024-06-24 16:00:00",60.28681323099999
"2024-06-24 17:00:00",61.4928202445
"2024-06-24 18:00:00",60.2923392826
"2024-06-24 19:00:00",61.5410326865
"2024-06-24 20:00:00",62.960027330500004
"2024-06-24 21:00:00",61.93502484489999
"2024-06-24 22:00:00",59.6116619908
"2024-06-24 23:00:00",66.4079978824
"2024-06-25 00:00:00",63.9493397777
"2024-06-25 01:00:00",60.7768578622
"2024-06-25 02:00:00",63.67245062859999
"2024-06-25 03:00:00",64.379115242
"2024-06-25 04:00:00",64.3415197767
"2024-06-25 05:00:00",61.72549986770001
"2024-06-25 06:00:00",43.9045236891
"2024-06-25 07:00:00",33.8026939334
"2024-06-25 08:00:00",57.7347474852
"2024-06-25 09:00:00",58.6172355544
"2024-06-25 10:00:00",58.147377756100006
"2024-06-25 11:00:00",51.699696640700004
"2024-06-25 12:00:00",57.2169700217
"2024-06-25 13:00:00",51.1267151686
"2024-06-25 14:00:00",58.5051092863
"2024-06-25 15:00:00",59.429424379299995
"2024-06-25 16:00:00",61.83964121950001
"2024-06-25 17:00:00",60.78822655169999
"2024-06-25 18:00:00",61.26154994809999
"2024-06-25 19:00:00",62.3321446294
"2024-06-25 20:00:00",61.075527145
"2024-06-25 21:00:00",60.5639313236
"2024-06-25 22:00:00",61.975875725099996
"2024-06-25 23:00:00",61.6315407534
"2024-06-26 00:00:00",67.8824160023
"2024-06-26 01:00:00",67.4263689869
"2024-06-26 02:00:00",64.187241939
"2024-06-26 03:00:00",65.4885901844
"2024-06-26 04:00:00",61.9973590247
"2024-06-26 05:00:00",60.91144460759999
"2024-06-26 06:00:00",57.39142791239999
"2024-06-26 07:00:00",58.985571072800006
"2024-06-26 08:00:00",59.561186801199995
"2024-06-26 09:00:00",58.82824337620001
"2024-06-26 10:00:00",57.245294994999995
"2024-06-26 11:00:00",59.184440180299994
"2024-06-26 12:00:00",57.62424906270001
"2024-06-26 13:00:00",54.9233753091
"2024-06-26 14:00:00",58.2390460454
"2024-06-26 15:00:00",59.468144783899994
"2024-06-26 16:00:00",59.7286318219
"2024-06-26 17:00:00",60.3466362007
"2024-06-26 18:00:00",61.45525297729999
"2024-06-26 19:00:00",60.4438505167
"2024-06-26 20:00:00",60.9035700302
"2024-06-26 21:00:00",59.85861413340001
"2024-06-26 22:00:00",62.46205696719999
"2024-06-26 23:00:00",61.75425683510001
"2024-06-27 00:00:00",64.2799848902
"2024-06-27 01:00:00",65.4536895753
"2024-06-27 02:00:00",65.0474213423
"2024-06-27 03:00:00",64.0435333226
"2024-06-27 04:00:00",63.89488434470001
"2024-06-27 05:00:00",62.371131250999994
"2024-06-27 06:00:00",58.18798228850001
"2024-06-27 07:00:00",45.3491304427
"2024-06-27 08:00:00",58.3357514842
"2024-06-27 09:00:00",58.44781016
"2024-06-27 10:00:00",58.1540640305
"2024-06-27 11:00:00",57.996397453200004
"2024-06-27 12:00:00",57.8176104322
"2024-06-27 13:00:00",58.204376742
"2024-06-27 14:00:00",59.018962066600004
"2024-06-27 15:00:00",58.057076832099995
"2024-06-27 16:00:00",60.9945240517
"2024-06-27 17:00:00",61.1884062333
"2024-06-27 18:00:00",60.42712040819999
"2024-06-27 19:00:00",61.2618797429
"2024-06-27 20:00:00",62.4456580123
"2024-06-27 21:00:00",60.2800367046
"2024-06-27 22:00:00",62.520778244999995
"2024-06-27 23:00:00",64.6555746301
"2024-06-28 00:00:00",64.9150510657
"2024-06-28 01:00:00",70.6729705686
"2024-06-28 02:00:00",65.2509489458
"2024-06-28 03:00:00",63.64032420230001
"2024-06-28 04:00:00",63.5433831613
"2024-06-28 05:00:00",62.25460898610001
"2024-06-28 06:00:00",58.783319519699994
"2024-06-28 07:00:00",58.9634796974
"2024-06-28 08:00:00",58.8883010486
"2024-06-28 09:00:00",56.8895441753
"2024-06-28 10:00:00",58.0840130174
"2024-06-28 11:00:00",58.756234579700006
"2024-06-28 12:00:00",58.810498365
"2024-06-28 13:00:00",59.2066171807
"2024-06-28 14:00:00",57.6715733399
"2024-06-28 15:00:00",60.70544411459999
"2024-06-28 16:00:00",59.7528495049
"2024-06-28 17:00:00",60.9443786896
"2024-06-28 18:00:00",61.7662076629
"2024-06-28 19:00:00",61.5810379574
"2024-06-28 20:00:00",62.450594469900004
"2024-06-28 21:00:00",60.1877633119
"2024-06-28 22:00:00",61.59052736190001
"2024-06-28 23:00:00",61.096459994599996
"2024-06-29 00:00:00",62.1082308302
"2024-06-29 01:00:00",67.3331765236
"2024-06-29 02:00:00",64.9556694536
"2024-06-29 03:00:00",63.71327768860001
"2024-06-29 04:00:00",63.9427794376
"2024-06-29 05:00:00",63.80964407969999
"2024-06-29 06:00:00",62.834217649
"2024-06-29 07:00:00",62.388156118699996
"2024-06-29 08:00:00",60.1034785411
"2024-06-29 09:00:00",59.57876782
"2024-06-29 10:00:00",59.976308889200006
"2024-06-29 11:00:00",58.9028477182
"2024-06-29 12:00:00",59.2694292985
"2024-06-29 13:00:00",59.59676546450001
"2024-06-29 14:00:00",59.81858987649999
"2024-06-29 15:00:00",58.809748205599995
"2024-06-29 16:00:00",59.7716315154
"2024-06-29 17:00:00",61.0477984105
"2024-06-29 18:00:00",60.1526661334
"2024-06-29 19:00:00",61.0481241705
"2024-06-29 20:00:00",60.390466784900006
"2024-06-29 21:00:00",60.13778539070001
"2024-06-29 22:00:00",61.72085986759999
"2024-06-30 00:00:00",61.88878944620001
"2024-06-30 01:00:00",59.7739485513
"2024-06-30 02:00:00",65.2117543746
"2024-06-30 03:00:00",63.5630210607
"2024-06-30 04:00:00",65.2594575523
"2024-06-30 05:00:00",65.4013422002
"2024-06-30 06:00:00",64.3773554932
"2024-06-30 07:00:00",61.792189144299996
"2024-06-30 08:00:00",60.49972212109999
"2024-06-30 09:00:00",59.8668015632
"2024-06-30 10:00:00",59.6252359867
"2024-06-30 11:00:00",58.99728975989999
"2024-06-30 12:00:00",58.8159321588
"2024-06-30 13:00:00",58.7301554962
"2024-06-30 14:00:00",60.23089336200001
"2024-06-30 15:00:00",60.5841018193
"2024-06-30 16:00:00",60.80254358009999
"2024-06-30 17:00:00",61.708562766300005
"2024-06-30 18:00:00",61.16298106410001
"2024-06-30 19:00:00",61.92360485409999
"2024-06-30 20:00:00",63.2058866372
"2024-06-30 21:00:00",62.4395402847
"2024-06-30 22:00:00",63.503325401299996
"2024-06-30 23:00:00",63.9277906963
"2024-07-01 00:00:00",62.3657923228
"2024-07-01 01:00:00",62.14127434940001
"2024-07-01 02:00:00",65.4891080023
"2024-07-01 03:00:00",65.0638478163
"2024-07-01 04:00:00",63.68871592359999
"2024-07-01 05:00:00",60.0987891104
"2024-07-01 06:00:00",58.9244811832
"2024-07-01 07:00:00",59.299151268299994
"2024-07-01 08:00:00",53.9120077186
"2024-07-01 09:00:00",57.05339279299999
"2024-07-01 10:00:00",58.65728519089999
"2024-07-01 11:00:00",58.2337553584
"2024-07-01 12:00:00",57.7876758913
"2024-07-01 13:00:00",58.4755957141
"2024-07-01 14:00:00",58.4198433707
"2024-07-01 15:00:00",59.1499342753
"2024-07-01 16:00:00",60.333019889599996
"2024-07-01 17:00:00",61.2006500368
"2024-07-01 18:00:00",62.54436760690001
"2024-07-01 19:00:00",62.6999101707
"2024-07-01 20:00:00",63.1588102194
"2024-07-01 21:00:00",60.9388973951
"2024-07-01 22:00:00",63.2465238734
"2024-07-01 23:00:00",61.1499484215
"2024-07-02 00:00:00",60.78327927290001
"2024-07-02 01:00:00",65.8582366698
"2024-07-02 02:00:00",64.0590152091
"2024-07-02 03:00:00",63.1612710757
"2024-07-02 04:00:00",63.2959234561
"2024-07-02 05:00:00",60.248313192
"2024-07-02 06:00:00",54.7305667637
"2024-07-02 07:00:00",15.158284321599998
"2024-07-02 08:00:00",58.5896281502
"2024-07-02 09:00:00",57.4968544568
"2024-07-02 10:00:00",58.5265089355
"2024-07-02 11:00:00",57.4036048975
"2024-07-02 12:00:00",58.19070674620001
"2024-07-02 13:00:00",56.2076269414
"2024-07-02 14:00:00",58.7079642385
"2024-07-02 15:00:00",58.65393585419999
"2024-07-02 16:00:00",37.5628886465
"2024-07-02 17:00:00",62.1979066535
"2024-07-02 18:00:00",63.265324497
"2024-07-02 19:00:00",63.0394468156
"2024-07-02 20:00:00",63.1424970254
"2024-07-02 21:00:00",62.523105922199996
"2024-07-02 22:00:00",61.5259293688
"2024-07-02 23:00:00",63.52315655590001