"DateTime","PZH01_MST_0055_01"
"2024-01-01 00:00:00",59.567330688700004
"2024-01-01 01:00:00",61.2034858816
"2024-01-01 02:00:00",61.720658632500005
"2024-01-01 03:00:00",62.56329192729999
"2024-01-01 04:00:00",65.1894983014
"2024-01-01 05:00:00",62.810395371999995
"2024-01-01 06:00:00",62.7541073835
"2024-01-01 07:00:00",62.31753765850001
"2024-01-01 08:00:00",59.63043878199999
"2024-01-01 09:00:00",61.504485344299994
"2024-01-01 10:00:00",61.260204123
"2024-01-01 11:00:00",61.4443857737
"2024-01-01 12:00:00",59.981861511599995
"2024-01-01 13:00:00",58.7823068077
"2024-01-01 14:00:00",59.81008787030001
"2024-01-01 15:00:00",60.3898316636
"2024-01-01 16:00:00",60.7927729339
"2024-01-01 17:00:00",62.0850037739
"2024-01-01 18:00:00",61.3090424306
"2024-01-01 19:00:00",61.992323902
"2024-01-01 20:00:00",61.596353648
"2024-01-01 21:00:00",63.67012226400001
"2024-01-01 22:00:00",63.4530802188
"2024-01-01 23:00:00",64.1762262955
"2024-01-02 00:00:00",60.99587185080001
"2024-01-02 01:00:00",68.0684813903
"2024-01-02 02:00:00",63.9313618906
"2024-01-02 03:00:00",65.2055564652
"2024-01-02 04:00:00",60.113481268099996
"2024-01-02 05:00:00",61.178725615
"2024-01-02 06:00:00",59.8270794434
"2024-01-02 07:00:00",59.3506696103
"2024-01-02 08:00:00",59.710916843599996
"2024-01-02 09:00:00",57.757567590200004
"2024-01-02 10:00:00",59.042514217
"2024-01-02 11:00:00",59.189470373400006
"2024-01-02 12:00:00",58.4183106269
"2024-01-02 13:00:00",59.6901077321
"2024-01-02 14:00:00",58.8395984884
"2024-01-02 15:00:00",59.7303169696
"2024-01-02 16:00:00",59.14839004470001
"2024-01-02 17:00:00",58.795977983700006
"2024-01-02 18:00:00",60.4292268792
"2024-01-02 19:00:00",62.5610431106
"2024-01-02 20:00:00",61.5805488263
"2024-01-02 21:00:00",62.41137305569999
"2024-01-02 22:00:00",61.79284288510001
"2024-01-02 23:00:00",61.4449411787
"2024-01-03 00:00:00",66.6143409857
"2024-01-03 01:00:00",61.295141284699994
"2024-01-03 02:00:00",63.2677906923
"2024-01-03 03:00:00",61.051970454
"2024-01-03 04:00:00",60.7971724394
"2024-01-03 05:00:00",61.544812930400006
"2024-01-03 06:00:00",58.6295811723
"2024-01-03 07:00:00",59.62451101440001
"2024-01-03 08:00:00",58.8406524345
"2024-01-03 09:00:00",59.287577096599996
"2024-01-03 10:00:00",59.13527900540001
"2024-01-03 11:00:00",59.0141591133
"2024-01-03 12:00:00",57.392712911
"2024-01-03 13:00:00",57.7900783459
"2024-01-03 14:00:00",57.6407745302
"2024-01-03 15:00:00",58.3740357216
"2024-01-03 16:00:00",57.3351923764
"2024-01-03 17:00:00",60.257241675900005
"2024-01-03 18:00:00",60.92869915679999
"2024-01-03 19:00:00",59.91555660809999
"2024-01-03 20:00:00",60.829439213300006
"2024-01-03 21:00:00",62.0941818267
"2024-01-03 22:00:00",64.7252506068
"2024-01-03 23:00:00",63.5032118064
"2024-01-04 00:00:00",64.6770140583
"2024-01-04 01:00:00",64.0241508928
"2024-01-04 02:00:00",65.7794255966
"2024-01-04 03:00:00",62.5418125138
"2024-01-04 04:00:00",61.9385370941
"2024-01-04 05:00:00",59.9458763741
"2024-01-04 06:00:00",58.35614544620001
"2024-01-04 07:00:00",59.3474108252
"2024-01-04 08:00:00",58.0546348696
"2024-01-04 09:00:00",59.23522526720001
"2024-01-04 10:00:00",57.20920330509999
"2024-01-04 11:00:00",60.1642615749
"2024-01-04 12:00:00",58.009796306999995
"2024-01-04 13:00:00",57.8591877052
"2024-01-04 14:00:00",58.9723999609
"2024-01-04 15:00:00",60.266519943999995
"2024-01-04 16:00:00",59.6649032564
"2024-01-04 17:00:00",60.8950177701
"2024-01-04 18:00:00",60.3042421994
"2024-01-04 19:00:00",62.316779133400004
"2024-01-04 20:00:00",63.3768951871
"2024-01-04 21:00:00",60.94104672619999
"2024-01-04 22:00:00",62.9673205874
"2024-01-04 23:00:00",61.424892352700006
"2024-01-05 00:00:00",62.86979932090001
"2024-01-05 01:00:00",63.93354741840001
"2024-01-05 02:00:00",63.5588984489
"2024-01-05 03:00:00",62.019718266299996
"2024-01-05 04:00:00",61.0735203801
"2024-01-05 05:00:00",60.47767230449999
"2024-01-05 06:00:00",57.8875442593
"2024-01-05 07:00:00",58.83575521489999
"2024-01-05 08:00:00",58.5406522898
"2024-01-05 09:00:00",58.111953284500004
"2024-01-05 10:00:00",58.760590545
"2024-01-05 11:00:00",60.1480655298
"2024-01-05 12:00:00",58.1465889845
"2024-01-05 13:00:00",58.3164005518
"2024-01-05 14:00:00",58.615200018
"2024-01-05 15:00:00",59.700487893399995
"2024-01-05 16:00:00",59.53167411550001
"2024-01-05 17:00:00",60.6212243912
"2024-01-05 18:00:00",60.4665196792
"2024-01-05 19:00:00",61.155062971700005
"2024-01-05 20:00:00",63.511958236599995
"2024-01-05 21:00:00",63.719263247
"2024-01-05 22:00:00",64.2565388145
"2024-01-05 23:00:00",64.3387452468
"2024-01-06 00:00:00",63.4061457265
"2024-01-06 01:00:00",62.411594031
"2024-01-06 02:00:00",68.3470318417
"2024-01-06 03:00:00",62.6414898046
"2024-01-06 04:00:00",64.8317735585
"2024-01-06 05:00:00",63.0579733918
"2024-01-06 06:00:00",61.5213511913
"2024-01-06 07:00:00",60.2273176199
"2024-01-06 08:00:00",61.22908515139999
"2024-01-06 09:00:00",60.82500216919999
"2024-01-06 10:00:00",60.2965130492
"2024-01-06 11:00:00",59.312984650999994
"2024-01-06 12:00:00",59.6126771361
"2024-01-06 13:00:00",60.09853617099999
"2024-01-06 14:00:00",59.429856324499994
"2024-01-06 15:00:00",60.0730038254
"2024-01-06 16:00:00",60.3286572443
"2024-01-06 17:00:00",61.3682536452
"2024-01-06 18:00:00",59.512343818800005
"2024-01-06 19:00:00",62.5214980265
"2024-01-06 20:00:00",62.83300668019999
"2024-01-06 21:00:00",63.86896917440001
"2024-01-06 22:00:00",63.8624788752
"2024-01-06 23:00:00",64.8461630519
"2024-01-07 00:00:00",64.8585080803
"2024-01-07 01:00:00",62.558085605
"2024-01-07 02:00:00",66.6761277218
"2024-01-07 03:00:00",68.1974550069
"2024-01-07 04:00:00",63.7783909553
"2024-01-07 05:00:00",65.13129866
"2024-01-07 06:00:00",61.829082350499995
"2024-01-07 07:00:00",62.366024606
"2024-01-07 08:00:00",61.8517677928
"2024-01-07 09:00:00",61.9653276133
"2024-01-07 10:00:00",62.16258933080001
"2024-01-07 11:00:00",61.1634597242
"2024-01-07 12:00:00",60.63411470609999
"2024-01-07 13:00:00",59.7859201129
"2024-01-07 14:00:00",59.62228214569999
"2024-01-07 15:00:00",59.1979519806
"2024-01-07 16:00:00",61.1722584768
"2024-01-07 17:00:00",61.583725284399996
"2024-01-07 18:00:00",62.4729829963
"2024-01-07 19:00:00",61.2992947016
"2024-01-07 20:00:00",62.954828622099996
"2024-01-07 21:00:00",64.5228101737
"2024-01-07 22:00:00",63.4899944315
"2024-01-07 23:00:00",65.7750030488
"2024-01-08 00:00:00",66.3762384716
"2024-01-08 01:00:00",58.7390210291
"2024-01-08 02:00:00",65.2168964846
"2024-01-08 03:00:00",65.3677341158
"2024-01-08 04:00:00",63.3800282973
"2024-01-08 05:00:00",60.792062208599994
"2024-01-08 06:00:00",59.2970738661
"2024-01-08 07:00:00",54.3564052213
"2024-01-08 08:00:00",59.3910824611
"2024-01-08 09:00:00",59.10583051969999
"2024-01-08 10:00:00",60.1705764835
"2024-01-08 11:00:00",60.3258370213
"2024-01-08 12:00:00",58.26943580649999
"2024-01-08 13:00:00",59.0397037389
"2024-01-08 14:00:00",58.7994781587
"2024-01-08 15:00:00",59.8221837534
"2024-01-08 16:00:00",59.8292509964
"2024-01-08 17:00:00",59.9403878776
"2024-01-08 18:00:00",60.6196441344
"2024-01-08 19:00:00",61.7529084859
"2024-01-08 20:00:00",62.336110346
"2024-01-08 21:00:00",62.720699836
"2024-01-08 22:00:00",66.2893526007
"2024-01-08 23:00:00",66.1291746608
"2024-01-09 00:00:00",64.4760877032
"2024-01-09 01:00:00",62.9050233464
"2024-01-09 02:00:00",65.4567462451
"2024-01-09 03:00:00",61.5300368683
"2024-01-09 04:00:00",63.0140825333
"2024-01-09 05:00:00",60.32699877190001
"2024-01-09 06:00:00",58.484797418499994
"2024-01-09 07:00:00",56.9245394187
"2024-01-09 08:00:00",60.2379823416
"2024-01-09 09:00:00",58.9915784275
"2024-01-09 10:00:00",59.22563967800001
"2024-01-09 11:00:00",59.34817684210001
"2024-01-09 12:00:00",57.437966319
"2024-01-09 13:00:00",57.8534066501
"2024-01-09 14:00:00",59.00696443639999
"2024-01-09 15:00:00",58.8493846387
"2024-01-09 16:00:00",59.000588726000004
"2024-01-09 17:00:00",60.9379523372
"2024-01-09 18:00:00",60.1240601488
"2024-01-09 19:00:00",62.5116732
"2024-01-09 20:00:00",62.8468383303
"2024-01-09 21:00:00",64.2692914349
"2024-01-09 22:00:00",64.5577674617
"2024-01-09 23:00:00",65.1009030887
"2024-01-10 00:00:00",58.7677674004
"2024-01-10 01:00:00",67.892482535
"2024-01-10 02:00:00",64.1921498884
"2024-01-10 03:00:00",62.470109797899994
"2024-01-10 04:00:00",61.68005418389999
"2024-01-10 05:00:00",60.4554584528
"2024-01-10 06:00:00",57.5169560117
"2024-01-10 07:00:00",58.2561807368
"2024-01-10 08:00:00",58.9973880775
"2024-01-10 09:00:00",59.0235767477
"2024-01-10 10:00:00",59.15283719659999
"2024-01-10 11:00:00",59.09494002430001
"2024-01-10 12:00:00",58.12989575
"2024-01-10 13:00:00",58.076523144599996
"2024-01-10 14:00:00",57.906157655499996
"2024-01-10 15:00:00",57.3761591901
"2024-01-10 16:00:00",58.8966756031
"2024-01-10 17:00:00",60.20036472529999
"2024-01-10 18:00:00",60.791795297899995
"2024-01-10 19:00:00",62.260172975100005
"2024-01-10 20:00:00",63.13938469109999
"2024-01-10 21:00:00",62.6707159234
"2024-01-10 22:00:00",63.8721758549
"2024-01-10 23:00:00",64.5101488828
"2024-01-11 00:00:00",64.5026277667
"2024-01-11 01:00:00",74.9397977702
"2024-01-11 02:00:00",63.2837665179
"2024-01-11 03:00:00",60.761751600400004
"2024-01-11 04:00:00",62.043002218299996
"2024-01-11 05:00:00",60.91237518010001
"2024-01-11 06:00:00",58.311020475
"2024-01-11 07:00:00",58.2176312026
"2024-01-11 08:00:00",57.80424582330001
"2024-01-11 09:00:00",59.655715518
"2024-01-11 10:00:00",58.0369758311
"2024-01-11 11:00:00",60.1900835504
"2024-01-11 12:00:00",58.796539421000006
"2024-01-11 13:00:00",58.7242992832
"2024-01-11 14:00:00",58.66815449399999
"2024-01-11 15:00:00",58.7494895986
"2024-01-11 16:00:00",57.8851732461
"2024-01-11 17:00:00",60.2584755501
"2024-01-11 18:00:00",59.793560007299995
"2024-01-11 19:00:00",61.97799455729999
"2024-01-11 20:00:00",62.37820878830001
"2024-01-11 21:00:00",63.1216979479
"2024-01-11 22:00:00",61.395858017399995
"2024-01-11 23:00:00",63.15806668449999
"2024-01-12 00:00:00",66.1349066239
"2024-01-12 01:00:00",57.95889205350001
"2024-01-12 02:00:00",62.46593014209999
"2024-01-12 03:00:00",62.180077640600004
"2024-01-12 04:00:00",61.8890278282
"2024-01-12 05:00:00",61.3788612905
"2024-01-12 06:00:00",55.9615298968
"2024-01-12 07:00:00",58.4776391611
"2024-01-12 08:00:00",58.6433800107
"2024-01-12 09:00:00",59.1087541439
"2024-01-12 10:00:00",57.7650996825
"2024-01-12 11:00:00",58.313715372
"2024-01-12 12:00:00",57.9133344448
"2024-01-12 13:00:00",58.70453199
"2024-01-12 14:00:00",59.381376097600004
"2024-01-12 15:00:00",59.811908277
"2024-01-12 16:00:00",59.5990777746
"2024-01-12 17:00:00",60.5261175866
"2024-01-12 18:00:00",60.615998684999994
"2024-01-12 19:00:00",61.7155896991
"2024-01-12 20:00:00",61.96634912580001
"2024-01-12 21:00:00",61.6005985101
"2024-01-12 22:00:00",62.6375310309
"2024-01-12 23:00:00",62.2181034067
"2024-01-13 00:00:00",61.98309279640001
"2024-01-13 01:00:00",62.8751891676
"2024-01-13 02:00:00",66.932360099
"2024-01-13 03:00:00",62.68150882780001
"2024-01-13 04:00:00",61.691458497999996
"2024-01-13 05:00:00",59.9884529219
"2024-01-13 06:00:00",59.6319318186
"2024-01-13 07:00:00",61.212425782900006
"2024-01-13 08:00:00",60.26675312209999
"2024-01-13 09:00:00",59.84064691449999
"2024-01-13 10:00:00",57.0552582276
"2024-01-13 11:00:00",57.9387258844
"2024-01-13 12:00:00",59.44433456019999
"2024-01-13 13:00:00",58.39139746819999
"2024-01-13 14:00:00",59.33620866630001
"2024-01-13 15:00:00",59.23581411829999
"2024-01-13 16:00:00",59.2730944381
"2024-01-13 17:00:00",59.056122004600006
"2024-01-13 18:00:00",61.1264719503
"2024-01-13 19:00:00",60.8397877417
"2024-01-13 20:00:00",61.022903764700004
"2024-01-13 21:00:00",62.3009062676
"2024-01-13 22:00:00",62.861970092
"2024-01-13 23:00:00",61.0646813219
"2024-01-14 00:00:00",63.97376823630001
"2024-01-14 01:00:00",65.7241150342
"2024-01-14 02:00:00",66.1558072043
"2024-01-14 03:00:00",62.3589589668
"2024-01-14 04:00:00",66.2772478003
"2024-01-14 05:00:00",64.2164088634
"2024-01-14 06:00:00",60.689773562700005
"2024-01-14 07:00:00",62.879161673
"2024-01-14 08:00:00",61.0145044451
"2024-01-14 09:00:00",60.684426507599994
"2024-01-14 10:00:00",59.11098404639999
"2024-01-14 11:00:00",59.90118447100001
"2024-01-14 12:00:00",59.935644147699996
"2024-01-14 13:00:00",59.9468801604
"2024-01-14 14:00:00",61.0713972655
"2024-01-14 15:00:00",60.08801898510001
"2024-01-14 16:00:00",59.642750767
"2024-01-14 17:00:00",60.9609073669
"2024-01-14 18:00:00",61.5914763905
"2024-01-14 19:00:00",60.293791911599996
"2024-01-14 20:00:00",60.64024619560001
"2024-01-14 21:00:00",62.51664260790001
"2024-01-14 22:00:00",65.3358339094
"2024-01-14 23:00:00",66.5716792153
"2024-01-15 00:00:00",60.292525364199996
"2024-01-15 01:00:00",60.436245252300004
"2024-01-15 02:00:00",59.92344074959999
"2024-01-15 03:00:00",62.45780839569999
"2024-01-15 04:00:00",62.9367298023
"2024-01-15 05:00:00",59.60665376250001
"2024-01-15 06:00:00",58.079040907700005
"2024-01-15 07:00:00",56.2726284697
"2024-01-15 08:00:00",59.2217651787
"2024-01-15 09:00:00",58.118549726999994
"2024-01-15 10:00:00",54.56359548339999
"2024-01-15 11:00:00",58.92976593019999
"2024-01-15 12:00:00",58.1287384093
"2024-01-15 13:00:00",57.2172949738
"2024-01-15 14:00:00",58.876534750299996
"2024-01-15 15:00:00",58.9878677948
"2024-01-15 16:00:00",58.0431398226
"2024-01-15 17:00:00",58.8035301918
"2024-01-15 18:00:00",60.06377976609999
"2024-01-15 19:00:00",60.3703507149
"2024-01-15 20:00:00",56.2969022205
"2024-01-15 21:00:00",59.5393457279
"2024-01-15 22:00:00",57.388487370200004
"2024-01-15 23:00:00",57.426609497
"2024-01-16 00:00:00",58.16154497480001
"2024-01-16 01:00:00",52.1792193611
"2024-01-16 02:00:00",52.7977484666
"2024-01-16 03:00:00",51.3395818943
"2024-01-16 04:00:00",53.7025420486
"2024-01-16 05:00:00",39.4365712502
"2024-01-16 06:00:00",35.916216085
"2024-01-16 07:00:00",36.7101349215
"2024-01-16 08:00:00",38.7184448712
"2024-01-16 09:00:00",42.7194511599
"2024-01-16 10:00:00",52.8173231405
"2024-01-16 11:00:00",56.6558548716
"2024-01-16 12:00:00",55.0102224931
"2024-01-16 13:00:00",56.313640444300006
"2024-01-16 14:00:00",56.4853395568
"2024-01-16 15:00:00",58.1028875403
"2024-01-16 16:00:00",57.6313613733
"2024-01-16 17:00:00",58.78383925919999
"2024-01-16 18:00:00",57.86592851519999
"2024-01-16 19:00:00",60.9028518504
"2024-01-16 20:00:00",60.74396408369999
"2024-01-16 21:00:00",61.892589137
"2024-01-16 22:00:00",63.1089304227
"2024-01-16 23:00:00",63.3283642352
"2024-01-17 00:00:00",65.9028365658
"2024-01-17 01:00:00",62.3834143676
"2024-01-17 02:00:00",65.551022241
"2024-01-17 03:00:00",58.220500133499996
"2024-01-17 04:00:00",59.2381012377
"2024-01-17 05:00:00",59.823035198
"2024-01-17 06:00:00",56.8221370374
"2024-01-17 07:00:00",58.2179732147
"2024-01-17 08:00:00",58.7273904071
"2024-01-17 09:00:00",59.0869132501
"2024-01-17 10:00:00",57.6992542579
"2024-01-17 11:00:00",59.2381015177
"2024-01-17 12:00:00",58.2940485401
"2024-01-17 13:00:00",57.0145653293
"2024-01-17 14:00:00",57.9419696219
"2024-01-17 15:00:00",59.617576480900006
"2024-01-17 16:00:00",58.177592166
"2024-01-17 17:00:00",60.60008611949999
"2024-01-17 18:00:00",59.7309176544
"2024-01-17 19:00:00",61.500416135399995
"2024-01-17 20:00:00",63.0894300765
"2024-01-17 21:00:00",62.51736241190001
"2024-01-17 22:00:00",62.147432602
"2024-01-17 23:00:00",62.955029525200004
"2024-01-18 00:00:00",62.2108286499
"2024-01-18 01:00:00",49.9223591512
"2024-01-18 02:00:00",50.1876111012
"2024-01-18 03:00:00",48.4280425056
"2024-01-18 04:00:00",48.063540741599994
"2024-01-18 05:00:00",50.5475490473
"2024-01-18 06:00:00",50.641890501
"2024-01-18 07:00:00",54.21911640570001
"2024-01-18 08:00:00",57.224287513300006
"2024-01-18 09:00:00",55.05357463
"2024-01-18 10:00:00",57.526052461999996
"2024-01-18 11:00:00",59.2655443806
"2024-01-18 12:00:00",57.3609249614
"2024-01-18 13:00:00",57.2363389975
"2024-01-18 14:00:00",56.4563612176
"2024-01-18 15:00:00",58.53153352820001
"2024-01-18 16:00:00",58.542755309
"2024-01-18 17:00:00",59.3642425131
"2024-01-18 18:00:00",59.4883204836
"2024-01-18 19:00:00",60.2005804117
"2024-01-18 20:00:00",60.569365769099996
"2024-01-18 21:00:00",61.86845921870001
"2024-01-18 22:00:00",61.4158472833
"2024-01-18 23:00:00",60.78057506639999
"2024-01-19 00:00:00",65.1011564127
"2024-01-19 01:00:00",60.655892462599994
"2024-01-19 02:00:00",60.710121622699994
"2024-01-19 03:00:00",59.229016812999994
"2024-01-19 04:00:00",59.13617547529999
"2024-01-19 05:00:00",58.782035922
"2024-01-19 06:00:00",56.88064549880001
"2024-01-19 07:00:00",56.906406996
"2024-01-19 08:00:00",57.4102610093
"2024-01-19 09:00:00",55.6767192244
"2024-01-19 10:00:00",57.754388818
"2024-01-19 11:00:00",58.28198713830001
"2024-01-19 15:00:00",57.72668039460001
"2024-01-19 16:00:00",58.01304513360001
"2024-01-19 17:00:00",59.83063733569999
"2024-01-19 18:00:00",59.75392731589999
"2024-01-19 19:00:00",61.1420128213
"2024-01-19 20:00:00",60.184037304600004
"2024-01-19 21:00:00",59.5380794295
"2024-01-19 22:00:00",60.9532597382
"2024-01-19 23:00:00",61.95487105560001
"2024-01-20 00:00:00",63.49643174959999
"2024-01-20 01:00:00",62.99927046780001
"2024-01-20 02:00:00",65.7593241692
"2024-01-20 03:00:00",57.7995794612
"2024-01-20 04:00:00",64.1575411331
"2024-01-20 05:00:00",61.0490262452
"2024-01-20 06:00:00",61.0460955964
"2024-01-20 07:00:00",60.4601631105
"2024-01-20 08:00:00",59.902888245599996
"2024-01-20 09:00:00",59.1180007911
"2024-01-20 10:00:00",59.6603215141
"2024-01-20 11:00:00",59.19768704490001
"2024-01-20 12:00:00",58.5251574467
"2024-01-20 13:00:00",58.2779825077
"2024-01-20 14:00:00",59.0513272144
"2024-01-20 15:00:00",60.3272797891
"2024-01-20 16:00:00",60.16342742519999
"2024-01-20 17:00:00",60.05332233429999
"2024-01-20 18:00:00",61.605567949
"2024-01-20 19:00:00",61.3712238756
"2024-01-20 20:00:00",63.3101151608
"2024-01-20 21:00:00",61.1509528579
"2024-01-20 22:00:00",62.4130130627
"2024-01-20 23:00:00",63.14202421819999
"2024-01-21 00:00:00",63.6420192188
"2024-01-21 01:00:00",64.8524159179
"2024-01-21 02:00:00",62.1646407646
"2024-01-21 03:00:00",66.1731359226
"2024-01-21 04:00:00",65.4083805546
"2024-01-21 05:00:00",67.0707696644
"2024-01-21 06:00:00",61.1490316599
"2024-01-21 07:00:00",61.414361785299995
"2024-01-21 08:00:00",60.4839983975
"2024-01-21 09:00:00",60.89091266540001
"2024-01-21 10:00:00",60.38850069530001
"2024-01-21 11:00:00",59.5670228898
"2024-01-21 12:00:00",59.00880260400001
"2024-01-21 13:00:00",60.04658418950001
"2024-01-21 14:00:00",60.9565879618
"2024-01-21 15:00:00",60.1952682974
"2024-01-21 16:00:00",60.8648519666
"2024-01-21 17:00:00",61.309817561100004
"2024-01-21 18:00:00",62.13014147340001
"2024-01-21 19:00:00",62.59573047359999
"2024-01-21 20:00:00",63.16955259229999
"2024-01-21 21:00:00",61.0954616714
"2024-01-21 22:00:00",63.3243594288
"2024-01-21 23:00:00",62.831459592600005
"2024-01-22 00:00:00",64.1522718122
"2024-01-22 01:00:00",57.6131247687
"2024-01-22 02:00:00",58.580073965299995
"2024-01-22 03:00:00",59.302739934899996
"2024-01-22 04:00:00",61.5629471794
"2024-01-22 05:00:00",58.37321018170001
"2024-01-22 06:00:00",56.0671389282
"2024-01-22 07:00:00",57.9105307639
"2024-01-22 08:00:00",56.36375227829999
"2024-01-22 09:00:00",57.9901341315
"2024-01-22 10:00:00",56.72875916659999
"2024-01-22 11:00:00",58.59851699119999
"2024-01-22 12:00:00",58.461733891
"2024-01-22 13:00:00",58.362223964200005
"2024-01-22 14:00:00",57.2453293387
"2024-01-22 15:00:00",58.0620275738
"2024-01-22 16:00:00",58.7795670774
"2024-01-22 17:00:00",59.233108746400006
"2024-01-22 18:00:00",60.1408402385
"2024-01-22 19:00:00",60.6137925368
"2024-01-22 20:00:00",61.77819876670001
"2024-01-22 21:00:00",62.4265641517
"2024-01-22 22:00:00",60.7869398689
"2024-01-22 23:00:00",62.1165312209
"2024-01-23 00:00:00",63.41617731910001
"2024-01-23 01:00:00",64.7810226038
"2024-01-23 02:00:00",57.5981219392
"2024-01-23 03:00:00",61.6248108262
"2024-01-23 04:00:00",60.70903593079999
"2024-01-23 05:00:00",58.6841810357
"2024-01-23 06:00:00",57.360109765900006
"2024-01-23 07:00:00",58.06943224300001
"2024-01-23 08:00:00",58.2256820228
"2024-01-23 09:00:00",55.49128431790001
"2024-01-23 10:00:00",57.5888146485
"2024-01-23 11:00:00",58.5027858686
"2024-01-23 12:00:00",57.5707761432
"2024-01-23 13:00:00",58.467975259400006
"2024-01-23 14:00:00",57.7309171949
"2024-01-23 15:00:00",58.3154672572
"2024-01-23 16:00:00",57.273001752700004
"2024-01-23 17:00:00",58.6095568592
"2024-01-23 18:00:00",58.5249722814
"2024-01-23 19:00:00",59.5466935533
"2024-01-23 20:00:00",60.3708156563
"2024-01-23 21:00:00",63.023658499599996
"2024-01-23 22:00:00",65.1850289221
"2024-01-23 23:00:00",65.5104016987
"2024-01-24 00:00:00",65.1170193993
"2024-01-24 01:00:00",61.71815418909999
"2024-01-24 02:00:00",60.5978523571
"2024-01-24 03:00:00",60.015832747
"2024-01-24 04:00:00",58.33681334250001
"2024-01-24 05:00:00",60.245987292799995
"2024-01-24 06:00:00",57.19781025540001
"2024-01-24 07:00:00",57.64064411919999
"2024-01-24 08:00:00",58.70534029409999
"2024-01-24 09:00:00",58.42709396520001
"2024-01-24 10:00:00",58.297902921600006
"2024-01-24 11:00:00",58.285430639800005
"2024-01-24 12:00:00",58.45111512340001
"2024-01-24 13:00:00",58.279492061199996
"2024-01-24 14:00:00",58.2050222043
"2024-01-24 15:00:00",59.000260000599994
"2024-01-24 16:00:00",58.598485910399994
"2024-01-24 17:00:00",58.830959460600006
"2024-01-24 18:00:00",60.290718195000004
"2024-01-24 19:00:00",60.7820526222
"2024-01-24 20:00:00",63.25235120859999
"2024-01-24 21:00:00",62.5781626712
"2024-01-24 22:00:00",64.5820497522
"2024-01-24 23:00:00",62.86991247480001
"2024-01-25 00:00:00",61.834274776600004
"2024-01-25 01:00:00",71.958147546
"2024-01-25 02:00:00",67.4694396716
"2024-01-25 03:00:00",60.661742619900004
"2024-01-25 04:00:00",61.47999982959999
"2024-01-25 05:00:00",59.8658362075
"2024-01-25 06:00:00",56.86919804229999
"2024-01-25 07:00:00",56.220239125999996
"2024-01-25 08:00:00",58.95978292510001
"2024-01-25 09:00:00",58.6831238153
"2024-01-25 10:00:00",57.97189135170001
"2024-01-25 11:00:00",58.1518079069
"2024-01-25 12:00:00",57.0349353488
"2024-01-25 13:00:00",58.3863267868
"2024-01-25 14:00:00",58.676510308
"2024-01-25 15:00:00",59.2081905939
"2024-01-25 16:00:00",58.895496995200006
"2024-01-25 17:00:00",58.20184698180001
"2024-01-25 18:00:00",59.0035438275
"2024-01-25 19:00:00",60.9687582622
"2024-01-25 20:00:00",61.4134714315
"2024-01-25 21:00:00",62.9041295491
"2024-01-25 22:00:00",62.5369241602
"2024-01-25 23:00:00",65.4445581348
"2024-01-26 00:00:00",62.8818819669
"2024-01-26 01:00:00",61.066168639999994
"2024-01-26 02:00:00",65.165039806
"2024-01-26 03:00:00",59.338197828
"2024-01-26 04:00:00",61.68930596380001
"2024-01-26 05:00:00",59.280129880100006
"2024-01-26 06:00:00",55.8730403548
"2024-01-26 07:00:00",56.498345932499994
"2024-01-26 08:00:00",58.218363349099995
"2024-01-26 09:00:00",57.90676298550001
"2024-01-26 10:00:00",59.1596811355
"2024-01-26 11:00:00",59.0627758744
"2024-01-26 12:00:00",58.96949516750001
"2024-01-26 13:00:00",58.9656595024
"2024-01-26 14:00:00",57.25835047780001
"2024-01-26 15:00:00",58.5666591899
"2024-01-26 16:00:00",57.525982582999994
"2024-01-26 17:00:00",60.252153203999995
"2024-01-26 18:00:00",60.07423076610001
"2024-01-26 19:00:00",61.416043690600006
"2024-01-26 20:00:00",61.3036321024
"2024-01-26 21:00:00",60.7530806208
"2024-01-26 22:00:00",62.5158284193
"2024-01-26 23:00:00",63.108605369500005
"2024-01-27 00:00:00",65.7385077665
"2024-01-27 01:00:00",67.7174303883
"2024-01-27 02:00:00",66.8137833438
"2024-01-27 03:00:00",64.933254507
"2024-01-27 04:00:00",62.13210309509999
"2024-01-27 05:00:00",62.1687540568
"2024-01-27 06:00:00",60.776130628800004
"2024-01-27 07:00:00",61.60594164490001
"2024-01-27 08:00:00",60.610858811499995
"2024-01-27 09:00:00",59.01023298810001
"2024-01-27 10:00:00",60.34315184150001
"2024-01-27 11:00:00",58.4603615161
"2024-01-27 12:00:00",58.50507182039999
"2024-01-27 13:00:00",58.2715961013
"2024-01-27 14:00:00",58.40064495330001
"2024-01-27 15:00:00",59.7142665049
"2024-01-27 16:00:00",60.01584231479999
"2024-01-27 17:00:00",60.19755179679999
"2024-01-27 18:00:00",60.9358307876
"2024-01-27 19:00:00",60.9134455003
"2024-01-27 20:00:00",61.4346460164
"2024-01-27 21:00:00",62.39319073869999
"2024-01-27 22:00:00",60.24030084719999
"2024-01-27 23:00:00",61.84901076970001
"2024-01-28 00:00:00",65.6570998944
"2024-01-28 01:00:00",62.196636864
"2024-01-28 02:00:00",66.0253937793
"2024-01-28 03:00:00",66.8818155176
"2024-01-28 04:00:00",68.2613675727
"2024-01-28 05:00:00",65.5531784651
"2024-01-28 06:00:00",63.27266178759999
"2024-01-28 07:00:00",62.81204974989999
"2024-01-28 08:00:00",60.86494843380001
"2024-01-28 09:00:00",60.93430832050001
"2024-01-28 10:00:00",59.93582286
"2024-01-28 11:00:00",59.1476836677
"2024-01-28 12:00:00",58.9319300177
"2024-01-28 13:00:00",59.0660305715
"2024-01-28 14:00:00",59.1745127195
"2024-01-28 15:00:00",59.5820916689
"2024-01-28 16:00:00",59.99575487
"2024-01-28 17:00:00",62.110664039599996
"2024-01-28 18:00:00",61.5152155264
"2024-01-28 19:00:00",61.67837569240001
"2024-01-28 20:00:00",61.9481850397
"2024-01-28 21:00:00",62.394773615400005
"2024-01-28 22:00:00",63.28465993639999
"2024-01-28 23:00:00",64.5672720397
"2024-01-29 00:00:00",64.8894772189
"2024-01-29 01:00:00",60.435776004900006
"2024-01-29 02:00:00",62.3041093055
"2024-01-29 03:00:00",65.1280146965
"2024-01-29 04:00:00",63.41470767770001
"2024-01-29 05:00:00",60.92562427259999
"2024-01-29 06:00:00",57.0303383793
"2024-01-29 07:00:00",58.16307430450001
"2024-01-29 08:00:00",58.7184379724
"2024-01-29 09:00:00",59.287499661
"2024-01-29 10:00:00",59.4132594969
"2024-01-29 11:00:00",57.9608612332
"2024-01-29 12:00:00",57.557997080099994
"2024-01-29 13:00:00",58.2628222535
"2024-01-29 14:00:00",59.52943799519999
"2024-01-29 15:00:00",58.7405468012
"2024-01-29 16:00:00",59.8608272748
"2024-01-29 17:00:00",59.925879782
"2024-01-29 18:00:00",60.02217280859999
"2024-01-29 19:00:00",60.8189097441
"2024-01-29 20:00:00",63.0620865952
"2024-01-29 21:00:00",64.0096363537
"2024-01-29 22:00:00",65.1803234321
"2024-01-29 23:00:00",63.184439463299995
"2024-01-30 00:00:00",62.5624751473
"2024-01-30 01:00:00",64.0587975321
"2024-01-30 02:00:00",65.7553085818
"2024-01-30 03:00:00",59.95746223119999
"2024-01-30 04:00:00",62.415350112
"2024-01-30 05:00:00",59.358451656999996
"2024-01-30 06:00:00",57.65375150919999
"2024-01-30 07:00:00",57.129852550100004
"2024-01-30 08:00:00",57.5833129463
"2024-01-30 09:00:00",58.9884818086
"2024-01-30 10:00:00",56.28836042609999
"2024-01-30 11:00:00",57.69300706090001
"2024-01-30 12:00:00",56.1099578397
"2024-01-30 13:00:00",57.3278582734
"2024-01-30 14:00:00",58.915018702199994
"2024-01-30 15:00:00",59.25984670839999
"2024-01-30 16:00:00",58.9143612794
"2024-01-30 17:00:00",59.701057656900005
"2024-01-30 18:00:00",59.6851813078
"2024-01-30 19:00:00",61.97371403390001
"2024-01-30 20:00:00",62.1172606958
"2024-01-30 21:00:00",63.59591495509999
"2024-01-30 22:00:00",64.7510131694
"2024-01-30 23:00:00",64.7469609244
"2024-01-31 00:00:00",61.516535502699995
"2024-01-31 01:00:00",67.702140231
"2024-01-31 02:00:00",65.2897909593
"2024-01-31 03:00:00",61.79245597589999
"2024-01-31 04:00:00",62.4084312357
"2024-01-31 05:00:00",59.941346476499994
"2024-01-31 06:00:00",55.9088135502
"2024-01-31 07:00:00",58.1905300169
"2024-01-31 08:00:00",59.4286709975
"2024-01-31 09:00:00",58.5809046996
"2024-01-31 10:00:00",57.490456705700005
"2024-01-31 11:00:00",58.20690557399999
"2024-01-31 12:00:00",57.769418886299995
"2024-01-31 13:00:00",57.8855969681
"2024-01-31 14:00:00",59.5267522615
"2024-01-31 15:00:00",58.66680898919999
"2024-01-31 16:00:00",58.7154608916
"2024-01-31 17:00:00",59.809405741300004
"2024-01-31 18:00:00",59.37401007270001
"2024-01-31 19:00:00",61.278369977100006
"2024-01-31 20:00:00",61.3173895871
"2024-01-31 21:00:00",61.83856168589999
"2024-01-31 22:00:00",63.482757080400006
"2024-01-31 23:00:00",61.9467723705
"2024-02-01 00:00:00",63.5422868421
"2024-02-01 01:00:00",61.7234510167
"2024-02-01 02:00:00",63.60751351519999
"2024-02-01 03:00:00",60.714009849700005
"2024-02-01 04:00:00",62.038605584699994
"2024-02-01 05:00:00",60.007231631500005
"2024-02-01 06:00:00",57.90428648019999
"2024-02-01 07:00:00",57.234383212
"2024-02-01 08:00:00",58.3589551559
"2024-02-01 09:00:00",58.866951689900006
"2024-02-01 10:00:00",56.6441217756
"2024-02-01 11:00:00",59.42930726960001
"2024-02-01 12:00:00",57.5539737658
"2024-02-01 13:00:00",55.011543475900005
"2024-02-01 14:00:00",58.5010030284
"2024-02-01 15:00:00",60.0924324046
"2024-02-01 16:00:00",59.1220260534
"2024-02-01 17:00:00",59.7925215864
"2024-02-01 18:00:00",60.0295403258
"2024-02-01 19:00:00",61.136806811700005
"2024-02-01 20:00:00",62.4375488135
"2024-02-01 21:00:00",63.4803226196
"2024-02-01 22:00:00",62.736862284500006
"2024-02-01 23:00:00",65.7240297652
"2024-02-02 00:00:00",63.063241362
"2024-02-02 01:00:00",56.6899400006
"2024-02-02 02:00:00",59.94532259569999
"2024-02-02 03:00:00",59.6454205122
"2024-02-02 04:00:00",61.8435360935
"2024-02-02 05:00:00",60.4160105005
"2024-02-02 06:00:00",56.9702308226
"2024-02-02 07:00:00",58.612529348900004
"2024-02-02 08:00:00",57.5932626923
"2024-02-02 09:00:00",53.1155679977
"2024-02-02 10:00:00",56.9761554499
"2024-02-02 11:00:00",58.47738529890001
"2024-02-02 12:00:00",58.20725645320001
"2024-02-02 13:00:00",58.3804037101
"2024-02-02 14:00:00",58.7961922887
"2024-02-02 15:00:00",58.3136551549
"2024-02-02 16:00:00",60.166854417699994
"2024-02-02 17:00:00",58.8910583196
"2024-02-02 18:00:00",60.5500162321
"2024-02-02 19:00:00",62.305216887200004
"2024-02-02 20:00:00",62.005602671400005
"2024-02-02 21:00:00",61.154854497500004
"2024-02-02 22:00:00",63.3746473608
"2024-02-02 23:00:00",63.09734538690001
"2024-02-03 00:00:00",65.2848579706
"2024-02-03 01:00:00",62.63640465609999
"2024-02-03 02:00:00",64.3626001875
"2024-02-03 03:00:00",65.010467489
"2024-02-03 04:00:00",62.5299679413
"2024-02-03 05:00:00",63.5384661614
"2024-02-03 06:00:00",60.8908216715
"2024-02-03 07:00:00",61.38357369199999
"2024-02-03 08:00:00",59.7180316764
"2024-02-03 09:00:00",58.55927936959999
"2024-02-03 10:00:00",58.876759661600005
"2024-02-03 11:00:00",58.41414690039999
"2024-02-03 12:00:00",59.2782660775
"2024-02-03 13:00:00",58.6043294125
"2024-02-03 14:00:00",58.8343272628
"2024-02-03 15:00:00",59.3287845843
"2024-02-03 16:00:00",61.2489139463
"2024-02-03 17:00:00",60.5119865043
"2024-02-03 18:00:00",59.8832916843
"2024-02-03 19:00:00",61.19526535
"2024-02-03 20:00:00",62.7781106147
"2024-02-03 21:00:00",62.612824701200005
"2024-02-03 22:00:00",59.94943686220001
"2024-02-03 23:00:00",61.4762933598
"2024-02-04 00:00:00",62.1366960941
"2024-02-04 01:00:00",64.7981322102
"2024-02-04 02:00:00",62.2987477037
"2024-02-04 03:00:00",72.0247925262
"2024-02-04 04:00:00",67.6700646303
"2024-02-04 05:00:00",61.673648952799994
"2024-02-04 06:00:00",61.6979257887
"2024-02-04 07:00:00",63.48096658749999
"2024-02-04 08:00:00",61.1032845945
"2024-02-04 09:00:00",60.6011932627
"2024-02-04 10:00:00",60.644461133
"2024-02-04 11:00:00",60.3520895404
"2024-02-04 12:00:00",59.809285055500006
"2024-02-04 13:00:00",58.34348074550001
"2024-02-04 14:00:00",60.0014867933
"2024-02-04 15:00:00",60.8103302392
"2024-02-04 16:00:00",60.937763492900004
"2024-02-04 17:00:00",59.8525464884
"2024-02-04 18:00:00",60.73729870300001
"2024-02-04 19:00:00",60.4996400706
"2024-02-04 20:00:00",63.3037463964
"2024-02-04 21:00:00",62.6392601497
"2024-02-04 22:00:00",62.3537674681
"2024-02-04 23:00:00",63.37434562760001
"2024-02-05 00:00:00",58.89681781470001
"2024-02-05 01:00:00",59.6429137863
"2024-02-05 02:00:00",64.8755534395
"2024-02-05 03:00:00",61.0446738873
"2024-02-05 04:00:00",63.4315283876
"2024-02-05 05:00:00",59.0696637223
"2024-02-05 06:00:00",59.0173946956
"2024-02-05 07:00:00",57.48927435019999
"2024-02-05 08:00:00",59.115335361999996
"2024-02-05 09:00:00",58.4481790309
"2024-02-05 10:00:00",57.5829471068
"2024-02-05 11:00:00",58.80544326180001
"2024-02-05 12:00:00",58.462214817799996
"2024-02-05 13:00:00",58.3144223999
"2024-02-05 14:00:00",59.098048116
"2024-02-05 15:00:00",58.48198058109999
"2024-02-05 16:00:00",59.82693431890001
"2024-02-05 17:00:00",60.4352277918
"2024-02-05 18:00:00",59.63022910600001
"2024-02-05 19:00:00",62.42025343900001
"2024-02-05 20:00:00",62.060646902799995
"2024-02-05 21:00:00",63.511957409400004
"2024-02-05 22:00:00",62.7413529425
"2024-02-05 23:00:00",64.3161575033
"2024-02-06 00:00:00",64.7216273782
"2024-02-06 01:00:00",57.7444666635
"2024-02-06 02:00:00",62.309845497400005
"2024-02-06 03:00:00",62.1399494844
"2024-02-06 04:00:00",61.09330692900001
"2024-02-06 05:00:00",58.8409487843
"2024-02-06 06:00:00",58.7447757981
"2024-02-06 07:00:00",58.142746822499994
"2024-02-06 08:00:00",59.1234219738
"2024-02-06 09:00:00",57.376241326
"2024-02-06 10:00:00",58.31905937250001
"2024-02-06 11:00:00",58.5094223971
"2024-02-06 12:00:00",57.2752362706
"2024-02-06 13:00:00",58.62620919999999
"2024-02-06 14:00:00",58.292597722
"2024-02-06 15:00:00",59.9617310738
"2024-02-06 16:00:00",59.930193098500006
"2024-02-06 17:00:00",58.90346486140001
"2024-02-06 18:00:00",57.877670914099994
"2024-02-06 19:00:00",59.18587915279999
"2024-02-06 20:00:00",61.5176963223
"2024-02-06 21:00:00",60.3334730065
"2024-02-06 22:00:00",61.0520120694
"2024-02-06 23:00:00",63.4125425153
"2024-02-07 00:00:00",60.69235700830001
"2024-02-07 01:00:00",61.8619349411
"2024-02-07 02:00:00",60.91274621299999
"2024-02-07 03:00:00",56.0255222851
"2024-02-07 04:00:00",62.06798311949999
"2024-02-07 05:00:00",60.6051770246
"2024-02-07 06:00:00",56.3072546775
"2024-02-07 07:00:00",59.7324489518
"2024-02-07 08:00:00",57.6816420568
"2024-02-07 09:00:00",59.19457024770001
"2024-02-07 10:00:00",57.9720771523
"2024-02-07 11:00:00",56.6620971627
"2024-02-07 12:00:00",57.8012951988
"2024-02-07 13:00:00",57.39745956630001
"2024-02-07 14:00:00",58.234847077000005
"2024-02-07 15:00:00",57.8308427997
"2024-02-07 16:00:00",60.1048589458
"2024-02-07 17:00:00",58.8737983547
"2024-02-07 18:00:00",59.638565622499996
"2024-02-07 19:00:00",61.5627831394
"2024-02-07 20:00:00",62.13083325429999
"2024-02-07 21:00:00",62.7287492996
"2024-02-07 22:00:00",62.55213281300001
"2024-02-07 23:00:00",66.5885236163
"2024-02-08 00:00:00",58.613964029099996
"2024-02-08 01:00:00",63.545532533999996
"2024-02-08 02:00:00",62.1670350346
"2024-02-08 03:00:00",63.88204066659999
"2024-02-08 04:00:00",59.7848327953
"2024-02-08 05:00:00",59.5618987585
"2024-02-08 06:00:00",58.3459249775
"2024-02-08 07:00:00",56.4516000845
"2024-02-08 08:00:00",59.3532670845
"2024-02-08 09:00:00",58.389968192299996
"2024-02-08 10:00:00",57.1184955206
"2024-02-08 11:00:00",54.8489301561
"2024-02-08 12:00:00",57.1722949493
"2024-02-08 13:00:00",56.6008135115
"2024-02-08 14:00:00",57.8426997491
"2024-02-08 15:00:00",58.671058482899994
"2024-02-08 16:00:00",58.584924513800004
"2024-02-08 17:00:00",57.9269150019
"2024-02-08 18:00:00",58.3939641468
"2024-02-08 19:00:00",60.5555884894
"2024-02-08 20:00:00",60.5832518352
"2024-02-08 21:00:00",60.7628292957
"2024-02-08 22:00:00",61.2458238647
"2024-02-08 23:00:00",61.259203090499994
"2024-02-09 00:00:00",63.4637132399
"2024-02-09 01:00:00",58.6057597574
"2024-02-09 02:00:00",61.40462285310001
"2024-02-09 03:00:00",61.0740230427
"2024-02-09 04:00:00",61.05852836460001
"2024-02-09 05:00:00",59.89933173219999
"2024-02-09 06:00:00",57.3024199988
"2024-02-09 07:00:00",56.23610487799999
"2024-02-09 08:00:00",59.3896572283
"2024-02-09 09:00:00",58.165807126400004
"2024-02-09 10:00:00",56.79447224879999
"2024-02-09 11:00:00",58.1791121608
"2024-02-09 12:00:00",57.0152997052
"2024-02-09 13:00:00",56.88745680500001
"2024-02-09 14:00:00",58.6145034795
"2024-02-09 15:00:00",57.920022183
"2024-02-09 16:00:00",55.4698800644
"2024-02-09 17:00:00",60.6143596285
"2024-02-09 18:00:00",60.2672670043
"2024-02-09 19:00:00",62.5761768019
"2024-02-09 20:00:00",61.362336989599996
"2024-02-09 21:00:00",60.4687714901
"2024-02-09 22:00:00",62.9749623624
"2024-02-09 23:00:00",63.274151449499996
"2024-02-10 00:00:00",66.0521134496
"2024-02-10 01:00:00",64.2480362681
"2024-02-10 02:00:00",63.75183869779999
"2024-02-10 03:00:00",65.6390576057
"2024-02-10 04:00:00",61.12973204699999
"2024-02-10 05:00:00",60.59729576219999
"2024-02-10 06:00:00",62.1510948823
"2024-02-10 07:00:00",62.14735282640001
"2024-02-10 08:00:00",59.98605253430001
"2024-02-10 09:00:00",59.05091430400001
"2024-02-10 10:00:00",55.0749466437
"2024-02-10 11:00:00",56.9459248457
"2024-02-10 12:00:00",59.0993362418
"2024-02-10 13:00:00",59.0005327974
"2024-02-10 14:00:00",60.32270341520001
"2024-02-10 15:00:00",60.995618292100005
"2024-02-10 16:00:00",60.8730768471
"2024-02-10 17:00:00",60.2814639822
"2024-02-10 18:00:00",61.7560478984
"2024-02-10 19:00:00",61.2126027645
"2024-02-10 20:00:00",59.5314378781
"2024-02-10 21:00:00",61.76162851229999
"2024-02-10 22:00:00",62.68673280050001
"2024-02-10 23:00:00",63.0934766909
"2024-02-11 00:00:00",65.056058008
"2024-02-11 01:00:00",61.75374009290001
"2024-02-11 02:00:00",68.1286367063
"2024-02-11 03:00:00",66.2387955927
"2024-02-11 04:00:00",61.77209405280001
"2024-02-11 05:00:00",62.8445465474
"2024-02-11 06:00:00",58.3660744889
"2024-02-11 07:00:00",60.3655814133
"2024-02-11 08:00:00",60.771108843
"2024-02-11 09:00:00",59.80193200920001
"2024-02-11 10:00:00",59.8070197369
"2024-02-11 11:00:00",59.60746834310001
"2024-02-11 12:00:00",59.0750382849
"2024-02-11 13:00:00",59.756974904
"2024-02-11 14:00:00",58.58474725370001
"2024-02-11 15:00:00",60.3809532495
"2024-02-11 16:00:00",61.070861959000005
"2024-02-11 17:00:00",59.8971279563
"2024-02-11 18:00:00",61.9517615643
"2024-02-11 19:00:00",60.32420623720001
"2024-02-11 20:00:00",59.7641533619
"2024-02-11 21:00:00",64.4397852769
"2024-02-11 22:00:00",62.307964733199995
"2024-02-11 23:00:00",62.0434466136
"2024-02-12 00:00:00",65.2945251324
"2024-02-12 01:00:00",64.2073011723
"2024-02-12 02:00:00",62.35726126520001
"2024-02-12 03:00:00",61.303551979299996
"2024-02-12 04:00:00",62.5119724218
"2024-02-12 05:00:00",59.013010507900006
"2024-02-12 06:00:00",58.5630931797
"2024-02-12 07:00:00",56.3767439497
"2024-02-12 08:00:00",58.8672388989
"2024-02-12 09:00:00",55.80774573989999
"2024-02-12 10:00:00",58.9329997483
"2024-02-12 11:00:00",58.8772186736
"2024-02-12 12:00:00",58.11848722010001
"2024-02-12 13:00:00",56.8962608769
"2024-02-12 14:00:00",57.53187600060001
"2024-02-12 15:00:00",59.4527141228
"2024-02-12 16:00:00",59.434761314
"2024-02-12 17:00:00",60.336555
"2024-02-12 18:00:00",59.79046376210001
"2024-02-12 19:00:00",61.1847679022
"2024-02-12 20:00:00",61.68304354509999
"2024-02-12 21:00:00",61.9271935794
"2024-02-12 22:00:00",64.8668155682
"2024-02-12 23:00:00",62.2978116275
"2024-02-13 00:00:00",63.807050199600006
"2024-02-13 01:00:00",63.1284315536
"2024-02-13 02:00:00",64.4128177773
"2024-02-13 03:00:00",62.6108829103
"2024-02-13 04:00:00",59.7882219528
"2024-02-13 05:00:00",59.5956111983
"2024-02-13 06:00:00",57.09380899640001
"2024-02-13 07:00:00",58.64530944780001
"2024-02-13 08:00:00",58.391674400099994
"2024-02-13 09:00:00",57.609800648
"2024-02-13 10:00:00",57.1317436429
"2024-02-13 11:00:00",57.926990927
"2024-02-13 12:00:00",56.6967807759
"2024-02-13 13:00:00",57.56335571580001
"2024-02-13 14:00:00",58.8968456129
"2024-02-13 15:00:00",59.3883419442
"2024-02-13 16:00:00",59.7861932444
"2024-02-13 17:00:00",60.3508644933
"2024-02-13 18:00:00",59.15829220490001
"2024-02-13 19:00:00",59.6560800302
"2024-02-13 20:00:00",60.8700833011
"2024-02-13 21:00:00",61.8910368155
"2024-02-13 22:00:00",62.2181617389
"2024-02-13 23:00:00",62.49665256000001
"2024-02-14 00:00:00",61.948964534800005
"2024-02-14 01:00:00",62.025907212
"2024-02-14 02:00:00",64.7124505171
"2024-02-14 03:00:00",58.80834226939999
"2024-02-14 04:00:00",57.5919728678
"2024-02-14 05:00:00",59.1698670731
"2024-02-14 06:00:00",58.1227126181
"2024-02-14 07:00:00",57.1857802555
"2024-02-14 08:00:00",57.31845023959999
"2024-02-14 09:00:00",57.023692075
"2024-02-14 10:00:00",56.8970997949
"2024-02-14 11:00:00",58.07964424960001
"2024-02-14 12:00:00",56.30526662249999
"2024-02-14 13:00:00",57.00148893650001
"2024-02-14 14:00:00",56.5988114873
"2024-02-14 15:00:00",58.8780900608
"2024-02-14 16:00:00",59.4359604137
"2024-02-14 17:00:00",58.9159480572
"2024-02-14 18:00:00",59.8814596369
"2024-02-14 19:00:00",60.609891247600004
"2024-02-14 20:00:00",61.9616427327
"2024-02-14 21:00:00",61.0595606727
"2024-02-14 22:00:00",63.8477173627
"2024-02-14 23:00:00",63.66721251680001
"2024-02-15 00:00:00",58.6237426113
"2024-02-15 01:00:00",63.71715022069999
"2024-02-15 02:00:00",67.9110359071
"2024-02-15 03:00:00",58.8163839719
"2024-02-15 04:00:00",61.7682581361
"2024-02-15 05:00:00",58.9489903537
"2024-02-15 06:00:00",56.2615008482
"2024-02-15 07:00:00",57.4911730545
"2024-02-15 08:00:00",58.034297925900006
"2024-02-15 09:00:00",50.9161656681
"2024-02-15 10:00:00",57.463189103800005
"2024-02-15 11:00:00",57.365094927799994
"2024-02-15 12:00:00",56.51231396899999
"2024-02-15 13:00:00",55.6176049909
"2024-02-15 14:00:00",58.55343069
"2024-02-15 15:00:00",53.2374765403
"2024-02-15 16:00:00",60.00593907929999
"2024-02-15 17:00:00",59.7218047679
"2024-02-15 18:00:00",59.252320576900004
"2024-02-15 19:00:00",60.721674075799996
"2024-02-15 20:00:00",61.2544904271
"2024-02-15 21:00:00",65.0620275408
"2024-02-15 22:00:00",64.0516729099
"2024-02-15 23:00:00",62.8140236668
"2024-02-16 00:00:00",65.9184845314
"2024-02-16 01:00:00",59.8939870067
"2024-02-16 02:00:00",66.0185488149
"2024-02-16 03:00:00",63.80460366559999
"2024-02-16 04:00:00",60.107020972499996
"2024-02-16 05:00:00",60.34484754489999
"2024-02-16 06:00:00",59.48679714730001
"2024-02-16 07:00:00",57.5124236457
"2024-02-16 08:00:00",56.79138314080001
"2024-02-16 09:00:00",57.5899973294
"2024-02-16 10:00:00",57.9390444016
"2024-02-16 11:00:00",57.5873349118
"2024-02-16 12:00:00",56.101546556399995
"2024-02-16 13:00:00",57.1633294041
"2024-02-16 14:00:00",56.845429513999996
"2024-02-16 15:00:00",59.3536537004
"2024-02-16 16:00:00",60.1946124505
"2024-02-16 17:00:00",59.75809977030001
"2024-02-16 18:00:00",59.59971808780001
"2024-02-16 19:00:00",60.7177065282
"2024-02-16 20:00:00",61.55960859379999
"2024-02-16 21:00:00",60.9448659785
"2024-02-16 22:00:00",62.9367639221
"2024-02-16 23:00:00",63.05331565249999
"2024-02-17 00:00:00",67.0487082194
"2024-02-17 01:00:00",64.3381904811
"2024-02-17 02:00:00",63.48982921459999
"2024-02-17 03:00:00",68.9978070653
"2024-02-17 04:00:00",62.77093775329999
"2024-02-17 05:00:00",62.226232293299994
"2024-02-17 06:00:00",61.567776141
"2024-02-17 07:00:00",61.224455941600006
"2024-02-17 08:00:00",59.5897784469
"2024-02-17 09:00:00",59.0427110474
"2024-02-17 10:00:00",58.3494414499
"2024-02-17 11:00:00",58.5767576889
"2024-02-17 12:00:00",58.8790055142
"2024-02-17 13:00:00",57.9488179776
"2024-02-17 14:00:00",58.724104953
"2024-02-17 15:00:00",59.5711769501
"2024-02-17 16:00:00",60.5399305159
"2024-02-17 17:00:00",61.3444398918
"2024-02-17 18:00:00",57.8753395583
"2024-02-17 19:00:00",60.668016813899996
"2024-02-17 20:00:00",61.02083920380001
"2024-02-17 21:00:00",61.89154118530001
"2024-02-17 22:00:00",62.3036717399
"2024-02-17 23:00:00",64.535197751
"2024-02-18 00:00:00",64.1037490124
"2024-02-18 01:00:00",59.4530810132
"2024-02-18 02:00:00",60.48816953450001
"2024-02-18 03:00:00",59.902459193000006
"2024-02-18 04:00:00",63.04335131900001
"2024-02-18 05:00:00",62.9377163367
"2024-02-18 06:00:00",61.0756001813
"2024-02-18 07:00:00",60.8308468568
"2024-02-18 08:00:00",60.26492701430001
"2024-02-18 09:00:00",59.3347220607
"2024-02-18 10:00:00",60.286866569999994
"2024-02-18 11:00:00",59.0766005757
"2024-02-18 12:00:00",59.2769573312
"2024-02-18 13:00:00",59.635285392
"2024-02-18 14:00:00",61.06155546410001
"2024-02-18 15:00:00",60.7104065437
"2024-02-18 16:00:00",60.69547153469999
"2024-02-18 17:00:00",60.01398012640001
"2024-02-18 18:00:00",61.53214401360001
"2024-02-18 19:00:00",61.5011941633
"2024-02-18 20:00:00",62.620982067300005
"2024-02-18 21:00:00",60.2716164323
"2024-02-18 22:00:00",62.301219800000005
"2024-02-18 23:00:00",61.4540001339
"2024-02-19 00:00:00",64.1568475746
"2024-02-19 01:00:00",63.0904111537
"2024-02-19 02:00:00",65.8168719126
"2024-02-19 03:00:00",60.40005751260001
"2024-02-19 04:00:00",60.8716407864
"2024-02-19 05:00:00",59.9627401096
"2024-02-19 06:00:00",58.4006789073
"2024-02-19 07:00:00",57.29313559919999
"2024-02-19 08:00:00",58.0752957153
"2024-02-19 09:00:00",58.434264304600006
"2024-02-19 10:00:00",58.68784071099999
"2024-02-19 11:00:00",56.4867484347
"2024-02-19 12:00:00",54.1213658459
"2024-02-19 13:00:00",56.7124806101
"2024-02-19 14:00:00",57.2349446527
"2024-02-19 15:00:00",58.9707609489
"2024-02-19 16:00:00",59.7246078701
"2024-02-19 17:00:00",59.9369034444
"2024-02-19 18:00:00",61.2721270226
"2024-02-19 19:00:00",60.5980734783
"2024-02-19 20:00:00",60.883699586
"2024-02-19 21:00:00",62.15502083290001
"2024-02-19 22:00:00",64.0738793257
"2024-02-19 23:00:00",62.4540099332
"2024-02-20 00:00:00",57.95087737179999
"2024-02-20 01:00:00",61.6187358079
"2024-02-20 02:00:00",64.3014518924
"2024-02-20 03:00:00",63.2405048729
"2024-02-20 04:00:00",61.5175482124
"2024-02-20 05:00:00",59.161535814
"2024-02-20 06:00:00",58.7134204827
"2024-02-20 07:00:00",58.2919025161
"2024-02-20 08:00:00",57.3729573561
"2024-02-20 09:00:00",58.17039696369999
"2024-02-20 10:00:00",57.82438706690001
"2024-02-20 11:00:00",57.65510020509999
"2024-02-20 12:00:00",57.1367156164
"2024-02-20 13:00:00",56.9575962455
"2024-02-20 14:00:00",58.99736701719999
"2024-02-20 15:00:00",59.923801975
"2024-02-20 16:00:00",59.5559221177
"2024-02-20 17:00:00",59.9584090216
"2024-02-20 18:00:00",58.841714355899995
"2024-02-20 19:00:00",60.76516725510001
"2024-02-20 20:00:00",60.556626905399995
"2024-02-20 21:00:00",61.220190885200005
"2024-02-20 22:00:00",62.97203807299999
"2024-02-20 23:00:00",64.0807171019
"2024-02-21 00:00:00",58.7928296823
"2024-02-21 01:00:00",59.3233417602
"2024-02-21 02:00:00",68.1309226933
"2024-02-21 03:00:00",62.417540442299995
"2024-02-21 04:00:00",61.483170719499995
"2024-02-21 05:00:00",60.7333151708
"2024-02-21 06:00:00",57.9389378274
"2024-02-21 07:00:00",57.9639291905
"2024-02-21 08:00:00",58.90064864099999
"2024-02-21 09:00:00",57.9522419189
"2024-02-21 10:00:00",57.8690850876
"2024-02-21 11:00:00",56.864499943700004
"2024-02-21 12:00:00",56.0419781501
"2024-02-21 13:00:00",57.2226751205
"2024-02-21 14:00:00",57.226138453199994
"2024-02-21 15:00:00",58.447308314900006
"2024-02-21 16:00:00",58.3952909543
"2024-02-21 17:00:00",58.4673973406
"2024-02-21 18:00:00",59.356423521
"2024-02-21 19:00:00",60.282873741699994
"2024-02-21 20:00:00",60.20913176239999
"2024-02-21 21:00:00",60.613853697500005
"2024-02-21 22:00:00",61.866715453699996
"2024-02-21 23:00:00",62.09597326990001
"2024-02-22 00:00:00",59.6555723514
"2024-02-22 01:00:00",60.1124709553
"2024-02-22 02:00:00",60.22562133950001
"2024-02-22 03:00:00",59.57204779039999
"2024-02-22 04:00:00",61.3498340369
"2024-02-22 05:00:00",58.6168832804
"2024-02-22 06:00:00",59.0776983929
"2024-02-22 07:00:00",58.3110808286
"2024-02-22 08:00:00",58.5091750149
"2024-02-22 09:00:00",58.4157861065
"2024-02-22 10:00:00",58.8358201324
"2024-02-22 11:00:00",59.1696117728
"2024-02-22 12:00:00",57.90623615759999
"2024-02-22 13:00:00",57.803251624400005
"2024-02-22 14:00:00",57.96846961979999
"2024-02-22 15:00:00",59.423952152
"2024-02-22 16:00:00",59.0084262821
"2024-02-22 17:00:00",59.27701821230001
"2024-02-22 18:00:00",57.993346717899996
"2024-02-22 19:00:00",60.993000515999995
"2024-02-22 20:00:00",60.577848422799995
"2024-02-22 21:00:00",62.693912597600004
"2024-02-22 22:00:00",60.05977584560001
"2024-02-22 23:00:00",60.850064529
"2024-02-23 00:00:00",63.02563729100001
"2024-02-23 01:00:00",60.6379174914
"2024-02-23 02:00:00",61.33262058399999
"2024-02-23 03:00:00",60.92677115320001
"2024-02-23 04:00:00",60.3066807851
"2024-02-23 05:00:00",59.9431835379
"2024-02-23 06:00:00",57.4734793014
"2024-02-23 07:00:00",58.285453367799995
"2024-02-23 08:00:00",58.67711186099999
"2024-02-23 09:00:00",57.4049656297
"2024-02-23 10:00:00",57.05145078670001
"2024-02-23 11:00:00",57.5676950389
"2024-02-23 12:00:00",57.2129601557
"2024-02-23 13:00:00",56.765585630299995
"2024-02-23 14:00:00",56.829001279299995
"2024-02-23 15:00:00",57.9612346472
"2024-02-23 16:00:00",60.01417875759999
"2024-02-23 17:00:00",59.6832910377
"2024-02-23 18:00:00",60.4880193056
"2024-02-23 19:00:00",61.0972188356
"2024-02-23 20:00:00",61.3477306837
"2024-02-23 21:00:00",60.3996552179
"2024-02-23 22:00:00",63.381009907499994
"2024-02-23 23:00:00",63.70447960119999
"2024-02-24 00:00:00",62.6593047786
"2024-02-24 01:00:00",63.5059420434
"2024-02-24 02:00:00",64.2340790117
"2024-02-24 03:00:00",62.654545149099995
"2024-02-24 04:00:00",59.41774801679999
"2024-02-24 05:00:00",62.791481783100004
"2024-02-24 06:00:00",61.8900853118
"2024-02-24 07:00:00",61.639235364
"2024-02-24 08:00:00",60.2484157397
"2024-02-24 09:00:00",58.33999894550001
"2024-02-24 10:00:00",58.71958018029999
"2024-02-24 11:00:00",58.4502248308
"2024-02-24 12:00:00",58.68448485369999
"2024-02-24 13:00:00",58.2594420521
"2024-02-24 14:00:00",59.4100673451
"2024-02-24 15:00:00",60.13119900339999
"2024-02-24 16:00:00",60.6132018982
"2024-02-24 17:00:00",59.7940715885
"2024-02-24 18:00:00",60.3516692968
"2024-02-24 19:00:00",61.2190360579
"2024-02-24 20:00:00",57.5460485117
"2024-02-24 21:00:00",60.06902463019999
"2024-02-24 22:00:00",61.179249432
"2024-02-24 23:00:00",61.1125275041
"2024-02-25 00:00:00",63.619317929500006
"2024-02-25 01:00:00",64.033022313
"2024-02-25 02:00:00",63.081530561200005
"2024-02-25 03:00:00",67.9664814584
"2024-02-25 04:00:00",64.4556166954
"2024-02-25 05:00:00",62.3565080623
"2024-02-25 06:00:00",60.470120072899995
"2024-02-25 07:00:00",59.73579638039999
"2024-02-25 08:00:00",61.1506976979
"2024-02-25 09:00:00",59.3555426155
"2024-02-25 10:00:00",59.769232530400004
"2024-02-25 11:00:00",58.209625942100004
"2024-02-25 12:00:00",57.5769024964
"2024-02-25 13:00:00",59.030758083200006
"2024-02-25 14:00:00",59.4319860176
"2024-02-25 15:00:00",59.37287281839999
"2024-02-25 16:00:00",60.9149934876
"2024-02-25 17:00:00",60.784984995600006
"2024-02-25 18:00:00",60.8919010791
"2024-02-25 19:00:00",59.8537892045
"2024-02-25 20:00:00",61.9482704582
"2024-02-25 21:00:00",64.0246825749
"2024-02-25 22:00:00",63.1869104093
"2024-02-25 23:00:00",66.126968541
"2024-02-26 00:00:00",64.7716870254
"2024-02-26 01:00:00",64.2506232691
"2024-02-26 02:00:00",67.7557952144
"2024-02-26 03:00:00",61.5210263538
"2024-02-26 04:00:00",61.2377875789
"2024-02-26 05:00:00",61.633708242599994
"2024-02-26 06:00:00",58.0080829127
"2024-02-26 07:00:00",58.6290416585
"2024-02-26 08:00:00",58.2856101919
"2024-02-26 09:00:00",58.4175734355
"2024-02-26 10:00:00",59.20853837040001
"2024-02-26 11:00:00",58.9539775722
"2024-02-26 12:00:00",58.5449371557
"2024-02-26 13:00:00",59.6846219807
"2024-02-26 14:00:00",58.5742364701
"2024-02-26 15:00:00",60.92831979
"2024-02-26 16:00:00",60.486756830999994
"2024-02-26 17:00:00",61.1944074858
"2024-02-26 18:00:00",60.51196576310001
"2024-02-26 19:00:00",62.46865039760001
"2024-02-26 20:00:00",62.392618193299995
"2024-02-26 21:00:00",63.0280445354
"2024-02-26 22:00:00",64.0877292782
"2024-02-26 23:00:00",62.0237828664
"2024-02-27 00:00:00",59.62778349850001
"2024-02-27 01:00:00",64.9097149072
"2024-02-27 02:00:00",62.4560095047
"2024-02-27 03:00:00",63.6266249424
"2024-02-27 04:00:00",59.869659535
"2024-02-27 05:00:00",60.8650469659
"2024-02-27 06:00:00",59.4705028237
"2024-02-27 07:00:00",58.95630516250001
"2024-02-27 08:00:00",58.2878026492
"2024-02-27 09:00:00",58.6877476638
"2024-02-27 10:00:00",59.3468474025
"2024-02-27 11:00:00",59.0437971908
"2024-02-27 12:00:00",59.6352921927
"2024-02-27 13:00:00",58.3181897601
"2024-02-27 14:00:00",58.7895936685
"2024-02-27 15:00:00",59.960566517699995
"2024-02-27 16:00:00",60.47890085449999
"2024-02-27 17:00:00",59.72597971089999
"2024-02-27 18:00:00",59.52865693919999
"2024-02-27 19:00:00",60.1564896822
"2024-02-27 20:00:00",62.242466356899996
"2024-02-27 21:00:00",63.073266974899994
"2024-02-27 22:00:00",64.7985153136
"2024-02-27 23:00:00",64.0342022082
"2024-02-28 00:00:00",64.2956481751
"2024-02-28 01:00:00",65.2795301354
"2024-02-28 02:00:00",64.7896946012
"2024-02-28 03:00:00",63.79995085629999
"2024-02-28 04:00:00",57.6395718091
"2024-02-28 05:00:00",60.60968274599999
"2024-02-28 06:00:00",59.7949880397
"2024-02-28 07:00:00",56.5555599191
"2024-02-28 08:00:00",58.3410387496
"2024-02-28 09:00:00",57.3524840149
"2024-02-28 10:00:00",58.149424907500006
"2024-02-28 11:00:00",57.440381177800006
"2024-02-28 12:00:00",58.0022053737
"2024-02-28 13:00:00",55.5049405222
"2024-02-28 14:00:00",57.0936291232
"2024-02-28 15:00:00",59.563318202599994
"2024-02-28 16:00:00",60.13555767430001
"2024-02-28 17:00:00",59.5106944026
"2024-02-28 18:00:00",59.1652088074
"2024-02-28 19:00:00",61.6842602042
"2024-02-28 20:00:00",61.860999584
"2024-02-28 21:00:00",62.46025861439999
"2024-02-28 22:00:00",63.0647416009
"2024-02-28 23:00:00",65.2354485381
"2024-02-29 00:00:00",57.8076549344
"2024-02-29 01:00:00",70.4164031223
"2024-02-29 02:00:00",68.316338821
"2024-02-29 03:00:00",60.707226490400004
"2024-02-29 04:00:00",60.94688348950001
"2024-02-29 05:00:00",60.433521857799995
"2024-02-29 06:00:00",59.1303129248
"2024-02-29 07:00:00",57.40108392949999
"2024-02-29 08:00:00",58.30759616870001
"2024-02-29 09:00:00",57.17024842259999
"2024-02-29 10:00:00",57.3433242677
"2024-02-29 11:00:00",58.4194789878
"2024-02-29 12:00:00",58.579766272700006
"2024-02-29 13:00:00",57.16854004300001
"2024-02-29 14:00:00",58.4292369531
"2024-02-29 15:00:00",59.18137071470001
"2024-02-29 16:00:00",60.16713852829999
"2024-02-29 17:00:00",59.8849177882
"2024-02-29 18:00:00",59.2196387169
"2024-02-29 19:00:00",60.32577729079999
"2024-02-29 20:00:00",61.9181274703
"2024-02-29 21:00:00",61.807475473500006
"2024-02-29 22:00:00",62.4883732672
"2024-02-29 23:00:00",65.5193926326
"2024-03-01 00:00:00",60.9515672137
"2024-03-01 01:00:00",57.4981043235
"2024-03-01 02:00:00",65.7857478167
"2024-03-01 03:00:00",62.2634868051
"2024-03-01 04:00:00",59.82941384149999
"2024-03-01 05:00:00",60.3601100456
"2024-03-01 06:00:00",59.0783107875
"2024-03-01 07:00:00",59.4904812474
"2024-03-01 08:00:00",57.1144819131
"2024-03-01 09:00:00",57.3400632383
"2024-03-01 10:00:00",58.0406037815
"2024-03-01 11:00:00",58.9310194424
"2024-03-01 12:00:00",57.806951457
"2024-03-01 13:00:00",57.5906204539
"2024-03-01 14:00:00",58.621638337700006
"2024-03-01 15:00:00",57.920813514100004
"2024-03-01 16:00:00",60.30992760219999
"2024-03-01 17:00:00",60.1563001013
"2024-03-01 18:00:00",58.7585977093
"2024-03-01 19:00:00",58.42751176979999
"2024-03-01 20:00:00",60.943907301799996
"2024-03-01 21:00:00",61.0213422806
"2024-03-01 22:00:00",62.16257659960001
"2024-03-01 23:00:00",61.068452366
"2024-03-02 00:00:00",61.027537787499995
"2024-03-02 01:00:00",65.2240341222
"2024-03-02 02:00:00",62.235686515199994
"2024-03-02 03:00:00",62.79772525720001
"2024-03-02 04:00:00",63.8829161026
"2024-03-02 05:00:00",63.6465973495
"2024-03-02 06:00:00",61.7758993777
"2024-03-02 07:00:00",61.632713790500006
"2024-03-02 08:00:00",60.09405153739999
"2024-03-02 09:00:00",60.2226586873
"2024-03-02 10:00:00",59.0809777659
"2024-03-02 11:00:00",58.6174599406
"2024-03-02 12:00:00",59.2662733734
"2024-03-02 13:00:00",57.79273478950001
"2024-03-02 14:00:00",58.5642049696
"2024-03-02 15:00:00",60.0550668263
"2024-03-02 16:00:00",61.181320344199996
"2024-03-02 17:00:00",61.6113781066
"2024-03-02 18:00:00",60.3655249723
"2024-03-02 19:00:00",60.84614388269999
"2024-03-02 20:00:00",61.69256739659999
"2024-03-02 21:00:00",62.09620055309999
"2024-03-02 22:00:00",62.85013199739999
"2024-03-02 23:00:00",63.8367313356
"2024-03-03 00:00:00",61.957946928599995
"2024-03-03 01:00:00",64.2633097273
"2024-03-03 02:00:00",64.9261615263
"2024-03-03 03:00:00",67.0225040563
"2024-03-03 04:00:00",65.2685439808
"2024-03-03 05:00:00",65.2187801602
"2024-03-03 06:00:00",63.0421982641
"2024-03-03 07:00:00",61.75398807
"2024-03-03 08:00:00",60.7386832609
"2024-03-03 09:00:00",60.8518943526
"2024-03-03 10:00:00",59.597628592
"2024-03-03 11:00:00",58.8183783036
"2024-03-03 12:00:00",58.355898986599996
"2024-03-03 13:00:00",58.9424088062
"2024-03-03 14:00:00",59.0388479068
"2024-03-03 15:00:00",59.496281976000006
"2024-03-03 16:00:00",60.29980406490001
"2024-03-03 17:00:00",60.935776591599996
"2024-03-03 18:00:00",60.6188293254
"2024-03-03 19:00:00",61.45329049749999
"2024-03-03 20:00:00",62.09651611799999
"2024-03-03 21:00:00",63.3254623498
"2024-03-03 22:00:00",62.89829931709999
"2024-03-03 23:00:00",60.8503071452
"2024-03-04 00:00:00",64.951309909
"2024-03-04 01:00:00",63.6616442802
"2024-03-04 02:00:00",66.4233835972
"2024-03-04 03:00:00",64.7053430929
"2024-03-04 04:00:00",60.4478182624
"2024-03-04 05:00:00",60.422090990399994
"2024-03-04 06:00:00",58.5682876811
"2024-03-04 07:00:00",57.7404515552
"2024-03-04 08:00:00",58.8161733422
"2024-03-04 09:00:00",57.013024026299995
"2024-03-04 10:00:00",57.7591295849
"2024-03-04 11:00:00",58.99679059580001
"2024-03-04 12:00:00",56.134208773
"2024-03-04 13:00:00",58.5085316655
"2024-03-04 14:00:00",58.8205251497
"2024-03-04 15:00:00",59.1154778369
"2024-03-04 16:00:00",60.0165092246
"2024-03-04 17:00:00",59.97597082530001
"2024-03-04 18:00:00",60.1238845085
"2024-03-04 19:00:00",60.528218285
"2024-03-04 20:00:00",63.1824993367
"2024-03-04 21:00:00",63.0268600935
"2024-03-04 22:00:00",65.0152735821
"2024-03-04 23:00:00",62.294442823
"2024-03-05 00:00:00",64.1581083976
"2024-03-05 01:00:00",64.9660335505
"2024-03-05 02:00:00",58.65964454529999
"2024-03-05 03:00:00",63.6001240371
"2024-03-05 04:00:00",62.91953779189999
"2024-03-05 05:00:00",61.453874053499995
"2024-03-05 06:00:00",59.2903280271
"2024-03-05 07:00:00",57.222369570800005
"2024-03-05 08:00:00",52.2094125149
"2024-03-05 09:00:00",58.8866498955
"2024-03-05 10:00:00",56.8899917812
"2024-03-05 11:00:00",56.0855703796
"2024-03-05 12:00:00",55.866384897299994
"2024-03-05 13:00:00",56.3798506611
"2024-03-05 14:00:00",57.24284175030001
"2024-03-05 15:00:00",59.5467181566
"2024-03-05 16:00:00",59.7754915309
"2024-03-05 17:00:00",60.33005061490001
"2024-03-05 18:00:00",60.1011248099
"2024-03-05 19:00:00",62.5172207574
"2024-03-05 20:00:00",62.6876305724
"2024-03-05 21:00:00",64.1864217281
"2024-03-05 22:00:00",63.37796884459999
"2024-03-05 23:00:00",62.857987164300006
"2024-03-06 00:00:00",63.001580349799994
"2024-03-06 01:00:00",61.63217723460001
"2024-03-06 02:00:00",62.4085950629
"2024-03-06 03:00:00",66.3411336885
"2024-03-06 04:00:00",63.82776006710001
"2024-03-06 05:00:00",60.5669160063
"2024-03-06 06:00:00",57.2202543966
"2024-03-06 07:00:00",58.2152154422
"2024-03-06 08:00:00",56.8356299916
"2024-03-06 09:00:00",59.1240713998
"2024-03-06 10:00:00",59.0303086868
"2024-03-06 11:00:00",56.9517423236
"2024-03-06 12:00:00",56.7417917789
"2024-03-06 13:00:00",57.416457707700005
"2024-03-06 14:00:00",57.5591965583
"2024-03-06 15:00:00",59.10017322429999
"2024-03-06 16:00:00",59.5685768693
"2024-03-06 17:00:00",60.1025400859
"2024-03-06 18:00:00",59.3760667109
"2024-03-06 19:00:00",60.9600239007
"2024-03-06 20:00:00",62.95939099819999
"2024-03-06 21:00:00",62.00369110540001
"2024-03-06 22:00:00",65.1493208216
"2024-03-06 23:00:00",64.1991155792
"2024-03-07 00:00:00",63.50785811059999
"2024-03-07 01:00:00",63.871929068600004
"2024-03-07 02:00:00",68.6081372341
"2024-03-07 03:00:00",63.96365761540001
"2024-03-07 04:00:00",61.8072976806
"2024-03-07 05:00:00",60.6592693028
"2024-03-07 06:00:00",60.2366945127
"2024-03-07 07:00:00",57.6180442274
"2024-03-07 08:00:00",56.6050496544
"2024-03-07 09:00:00",57.5655730639
"2024-03-07 10:00:00",56.7632232416
"2024-03-07 11:00:00",58.1543061421
"2024-03-07 12:00:00",58.227536846599996
"2024-03-07 13:00:00",57.1584518096
"2024-03-07 14:00:00",56.3131753755
"2024-03-07 15:00:00",59.51605661100001
"2024-03-07 16:00:00",60.18732459
"2024-03-07 17:00:00",60.94848169320001
"2024-03-07 18:00:00",59.97247936769999
"2024-03-07 19:00:00",61.7203809819
"2024-03-07 20:00:00",62.61621431169999
"2024-03-07 21:00:00",62.69186920899999
"2024-03-07 22:00:00",62.7441490495
"2024-03-07 23:00:00",61.7667214899
"2024-03-08 00:00:00",62.570617311999996
"2024-03-08 01:00:00",62.91670636269999
"2024-03-08 02:00:00",63.45813990799999
"2024-03-08 03:00:00",63.13129805269999
"2024-03-08 04:00:00",62.8894906272
"2024-03-08 05:00:00",60.661253021
"2024-03-08 06:00:00",58.9956547597
"2024-03-08 07:00:00",59.1442582472
"2024-03-08 08:00:00",58.2714269417
"2024-03-08 09:00:00",57.9078758483
"2024-03-08 10:00:00",58.88410908800001
"2024-03-08 11:00:00",57.426535533599996
"2024-03-08 12:00:00",57.61931951470001
"2024-03-08 13:00:00",57.8069228059
"2024-03-08 14:00:00",58.0798546457
"2024-03-08 15:00:00",58.71294820970001
"2024-03-08 16:00:00",60.560068664199996
"2024-03-08 17:00:00",61.0254934146
"2024-03-08 18:00:00",59.6197289957
"2024-03-08 19:00:00",61.3292643929
"2024-03-08 20:00:00",61.1890070451
"2024-03-08 21:00:00",61.7416113806
"2024-03-08 22:00:00",62.7720602364
"2024-03-08 23:00:00",63.957060608000006
"2024-03-09 00:00:00",62.88720706309999
"2024-03-09 01:00:00",64.3861411962
"2024-03-09 02:00:00",63.839761103200004
"2024-03-09 03:00:00",63.26645923800001
"2024-03-09 04:00:00",64.4645475491
"2024-03-09 05:00:00",63.25875427679999
"2024-03-09 06:00:00",61.8940192538
"2024-03-09 07:00:00",61.79215972419999
"2024-03-09 08:00:00",59.20263700640001
"2024-03-09 09:00:00",59.59133745319999
"2024-03-09 10:00:00",59.2971885446
"2024-03-09 11:00:00",59.1324900541
"2024-03-09 12:00:00",58.3300443364
"2024-03-09 13:00:00",57.84004098060001
"2024-03-09 14:00:00",58.2780219793
"2024-03-09 15:00:00",60.1339253207
"2024-03-09 16:00:00",60.4876179894
"2024-03-09 17:00:00",60.563619238499996
"2024-03-09 18:00:00",60.3032993768
"2024-03-09 19:00:00",60.05980254760001
"2024-03-09 20:00:00",61.5398349972
"2024-03-09 21:00:00",62.03132497349999
"2024-03-09 22:00:00",63.29841777119999
"2024-03-09 23:00:00",63.5952652653
"2024-03-10 00:00:00",64.9820968791
"2024-03-10 01:00:00",62.226906913899995
"2024-03-10 02:00:00",66.1854082803
"2024-03-10 03:00:00",65.6045502001
"2024-03-10 04:00:00",63.3434404041
"2024-03-10 05:00:00",65.1005940697
"2024-03-10 06:00:00",63.50263928849999
"2024-03-10 07:00:00",62.321407719599996
"2024-03-10 08:00:00",60.6405579246
"2024-03-10 09:00:00",60.79603424430001
"2024-03-10 10:00:00",58.03052404560001
"2024-03-10 11:00:00",57.950218704
"2024-03-10 12:00:00",58.4181909751
"2024-03-10 13:00:00",58.993099354799995
"2024-03-10 14:00:00",59.5790885719
"2024-03-10 15:00:00",60.51209713910001
"2024-03-10 16:00:00",60.6120421779
"2024-03-10 17:00:00",60.4112765036
"2024-03-10 18:00:00",60.577766574799995
"2024-03-10 19:00:00",61.2714211976
"2024-03-10 20:00:00",63.04097213720001
"2024-03-10 21:00:00",64.0482164686
"2024-03-10 22:00:00",63.1461777464
"2024-03-10 23:00:00",64.4937629055
"2024-03-11 00:00:00",63.19471028249999
"2024-03-11 01:00:00",66.2501134145
"2024-03-11 02:00:00",63.0992071209
"2024-03-11 03:00:00",64.3106657036
"2024-03-11 04:00:00",63.250498321100004
"2024-03-11 05:00:00",61.6665415093
"2024-03-11 06:00:00",59.9751769135
"2024-03-11 07:00:00",55.54403015290001
"2024-03-11 08:00:00",56.24835182070001
"2024-03-11 09:00:00",57.6269592447
"2024-03-11 10:00:00",57.394007265700004
"2024-03-11 11:00:00",57.249871663499995
"2024-03-11 12:00:00",57.89845114009999
"2024-03-11 13:00:00",56.5429013112
"2024-03-11 14:00:00",58.1328848884
"2024-03-11 15:00:00",58.68761186850001
"2024-03-11 16:00:00",59.29927326060001
"2024-03-11 17:00:00",60.350731380099994
"2024-03-11 18:00:00",59.05181019529999
"2024-03-11 19:00:00",61.085668196099995
"2024-03-11 20:00:00",61.93990566010001
"2024-03-11 21:00:00",62.1954496758
"2024-03-11 22:00:00",65.4279509476
"2024-03-11 23:00:00",60.3998316775
"2024-03-12 00:00:00",62.29281165279999
"2024-03-12 01:00:00",63.0160896949
"2024-03-12 02:00:00",65.2317335065
"2024-03-12 03:00:00",61.6603342823
"2024-03-12 04:00:00",60.515595171099996
"2024-03-12 05:00:00",60.76644866680001
"2024-03-12 06:00:00",58.4193085973
"2024-03-12 07:00:00",56.1313494403
"2024-03-12 08:00:00",57.2979342765
"2024-03-12 09:00:00",57.449069887700006
"2024-03-12 10:00:00",57.74604197410001
"2024-03-12 11:00:00",57.8445789338
"2024-03-12 12:00:00",56.7134607928
"2024-03-12 13:00:00",56.6703427674
"2024-03-12 14:00:00",57.058965952200005
"2024-03-12 15:00:00",58.997539285100004
"2024-03-12 16:00:00",59.9948461405
"2024-03-12 17:00:00",59.8279359383
"2024-03-12 18:00:00",58.7704533444
"2024-03-12 19:00:00",62.01823006280001
"2024-03-12 20:00:00",61.2061325575
"2024-03-12 21:00:00",62.56351541720001
"2024-03-12 22:00:00",62.36476486949999
"2024-03-12 23:00:00",64.4933932478
"2024-03-13 00:00:00",60.3002777023
"2024-03-13 01:00:00",66.7403098228
"2024-03-13 02:00:00",62.5738348
"2024-03-13 03:00:00",56.1651706349
"2024-03-13 04:00:00",60.464287431600006
"2024-03-13 05:00:00",59.0948314822
"2024-03-13 06:00:00",59.0945756255
"2024-03-13 07:00:00",57.9911574019
"2024-03-13 08:00:00",57.8161103386
"2024-03-13 09:00:00",55.2178299159
"2024-03-13 10:00:00",57.6086271994
"2024-03-13 11:00:00",57.3846187186
"2024-03-13 12:00:00",56.526532108000005
"2024-03-13 13:00:00",55.4027559054
"2024-03-13 14:00:00",56.44194664690001
"2024-03-13 15:00:00",57.984911532
"2024-03-13 16:00:00",58.5983786863
"2024-03-13 17:00:00",59.272368635099994
"2024-03-13 18:00:00",59.9637297092
"2024-03-13 19:00:00",60.804367736500005
"2024-03-13 20:00:00",62.700276409500006
"2024-03-13 21:00:00",62.26919397040001
"2024-03-13 22:00:00",65.1515430169
"2024-03-13 23:00:00",64.172248412
"2024-03-14 00:00:00",60.8845792799
"2024-03-14 01:00:00",61.582315310800006
"2024-03-14 02:00:00",70.0691880123
"2024-03-14 03:00:00",59.656659148200006
"2024-03-14 04:00:00",62.49476604849999
"2024-03-14 05:00:00",59.6893601784
"2024-03-14 06:00:00",59.4889334838
"2024-03-14 07:00:00",57.1200619172
"2024-03-14 08:00:00",56.7438239606
"2024-03-14 09:00:00",56.1124927733
"2024-03-14 10:00:00",55.760415982999994
"2024-03-14 11:00:00",55.7989039879
"2024-03-14 12:00:00",54.8170026508
"2024-03-14 13:00:00",55.66527558389999
"2024-03-14 14:00:00",56.354074603
"2024-03-14 15:00:00",57.9073931765
"2024-03-14 16:00:00",58.862424804999996
"2024-03-14 17:00:00",59.403931649300006
"2024-03-14 18:00:00",58.9668586018
"2024-03-14 19:00:00",59.6166818508
"2024-03-14 20:00:00",61.14071747810001
"2024-03-14 21:00:00",61.686034983
"2024-03-14 22:00:00",61.2301056339
"2024-03-14 23:00:00",65.027091868
"2024-03-15 00:00:00",58.806572788699995
"2024-03-15 01:00:00",59.3284408066
"2024-03-15 02:00:00",63.09433217570001
"2024-03-15 03:00:00",61.1784717631
"2024-03-15 04:00:00",59.6613527556
"2024-03-15 05:00:00",60.58337924280001
"2024-03-15 06:00:00",58.5645992781
"2024-03-15 07:00:00",57.5316072619
"2024-03-15 08:00:00",57.6549385517
"2024-03-15 09:00:00",56.829966401300005
"2024-03-15 10:00:00",56.74759299109999
"2024-03-15 11:00:00",57.1874371587
"2024-03-15 12:00:00",55.57886293340001
"2024-03-15 13:00:00",57.8289737385
"2024-03-15 14:00:00",57.091580849500005
"2024-03-15 15:00:00",54.32323311550001
"2024-03-15 16:00:00",60.22245927640001
"2024-03-15 17:00:00",59.7978788126
"2024-03-15 18:00:00",59.957156647999994
"2024-03-15 19:00:00",58.80998403160001
"2024-03-15 20:00:00",61.561203102099995
"2024-03-15 21:00:00",61.1723956501
"2024-03-15 22:00:00",63.5048054434
"2024-03-15 23:00:00",63.1536507467
"2024-03-16 00:00:00",62.6258417289
"2024-03-16 01:00:00",65.5013231042
"2024-03-16 02:00:00",63.242440406600004
"2024-03-16 03:00:00",59.521402219200006
"2024-03-16 04:00:00",59.45286432780001
"2024-03-16 05:00:00",62.2283125511
"2024-03-16 06:00:00",59.446301283
"2024-03-16 07:00:00",54.592036199599995
"2024-03-16 08:00:00",56.7926717574
"2024-03-16 09:00:00",55.57216130199999
"2024-03-16 10:00:00",54.9674295419
"2024-03-16 11:00:00",54.6113581286
"2024-03-16 12:00:00",54.471740152600006
"2024-03-16 13:00:00",53.7746001285
"2024-03-16 14:00:00",55.3401916262
"2024-03-16 15:00:00",58.08151162410001
"2024-03-16 16:00:00",60.0084162138
"2024-03-16 17:00:00",59.8314571738
"2024-03-16 18:00:00",59.8266356632
"2024-03-16 19:00:00",60.14568908489999
"2024-03-16 20:00:00",61.23459258100001
"2024-03-16 21:00:00",61.600581522999995
"2024-03-16 22:00:00",62.5811166692
"2024-03-16 23:00:00",61.2419257932
"2024-03-17 00:00:00",61.9120452633
"2024-03-17 01:00:00",61.7860721132
"2024-03-17 02:00:00",61.433991109
"2024-03-17 03:00:00",65.1776056052
"2024-03-17 04:00:00",62.5302870497
"2024-03-17 05:00:00",66.2785967639
"2024-03-17 06:00:00",59.913758429199994
"2024-03-17 07:00:00",61.4764417368
"2024-03-17 08:00:00",58.928118007500004
"2024-03-17 09:00:00",57.835224567599994
"2024-03-17 10:00:00",57.502608221600006
"2024-03-17 11:00:00",57.00045051459999
"2024-03-17 12:00:00",56.3475124816
"2024-03-17 13:00:00",56.45485367829999
"2024-03-17 14:00:00",57.6109532943
"2024-03-17 15:00:00",59.42206422190001
"2024-03-17 16:00:00",59.75185935519999
"2024-03-17 17:00:00",59.48516084
"2024-03-17 18:00:00",60.0976096718
"2024-03-17 19:00:00",60.2053055025
"2024-03-17 20:00:00",60.7357508602
"2024-03-17 21:00:00",63.2135515888
"2024-03-17 22:00:00",65.4688469269
"2024-03-17 23:00:00",61.176704931299994
"2024-03-18 00:00:00",60.61321290090001
"2024-03-18 01:00:00",61.7104953766
"2024-03-18 02:00:00",59.8622563728
"2024-03-18 03:00:00",57.64925389310001
"2024-03-18 04:00:00",62.156248292899996
"2024-03-18 05:00:00",61.0342219151
"2024-03-18 06:00:00",56.5178217775
"2024-03-18 07:00:00",58.70126086380001
"2024-03-18 08:00:00",57.82703723400001
"2024-03-18 09:00:00",57.44759911509999
"2024-03-18 10:00:00",56.530267589800005
"2024-03-18 11:00:00",56.44545745780001
"2024-03-18 12:00:00",56.6290522682
"2024-03-18 13:00:00",56.1677866088
"2024-03-18 14:00:00",56.2992169016
"2024-03-18 15:00:00",57.52429178540001
"2024-03-18 16:00:00",59.27646363840001
"2024-03-18 17:00:00",58.708340887000006
"2024-03-18 18:00:00",60.1769477131
"2024-03-18 19:00:00",61.1809002848
"2024-03-18 20:00:00",62.25837680290001
"2024-03-18 21:00:00",61.11698802990001
"2024-03-18 22:00:00",64.1925091152
"2024-03-18 23:00:00",65.2327159402
"2024-03-19 00:00:00",62.86665823799999
"2024-03-19 01:00:00",62.387173047
"2024-03-19 02:00:00",69.9512339738
"2024-03-19 03:00:00",65.4583483971
"2024-03-19 04:00:00",60.984437396400004
"2024-03-19 05:00:00",60.8083418072
"2024-03-19 06:00:00",59.362033853899995
"2024-03-19 07:00:00",58.0435787159
"2024-03-19 08:00:00",56.6295967617
"2024-03-19 09:00:00",56.46835896700001
"2024-03-19 10:00:00",55.8698824034
"2024-03-19 11:00:00",56.7722485449
"2024-03-19 12:00:00",56.0936511488
"2024-03-19 13:00:00",54.84972837770001
"2024-03-19 14:00:00",56.67933856730001
"2024-03-19 15:00:00",58.196395975
"2024-03-19 16:00:00",58.2829039487
"2024-03-19 17:00:00",58.71720705149999
"2024-03-19 18:00:00",57.8952662743
"2024-03-19 19:00:00",61.11554966789999
"2024-03-19 20:00:00",60.510398950200006
"2024-03-19 21:00:00",61.9449552244
"2024-03-19 22:00:00",66.4510722404
"2024-03-19 23:00:00",62.396249370999996
"2024-03-20 00:00:00",62.2073021641
"2024-03-20 01:00:00",70.7332153471
"2024-03-20 02:00:00",65.0953007791
"2024-03-20 03:00:00",61.602141232499996
"2024-03-20 04:00:00",61.562576944999996
"2024-03-20 05:00:00",59.6226463515
"2024-03-20 06:00:00",59.5785203567
"2024-03-20 07:00:00",58.881781183899996
"2024-03-20 08:00:00",57.9509269696
"2024-03-20 09:00:00",56.23814422649999
"2024-03-20 10:00:00",55.3192459337
"2024-03-20 11:00:00",56.8042909354
"2024-03-20 12:00:00",55.6288427009
"2024-03-20 13:00:00",55.13009682370001
"2024-03-20 14:00:00",55.36159705480001
"2024-03-20 15:00:00",58.220981568
"2024-03-20 16:00:00",59.59868943699999
"2024-03-20 17:00:00",59.879841400500005
"2024-03-20 18:00:00",58.5972849984
"2024-03-20 19:00:00",60.5734933554
"2024-03-20 20:00:00",62.052773854899996
"2024-03-20 21:00:00",60.9150609077
"2024-03-20 22:00:00",63.7943254601
"2024-03-20 23:00:00",62.279724579100005
"2024-03-21 00:00:00",63.960234706099996
"2024-03-21 01:00:00",70.1128483358
"2024-03-21 02:00:00",66.6260724697
"2024-03-21 03:00:00",63.6818118933
"2024-03-21 04:00:00",61.034511967099995
"2024-03-21 05:00:00",60.3053454333
"2024-03-21 06:00:00",55.6446841188
"2024-03-21 07:00:00",54.712717249499995
"2024-03-21 08:00:00",52.7795968826
"2024-03-21 09:00:00",52.5279760586
"2024-03-21 10:00:00",52.754906912
"2024-03-21 11:00:00",50.7162029865
"2024-03-21 12:00:00",51.8003931436
"2024-03-21 13:00:00",49.5207317519
"2024-03-21 14:00:00",50.5110044054
"2024-03-21 15:00:00",51.7394258129
"2024-03-21 16:00:00",55.04547372689999
"2024-03-21 17:00:00",56.9479742917
"2024-03-21 18:00:00",57.16483912159999
"2024-03-21 19:00:00",60.018254774
"2024-03-21 20:00:00",61.0978432997
"2024-03-21 21:00:00",62.08854547799999
"2024-03-21 22:00:00",62.8849249266
"2024-03-21 23:00:00",62.7202138332
"2024-03-22 00:00:00",62.4643945133
"2024-03-22 01:00:00",63.45481603630001
"2024-03-22 02:00:00",68.0322307709
"2024-03-22 03:00:00",60.28645602780001
"2024-03-22 04:00:00",60.1943931562
"2024-03-22 05:00:00",60.6208776403
"2024-03-22 06:00:00",57.440762875000004
"2024-03-22 07:00:00",55.0251051102
"2024-03-22 08:00:00",53.54808008650001
"2024-03-22 09:00:00",52.73795050199999
"2024-03-22 10:00:00",53.6028959829
"2024-03-22 11:00:00",53.21140432100001
"2024-03-22 12:00:00",51.7929158145
"2024-03-22 13:00:00",51.4493756699
"2024-03-22 14:00:00",49.5414375337
"2024-03-22 15:00:00",53.2928558796
"2024-03-22 16:00:00",54.1047653299
"2024-03-22 17:00:00",54.6695475339
"2024-03-22 18:00:00",56.4303090399
"2024-03-22 19:00:00",59.1068858203
"2024-03-22 20:00:00",60.47596494599999
"2024-03-22 21:00:00",60.605406327
"2024-03-22 22:00:00",63.52327548029999
"2024-03-22 23:00:00",62.942320565299994
"2024-03-23 00:00:00",61.36027601429999
"2024-03-23 01:00:00",63.2133194822
"2024-03-23 02:00:00",64.3001227343
"2024-03-23 03:00:00",61.47297451069999
"2024-03-23 04:00:00",61.0778220119
"2024-03-23 05:00:00",60.98107866130001
"2024-03-23 06:00:00",59.31915388630001
"2024-03-23 07:00:00",55.1384219271
"2024-03-23 08:00:00",52.764957706500006
"2024-03-23 09:00:00",52.6982620699
"2024-03-23 10:00:00",50.9351404823
"2024-03-23 11:00:00",49.5815009119
"2024-03-23 12:00:00",48.0798897905
"2024-03-23 13:00:00",49.9077291035
"2024-03-23 14:00:00",48.3269555379
"2024-03-23 15:00:00",50.541633267
"2024-03-23 16:00:00",53.31463825510001
"2024-03-23 17:00:00",56.715652183100005
"2024-03-23 18:00:00",58.0107857163
"2024-03-23 19:00:00",59.6929036039
"2024-03-23 20:00:00",59.565263980699996
"2024-03-23 21:00:00",59.266180141599996
"2024-03-23 22:00:00",60.06569755529999
"2024-03-23 23:00:00",61.960524346199996
"2024-03-24 00:00:00",61.98389724809999
"2024-03-24 01:00:00",60.51596154330001
"2024-03-24 02:00:00",59.65147918550001
"2024-03-24 03:00:00",64.7945493545
"2024-03-24 04:00:00",58.4955017997
"2024-03-24 05:00:00",59.2081503046
"2024-03-24 06:00:00",59.8991304057
"2024-03-24 07:00:00",54.9651873007
"2024-03-24 08:00:00",54.1799436487
"2024-03-24 09:00:00",54.202166782499994
"2024-03-24 10:00:00",52.58350270369999
"2024-03-24 11:00:00",51.09573691429999
"2024-03-24 12:00:00",50.8847828512
"2024-03-24 13:00:00",51.3032676789
"2024-03-24 14:00:00",52.8369593405
"2024-03-24 15:00:00",53.9975708528
"2024-03-24 16:00:00",56.0875825967
"2024-03-24 17:00:00",56.6395207993
"2024-03-24 18:00:00",57.3779640915
"2024-03-24 19:00:00",59.36013171620001
"2024-03-24 20:00:00",58.5623549995
"2024-03-24 21:00:00",61.0466139103
"2024-03-24 22:00:00",61.92526847980001
"2024-03-24 23:00:00",67.5304695011
"2024-03-25 00:00:00",64.3497806423
"2024-03-25 01:00:00",60.253765503
"2024-03-25 02:00:00",62.99238781670001
"2024-03-25 03:00:00",61.8532451195
"2024-03-25 04:00:00",60.907195144199996
"2024-03-25 05:00:00",59.52722565250001
"2024-03-25 06:00:00",58.30021708430001
"2024-03-25 07:00:00",56.29511320310001
"2024-03-25 08:00:00",53.848654033900004
"2024-03-25 09:00:00",53.599789188399996
"2024-03-25 10:00:00",22.724020282
"2024-03-25 11:00:00",34.3956475169
"2024-03-25 12:00:00",50.2803663148
"2024-03-25 13:00:00",47.2146159243
"2024-03-25 14:00:00",49.6207199828
"2024-03-25 15:00:00",46.2446777383
"2024-03-25 16:00:00",54.046500278
"2024-03-25 17:00:00",55.53115219840001
"2024-03-25 18:00:00",55.8252898429
"2024-03-25 19:00:00",60.662549599
"2024-03-25 20:00:00",61.423644862399996
"2024-03-25 21:00:00",61.652771501299995
"2024-03-25 22:00:00",61.05630682999999
"2024-03-25 23:00:00",62.7563838515
"2024-03-26 00:00:00",65.2150349046
"2024-03-26 01:00:00",67.9022858336
"2024-03-26 02:00:00",64.3174369942
"2024-03-26 03:00:00",62.6740197679
"2024-03-26 04:00:00",59.8422434649
"2024-03-26 05:00:00",58.5780901619
"2024-03-26 06:00:00",57.0544627922
"2024-03-26 07:00:00",53.2786069701
"2024-03-26 08:00:00",52.190762725800006
"2024-03-26 09:00:00",52.6498276396
"2024-03-26 10:00:00",50.258583777400005
"2024-03-26 11:00:00",48.8088582679
"2024-03-26 12:00:00",48.1928432998
"2024-03-26 13:00:00",47.6558187166
"2024-03-26 14:00:00",49.7077672388
"2024-03-26 15:00:00",53.1227688549
"2024-03-26 16:00:00",54.1351675697
"2024-03-26 17:00:00",56.88592466090001
"2024-03-26 18:00:00",58.679613089200004
"2024-03-26 19:00:00",59.6980342192
"2024-03-26 20:00:00",61.637647052
"2024-03-26 21:00:00",62.4387167723
"2024-03-26 22:00:00",62.6555708421
"2024-03-26 23:00:00",61.5314258534
"2024-03-27 00:00:00",61.615903505800006
"2024-03-27 01:00:00",60.4529353489
"2024-03-27 02:00:00",64.9227830309
"2024-03-27 03:00:00",59.7988896078
"2024-03-27 04:00:00",60.123824039700004
"2024-03-27 05:00:00",59.08962362270001
"2024-03-27 06:00:00",58.0255715776
"2024-03-27 07:00:00",54.658153039
"2024-03-27 08:00:00",53.1993121993
"2024-03-27 09:00:00",53.17269462800001
"2024-03-27 10:00:00",51.9696676402
"2024-03-27 11:00:00",50.2706159784
"2024-03-27 12:00:00",50.2968950911
"2024-03-27 13:00:00",49.125962223
"2024-03-27 14:00:00",50.5230125969
"2024-03-27 15:00:00",49.9226631158
"2024-03-27 16:00:00",55.6523691835
"2024-03-27 17:00:00",57.63021434509999
"2024-03-27 18:00:00",56.7857543166
"2024-03-27 19:00:00",60.92813601060001
"2024-03-27 20:00:00",59.897935796
"2024-03-27 21:00:00",61.66414198529999
"2024-03-27 22:00:00",62.0016222895
"2024-03-27 23:00:00",66.8088576115
"2024-03-28 00:00:00",61.5621040292
"2024-03-28 01:00:00",61.62670932139999
"2024-03-28 02:00:00",63.67424438130001
"2024-03-28 03:00:00",60.0742380603
"2024-03-28 04:00:00",60.98716108210001
"2024-03-28 05:00:00",59.1416776814
"2024-03-28 06:00:00",57.962275233099994
"2024-03-28 07:00:00",54.8384231358
"2024-03-28 08:00:00",53.36611640660001
"2024-03-28 09:00:00",50.8847036915
"2024-03-28 10:00:00",52.211244190399995
"2024-03-28 11:00:00",52.48229841380001
"2024-03-28 12:00:00",51.094951103099994
"2024-03-28 13:00:00",49.01298278160001
"2024-03-28 14:00:00",49.9479054634
"2024-03-28 15:00:00",49.6589192049
"2024-03-28 16:00:00",55.6121238387
"2024-03-28 17:00:00",58.0353137546
"2024-03-28 18:00:00",57.04281333689999
"2024-03-28 19:00:00",58.682628526399995
"2024-03-28 20:00:00",60.1002256643
"2024-03-28 21:00:00",59.995899447199996
"2024-03-28 22:00:00",61.25602960609999
"2024-03-28 23:00:00",60.7615628861
"2024-03-29 00:00:00",59.191665805899994
"2024-03-29 01:00:00",60.202175996099996
"2024-03-29 02:00:00",64.0485379582
"2024-03-29 03:00:00",60.702414752699994
"2024-03-29 04:00:00",59.36769911059999
"2024-03-29 05:00:00",59.6811367139
"2024-03-29 06:00:00",58.1847307223
"2024-03-29 07:00:00",56.06181877979999
"2024-03-29 08:00:00",53.7090108436
"2024-03-29 09:00:00",52.903553328799994
"2024-03-29 10:00:00",50.76655217799999
"2024-03-29 11:00:00",14.318787519500003
"2024-03-29 12:00:00",48.0380504079
"2024-03-29 13:00:00",47.2058476564
"2024-03-29 14:00:00",30.7853086576
"2024-03-29 15:00:00",39.4867399727
"2024-03-29 16:00:00",50.7887441272
"2024-03-29 17:00:00",52.004490269399994
"2024-03-29 18:00:00",55.99399357219999
"2024-03-29 19:00:00",59.318467735599995
"2024-03-29 20:00:00",60.139683074699995
"2024-03-29 21:00:00",61.5081910984
"2024-03-29 22:00:00",62.00408843259999
"2024-03-29 23:00:00",61.654241191100006
"2024-03-30 00:00:00",61.886193875800004
"2024-03-30 01:00:00",58.3163811442
"2024-03-30 02:00:00",58.65017877430001
"2024-03-30 03:00:00",63.5030320472
"2024-03-30 04:00:00",58.44605777110001
"2024-03-30 05:00:00",58.3070099099
"2024-03-30 06:00:00",56.6157887421
"2024-03-30 07:00:00",54.8224008605
"2024-03-30 08:00:00",53.46088196459999
"2024-03-30 09:00:00",52.2945566624
"2024-03-30 10:00:00",49.2497844886
"2024-03-30 11:00:00",24.9261205024
"2024-03-30 12:00:00",12.2770518397
"2024-03-30 13:00:00",40.5659227231
"2024-03-30 14:00:00",48.7333623763
"2024-03-30 15:00:00",48.5639947729
"2024-03-30 16:00:00",51.578958492
"2024-03-30 17:00:00",52.7065986985
"2024-03-30 18:00:00",57.4015569723
"2024-03-30 19:00:00",58.72139446880001
"2024-03-30 20:00:00",61.19135508160001
"2024-03-30 21:00:00",60.5731412955
"2024-03-30 22:00:00",60.866944054099996
"2024-03-30 23:00:00",67
"2024-03-31 00:00:00",65.7312989953
"2024-03-31 02:00:00",64.243132235
"2024-03-31 03:00:00",65.5938714056
"2024-03-31 04:00:00",59.10846862780001
"2024-03-31 05:00:00",59.9429101892
"2024-03-31 06:00:00",55.656094788999994
"2024-03-31 07:00:00",54.2217259598
"2024-03-31 08:00:00",49.8068925041
"2024-03-31 09:00:00",49.804487357899994
"2024-03-31 10:00:00",51.666036596
"2024-03-31 11:00:00",8.4320704493
"2024-03-31 12:00:00",5.4445945846
"2024-03-31 13:00:00",6.0711611245
"2024-03-31 14:00:00",6.084564083
"2024-03-31 15:00:00",7.678407593700001
"2024-03-31 16:00:00",45.1949278309
"2024-03-31 17:00:00",46.6359294458
"2024-03-31 18:00:00",53.9924711036
"2024-03-31 19:00:00",57.030597019199995
"2024-03-31 20:00:00",59.8837262996
"2024-03-31 21:00:00",60.174303146899994
"2024-03-31 22:00:00",61.466462679
"2024-03-31 23:00:00",62.293785355299995
"2024-04-01 00:00:00",61.6365350499
"2024-04-01 01:00:00",65.7497358536
"2024-04-01 02:00:00",61.34114365780001
"2024-04-01 03:00:00",58.548001985800006
"2024-04-01 04:00:00",61.5366787306
"2024-04-01 05:00:00",60.513003395000005
"2024-04-01 06:00:00",58.31659199170001
"2024-04-01 07:00:00",54.536331029
"2024-04-01 08:00:00",52.3736724099
"2024-04-01 09:00:00",51.8158676079
"2024-04-01 10:00:00",17.1191620737
"2024-04-01 11:00:00",9.1575339087
"2024-04-01 12:00:00",26.737952987500005
"2024-04-01 13:00:00",45.4370931179
"2024-04-01 14:00:00",46.8078510557
"2024-04-01 15:00:00",47.7695058814
"2024-04-01 16:00:00",50.6263262039
"2024-04-01 17:00:00",54.788623128000005
"2024-04-01 18:00:00",57.6949395785
"2024-04-01 19:00:00",59.56785580889999
"2024-04-01 20:00:00",60.1016291511
"2024-04-01 21:00:00",62.88181612849999
"2024-04-01 22:00:00",62.736798250499994
"2024-04-01 23:00:00",63.34851866839999
"2024-04-02 00:00:00",64.9442403134
"2024-04-02 01:00:00",66.0130842592
"2024-04-02 02:00:00",61.76129808040001
"2024-04-02 03:00:00",59.2693861484
"2024-04-02 04:00:00",60.531392314600005
"2024-04-02 05:00:00",58.6124904048
"2024-04-02 06:00:00",55.9404422137
"2024-04-02 07:00:00",54.8624565432
"2024-04-02 08:00:00",53.692487618600005
"2024-04-02 09:00:00",52.38713037410001
"2024-04-02 10:00:00",54.19467194020001
"2024-04-02 11:00:00",50.9846470279
"2024-04-02 12:00:00",46.6223200078
"2024-04-02 13:00:00",48.5340489759
"2024-04-02 14:00:00",46.9919117889
"2024-04-02 15:00:00",49.4324580769
"2024-04-02 16:00:00",52.179858239999994
"2024-04-02 17:00:00",54.84766210830001
"2024-04-02 18:00:00",56.4048409913
"2024-04-02 19:00:00",58.09975688
"2024-04-02 20:00:00",60.799748001
"2024-04-02 21:00:00",60.5660698284
"2024-04-02 22:00:00",61.239496735
"2024-04-02 23:00:00",62.5048311934
"2024-04-03 00:00:00",60.45420493950001
"2024-04-03 01:00:00",59.726393196500005
"2024-04-03 02:00:00",61.8956930414
"2024-04-03 03:00:00",61.5899605568
"2024-04-03 04:00:00",58.410397098199994
"2024-04-03 05:00:00",56.4730230379
"2024-04-03 06:00:00",56.111561484000006
"2024-04-03 07:00:00",55.8988236061
"2024-04-03 08:00:00",53.8703030548
"2024-04-03 09:00:00",53.4086529493
"2024-04-03 10:00:00",51.64952402230001
"2024-04-03 11:00:00",52.3154955682
"2024-04-03 12:00:00",51.5500996987
"2024-04-03 13:00:00",49.465519823
"2024-04-03 14:00:00",51.0338569094
"2024-04-03 15:00:00",48.7216933699
"2024-04-03 16:00:00",54.17891109
"2024-04-03 17:00:00",55.6639459369
"2024-04-03 18:00:00",57.73219562479999
"2024-04-03 19:00:00",59.100612675300006
"2024-04-03 20:00:00",60.0419201875
"2024-04-03 21:00:00",60.64934753629999
"2024-04-03 22:00:00",61.386062632
"2024-04-03 23:00:00",59.6247967808
"2024-04-04 00:00:00",58.9491023209
"2024-04-04 01:00:00",65.1036809369
"2024-04-04 02:00:00",63.633925598400005
"2024-04-04 03:00:00",60.05226998719999
"2024-04-04 04:00:00",60.61705370619999
"2024-04-04 05:00:00",58.4254943398
"2024-04-04 06:00:00",56.281634990700006
"2024-04-04 07:00:00",55.4510314321
"2024-04-04 08:00:00",53.1071764071
"2024-04-04 09:00:00",52.6442757036
"2024-04-04 10:00:00",52.66705504200001
"2024-04-04 11:00:00",52.4335408411
"2024-04-04 12:00:00",52.2190111974
"2024-04-04 13:00:00",50.8614668432
"2024-04-04 14:00:00",50.571827560900005
"2024-04-04 15:00:00",50.8921091077
"2024-04-04 16:00:00",53.809564504099995
"2024-04-04 17:00:00",55.2740014835
"2024-04-04 18:00:00",58.4897640663
"2024-04-04 19:00:00",57.8919930657
"2024-04-04 20:00:00",59.4572405859
"2024-04-04 21:00:00",61.4439653503
"2024-04-04 22:00:00",62.8307546515
"2024-04-04 23:00:00",61.8904368018
"2024-04-05 00:00:00",63.9924097692
"2024-04-05 01:00:00",57.17965274760001
"2024-04-05 02:00:00",64.6936611391
"2024-04-05 03:00:00",59.1431841352
"2024-04-05 04:00:00",60.6101220204
"2024-04-05 05:00:00",59.4489020022
"2024-04-05 06:00:00",56.28124089960001
"2024-04-05 07:00:00",55.04420088119999
"2024-04-05 08:00:00",49.6260428569
"2024-04-05 09:00:00",48.35325836359999
"2024-04-05 10:00:00",47.81761383909999
"2024-04-05 11:00:00",26.959066577
"2024-04-05 12:00:00",50.8935101737
"2024-04-05 13:00:00",52.4282905476
"2024-04-05 14:00:00",49.7775031899
"2024-04-05 15:00:00",49.5087526888
"2024-04-05 16:00:00",52.290661907600004
"2024-04-05 17:00:00",55.30185672630001
"2024-04-05 18:00:00",56.3400898952
"2024-04-05 19:00:00",58.08496461239999
"2024-04-05 20:00:00",60.64262132319999
"2024-04-05 21:00:00",60.88499982799999
"2024-04-05 22:00:00",61.500842636499996
"2024-04-05 23:00:00",63.053270657400006
"2024-04-06 00:00:00",62.7857045831
"2024-04-06 01:00:00",64.5874606664
"2024-04-06 02:00:00",64.6858292588
"2024-04-06 03:00:00",62.27131853600001
"2024-04-06 04:00:00",63.10345452779999
"2024-04-06 05:00:00",58.827383847300005
"2024-04-06 06:00:00",54.2735319904
"2024-04-06 07:00:00",55.0244274469
"2024-04-06 08:00:00",32.217815664
"2024-04-06 09:00:00",8.1049846208
"2024-04-06 10:00:00",11.3030174805
"2024-04-06 11:00:00",5.776645615299999
"2024-04-06 12:00:00",47.18415516209999
"2024-04-06 13:00:00",44.8360771511
"2024-04-06 14:00:00",6.1080222652
"2024-04-06 15:00:00",6.504000520100001
"2024-04-06 16:00:00",9.0192469742
"2024-04-06 17:00:00",32.8101119286
"2024-04-06 18:00:00",51.688844713799995
"2024-04-06 19:00:00",57.66982835750001
"2024-04-06 20:00:00",59.8699821098
"2024-04-06 21:00:00",60.20998496749999
"2024-04-06 22:00:00",58.9172877919
"2024-04-06 23:00:00",60.469109895500004
"2024-04-07 00:00:00",62.847978077
"2024-04-07 01:00:00",60.5389370643
"2024-04-07 02:00:00",60.9489753198
"2024-04-07 03:00:00",66.378668396
"2024-04-07 04:00:00",64.6903068975
"2024-04-07 05:00:00",60.5700715189
"2024-04-07 06:00:00",57.1846865735
"2024-04-07 07:00:00",54.7620531729
"2024-04-07 08:00:00",50.9332252425
"2024-04-07 09:00:00",44.6267500208
"2024-04-07 10:00:00",10.6782897772
"2024-04-07 11:00:00",9.4273699686
"2024-04-07 12:00:00",5.9189390308
"2024-04-07 13:00:00",6.2718335553
"2024-04-07 14:00:00",17.0174351413
"2024-04-07 15:00:00",47.9577564779
"2024-04-07 16:00:00",47.3668425752
"2024-04-07 17:00:00",52.8626000892
"2024-04-07 18:00:00",54.6368459829
"2024-04-07 19:00:00",58.817530065599996
"2024-04-07 20:00:00",61.6045111855
"2024-04-07 21:00:00",63.322360281
"2024-04-07 22:00:00",62.6270552894
"2024-04-07 23:00:00",63.062217537
"2024-04-08 00:00:00",59.9770994546
"2024-04-08 01:00:00",66.1340089405
"2024-04-08 02:00:00",66.9415783047
"2024-04-08 03:00:00",61.17384503540001
"2024-04-08 04:00:00",61.1429638424
"2024-04-08 05:00:00",59.081237013
"2024-04-08 06:00:00",57.7458344938
"2024-04-08 07:00:00",53.1546106184
"2024-04-08 08:00:00",52.7883897231
"2024-04-08 09:00:00",51.6224096831
"2024-04-08 10:00:00",52.0358746173
"2024-04-08 11:00:00",50.3015296243
"2024-04-08 12:00:00",48.9265708087
"2024-04-08 13:00:00",48.3239577353
"2024-04-08 14:00:00",48.8220982968
"2024-04-08 15:00:00",50.771101369
"2024-04-08 16:00:00",53.809909415999996
"2024-04-08 17:00:00",55.1595217498
"2024-04-08 18:00:00",56.2216189789
"2024-04-08 19:00:00",59.2591462903
"2024-04-08 20:00:00",60.542787974899994
"2024-04-08 21:00:00",61.0992446166
"2024-04-08 22:00:00",63.8661918314
"2024-04-08 23:00:00",62.81328606
"2024-04-09 00:00:00",64.0116213997
"2024-04-09 01:00:00",64.142288113
"2024-04-09 02:00:00",59.7788336546
"2024-04-09 03:00:00",62.5004570744
"2024-04-09 04:00:00",60.9285495331
"2024-04-09 05:00:00",58.867235873400006
"2024-04-09 06:00:00",56.8371657765
"2024-04-09 07:00:00",55.0877711021
"2024-04-09 08:00:00",52.095241460000004
"2024-04-09 09:00:00",50.9404162385
"2024-04-09 10:00:00",52.4263431756
"2024-04-09 11:00:00",51.62206373309999
"2024-04-09 12:00:00",49.9522248559
"2024-04-09 13:00:00",49.7890426008
"2024-04-09 14:00:00",50.3355589647
"2024-04-09 15:00:00",53.56909097700001
"2024-04-09 16:00:00",54.1175784171
"2024-04-09 17:00:00",56.0625237809
"2024-04-09 18:00:00",57.5982460698
"2024-04-09 19:00:00",60.4492851948
"2024-04-09 20:00:00",60.0497407366
"2024-04-09 21:00:00",61.410700454
"2024-04-09 22:00:00",62.8710952091
"2024-04-09 23:00:00",65.4698980894
"2024-04-10 00:00:00",62.4998586875
"2024-04-10 01:00:00",60.145164807700006
"2024-04-10 02:00:00",63.766363397999996
"2024-04-10 03:00:00",59.66344618099999
"2024-04-10 04:00:00",60.690594088199994
"2024-04-10 05:00:00",59.80324711690001
"2024-04-10 06:00:00",57.710780442
"2024-04-10 07:00:00",55.1326591645
"2024-04-10 08:00:00",52.98666731179999
"2024-04-10 09:00:00",51.8443094913
"2024-04-10 10:00:00",50.0983717301
"2024-04-10 11:00:00",24.1115759272
"2024-04-10 12:00:00",9.4390824108
"2024-04-10 13:00:00",21.7881536449
"2024-04-10 14:00:00",16.8365888044
"2024-04-10 15:00:00",9.9715299093
"2024-04-10 16:00:00",11.3855826331
"2024-04-10 17:00:00",49.8489674252
"2024-04-10 18:00:00",54.7866682819
"2024-04-10 19:00:00",58.2300769569
"2024-04-10 20:00:00",59.4675175313
"2024-04-10 21:00:00",61.6923583499
"2024-04-10 22:00:00",63.32204046580001
"2024-04-10 23:00:00",64.6143788128
"2024-04-11 00:00:00",65.8082233609
"2024-04-11 01:00:00",63.77511359969999
"2024-04-11 02:00:00",66.3836178218
"2024-04-11 03:00:00",58.7771542387
"2024-04-11 04:00:00",60.0943220685
"2024-04-11 05:00:00",58.2506386928
"2024-04-11 06:00:00",54.8181440833
"2024-04-11 07:00:00",53.1933565721
"2024-04-11 08:00:00",51.7100692507
"2024-04-11 09:00:00",52.16669690519999
"2024-04-11 10:00:00",52.1539008171
"2024-04-11 11:00:00",52.1042475973
"2024-04-11 12:00:00",51.64536797769999
"2024-04-11 13:00:00",47.593300608
"2024-04-11 14:00:00",48.3140806939
"2024-04-11 15:00:00",36.4888673218
"2024-04-11 16:00:00",53.4029369522
"2024-04-11 17:00:00",56.8292780719
"2024-04-11 18:00:00",57.509270377499995
"2024-04-11 19:00:00",59.417682022600005
"2024-04-11 20:00:00",60.4825974051
"2024-04-11 21:00:00",61.312485204199994
"2024-04-11 22:00:00",61.8573945732
"2024-04-11 23:00:00",61.186613603800005
"2024-04-12 00:00:00",61.1261118981
"2024-04-12 01:00:00",64.0536440753
"2024-04-12 02:00:00",59.6638419643
"2024-04-12 03:00:00",60.7048972009
"2024-04-12 04:00:00",60.6163596262
"2024-04-12 05:00:00",60.1999399489
"2024-04-12 06:00:00",57.238416837299994
"2024-04-12 07:00:00",55.1166717273
"2024-04-12 08:00:00",52.8337736191
"2024-04-12 09:00:00",20.0257109947
"2024-04-12 10:00:00",42.0026001128
"2024-04-12 11:00:00",8.5688812039
"2024-04-12 12:00:00",5.8409055496
"2024-04-12 13:00:00",7.106630600900001
"2024-04-12 14:00:00",8.4845504501
"2024-04-12 15:00:00",10.7349881736
"2024-04-12 16:00:00",17.3747790421
"2024-04-12 17:00:00",27.0791357584
"2024-04-12 18:00:00",51.8631089466
"2024-04-12 19:00:00",58.0318898209
"2024-04-12 20:00:00",59.376975042
"2024-04-12 21:00:00",60.08266042639999
"2024-04-12 22:00:00",61.13571981369999
"2024-04-12 23:00:00",61.5352798379
"2024-04-13 00:00:00",63.686517676
"2024-04-13 01:00:00",60.2882742022
"2024-04-13 02:00:00",58.130152121
"2024-04-13 03:00:00",62.3029202149
"2024-04-13 04:00:00",61.40964357800001
"2024-04-13 05:00:00",55.9942147029
"2024-04-13 06:00:00",53.1428952489
"2024-04-13 07:00:00",49.5720958596
"2024-04-13 08:00:00",40.4301100772
"2024-04-13 09:00:00",12.833329923
"2024-04-13 10:00:00",17.403510926
"2024-04-13 11:00:00",23.1924615249
"2024-04-13 12:00:00",7.6573874166
"2024-04-13 13:00:00",7.382409228700001
"2024-04-13 14:00:00",12.3919097632
"2024-04-13 15:00:00",37.1150971162
"2024-04-13 16:00:00",17.6219809193
"2024-04-13 17:00:00",33.2296714478
"2024-04-13 18:00:00",51.2944857729
"2024-04-13 19:00:00",58.46787123589999
"2024-04-13 20:00:00",58.21410193569999
"2024-04-13 21:00:00",58.3796784098
"2024-04-13 22:00:00",58.912691711099995
"2024-04-13 23:00:00",61.47383826290001
"2024-04-14 00:00:00",62.576122306100004
"2024-04-14 01:00:00",61.7541200436
"2024-04-14 02:00:00",63.8709971355
"2024-04-14 03:00:00",64.6816702455
"2024-04-14 04:00:00",65.0738821686
"2024-04-14 05:00:00",56.6131381332
"2024-04-14 06:00:00",55.6982661577
"2024-04-14 07:00:00",50.12999421530001
"2024-04-14 08:00:00",47.72667311290001
"2024-04-14 09:00:00",9.2983737738
"2024-04-14 10:00:00",6.488428463200001
"2024-04-14 11:00:00",8.157720926
"2024-04-14 12:00:00",29.900940917799996
"2024-04-14 13:00:00",43.2032106338
"2024-04-14 14:00:00",43.9928894703
"2024-04-14 15:00:00",36.0314097578
"2024-04-14 16:00:00",47.1228734831
"2024-04-14 17:00:00",47.3814238024
"2024-04-14 18:00:00",54.3619424008
"2024-04-14 19:00:00",58.9094400813
"2024-04-14 20:00:00",60.06650278080001
"2024-04-14 21:00:00",61.28939269380001
"2024-04-14 22:00:00",61.3557454557
"2024-04-14 23:00:00",62.3155296579
"2024-04-15 00:00:00",64.1974878428
"2024-04-15 01:00:00",62.0155703534
"2024-04-15 02:00:00",64.1468992169
"2024-04-15 03:00:00",62.370681937300006
"2024-04-15 04:00:00",60.88196728769999
"2024-04-15 05:00:00",58.93842790760001
"2024-04-15 06:00:00",57.684487884599996
"2024-04-15 07:00:00",54.196100881
"2024-04-15 08:00:00",52.0320257912
"2024-04-15 09:00:00",50.7497435922
"2024-04-15 10:00:00",50.0328608233
"2024-04-15 11:00:00",49.4151171717
"2024-04-15 12:00:00",48.2845803246
"2024-04-15 13:00:00",48.6397015076
"2024-04-15 14:00:00",51.13145454029999
"2024-04-15 15:00:00",52.2610398573
"2024-04-15 16:00:00",54.7904048839
"2024-04-15 17:00:00",56.3977798273
"2024-04-15 18:00:00",55.72999200089999
"2024-04-15 19:00:00",59.0095148237
"2024-04-15 20:00:00",59.0343083297
"2024-04-15 21:00:00",60.022349628200004
"2024-04-15 22:00:00",64.8907274077
"2024-04-15 23:00:00",61.4820294767
"2024-04-16 00:00:00",64.6588835125
"2024-04-16 01:00:00",67.8676470588
"2024-04-16 02:00:00",62.93463989240001
"2024-04-16 03:00:00",61.6880396188
"2024-04-16 04:00:00",59.3522068698
"2024-04-16 05:00:00",58.9544306038
"2024-04-16 06:00:00",56.18517520470001
"2024-04-16 07:00:00",53.690054261
"2024-04-16 08:00:00",50.466575275000004
"2024-04-16 09:00:00",50.2569992919
"2024-04-16 10:00:00",52.5147149818
"2024-04-16 11:00:00",49.796770889099996
"2024-04-16 12:00:00",47.9907410623
"2024-04-16 13:00:00",49.4410208338
"2024-04-16 14:00:00",49.3670336972
"2024-04-16 15:00:00",54.014172638599995
"2024-04-16 16:00:00",55.6928865791
"2024-04-16 17:00:00",56.6708156335
"2024-04-16 18:00:00",58.017763827900005
"2024-04-16 19:00:00",59.7875988871
"2024-04-16 20:00:00",61.664953270699996
"2024-04-16 21:00:00",61.47512799959999
"2024-04-16 22:00:00",62.98171996810001
"2024-04-16 23:00:00",61.397368207599996
"2024-04-17 00:00:00",60.808989385
"2024-04-17 01:00:00",63.7331774305
"2024-04-17 02:00:00",63.405642003100006
"2024-04-17 03:00:00",60.1057004712
"2024-04-17 04:00:00",63.456849036399994
"2024-04-17 05:00:00",59.6691136834
"2024-04-17 06:00:00",57.14201474210001
"2024-04-17 07:00:00",52.96021936990001
"2024-04-17 08:00:00",49.0298265204
"2024-04-17 09:00:00",52.2127730454
"2024-04-17 10:00:00",50.94709073509999
"2024-04-17 11:00:00",46.9040942815
"2024-04-17 12:00:00",48.3932943127
"2024-04-17 13:00:00",48.7781878813
"2024-04-17 14:00:00",49.14459821940001
"2024-04-17 15:00:00",50.948652552300004
"2024-04-17 16:00:00",51.3379618903
"2024-04-17 17:00:00",55.9807183632
"2024-04-17 18:00:00",56.31524337710001
"2024-04-17 19:00:00",58.9198877842
"2024-04-17 20:00:00",60.6639486653
"2024-04-17 21:00:00",60.800987099
"2024-04-17 22:00:00",62.20365234929999
"2024-04-17 23:00:00",60.7729785567
"2024-04-18 00:00:00",62.766626539200004
"2024-04-18 01:00:00",65.3595463192
"2024-04-18 02:00:00",57.954524256800006
"2024-04-18 03:00:00",47.2789700394
"2024-04-18 04:00:00",61.6469689461
"2024-04-18 05:00:00",58.65421276
"2024-04-18 06:00:00",56.9371596798
"2024-04-18 07:00:00",53.3242138753
"2024-04-18 08:00:00",53.28109753599999
"2024-04-18 09:00:00",53.02076137979999
"2024-04-18 10:00:00",25.652044283300004
"2024-04-18 11:00:00",8.8958173175
"2024-04-18 12:00:00",7.8168256641
"2024-04-18 13:00:00",33.8472618808
"2024-04-18 14:00:00",18.8174823449
"2024-04-18 15:00:00",18.0497675014
"2024-04-18 16:00:00",19.0286244267
"2024-04-18 17:00:00",52.3898218874
"2024-04-18 18:00:00",54.9693593496
"2024-04-18 19:00:00",58.3004689046
"2024-04-18 20:00:00",58.648310133
"2024-04-18 21:00:00",62.423037055
"2024-04-18 22:00:00",60.0707681833
"2024-04-18 23:00:00",60.25004414789999
"2024-04-19 00:00:00",59.438935676700005
"2024-04-19 01:00:00",57.025029140799994
"2024-04-19 02:00:00",60.0880827014
"2024-04-19 03:00:00",60.6787343028
"2024-04-19 04:00:00",58.7892399337
"2024-04-19 05:00:00",58.0716995932
"2024-04-19 06:00:00",56.3756772618
"2024-04-19 07:00:00",52.3757486708
"2024-04-19 08:00:00",50.9562131642
"2024-04-19 09:00:00",50.6952858382
"2024-04-19 10:00:00",49.38799736799999
"2024-04-19 11:00:00",48.4469145142
"2024-04-19 12:00:00",49.1605113616
"2024-04-19 13:00:00",48.7369028956
"2024-04-19 14:00:00",23.8582767852
"2024-04-19 15:00:00",14.761766650300002
"2024-04-19 16:00:00",20.1890571168
"2024-04-19 17:00:00",53.3534124027
"2024-04-19 18:00:00",48.4950731646
"2024-04-19 19:00:00",54.2667415366
"2024-04-19 20:00:00",58.5521730885
"2024-04-19 21:00:00",58.6000776604
"2024-04-19 22:00:00",60.2089247465
"2024-04-19 23:00:00",60.0859428283
"2024-04-20 00:00:00",61.279575898999994
"2024-04-20 01:00:00",59.48357150100001
"2024-04-20 02:00:00",55.065350183300005
"2024-04-20 03:00:00",53.812942654299995
"2024-04-20 04:00:00",57.196030107800006
"2024-04-20 05:00:00",56.1120978217
"2024-04-20 06:00:00",50.1926498229
"2024-04-20 07:00:00",46.7641785755
"2024-04-20 08:00:00",16.0704700937
"2024-04-20 09:00:00",8.7708073944
"2024-04-20 10:00:00",9.677809105
"2024-04-20 11:00:00",42.1178470212
"2024-04-20 12:00:00",39.4551521753
"2024-04-20 13:00:00",
"2024-04-20 14:00:00",15
"2024-04-20 15:00:00",32.2292993631
"2024-04-20 16:00:00",37.5349214918
"2024-04-20 17:00:00",40.5202343952
"2024-04-20 18:00:00",50.6371212829
"2024-04-20 19:00:00",54.858813019
"2024-04-20 20:00:00",60.104008128100006
"2024-04-20 21:00:00",59.122435814700005
"2024-04-20 22:00:00",62.34424716819999
"2024-04-20 23:00:00",42.9776215131
"2024-04-21 00:00:00",63.7277876989
"2024-04-21 01:00:00",61.5312637215
"2024-04-21 02:00:00",49.6617717584
"2024-04-21 03:00:00",60.5400041584
"2024-04-21 04:00:00",56.99972405869999
"2024-04-21 05:00:00",61.120934120600005
"2024-04-21 06:00:00",56.839785566
"2024-04-21 07:00:00",49.1581938202
"2024-04-21 08:00:00",21.6481572694
"2024-04-21 09:00:00",6.8450894742
"2024-04-21 10:00:00",7.3639141528
"2024-04-21 11:00:00",45.221577352
"2024-04-21 12:00:00",5.7179734231
"2024-04-21 13:00:00",7.8675695403
"2024-04-21 14:00:00",31.194715600199995
"2024-04-21 15:00:00",15.9711723341
"2024-04-21 16:00:00",42.153322713
"2024-04-21 17:00:00",51.0013383144
"2024-04-21 18:00:00",54.47447752829999
"2024-04-21 19:00:00",58.3588435045
"2024-04-21 20:00:00",58.6357527932
"2024-04-21 21:00:00",60.9181135589
"2024-04-21 22:00:00",60.6820798274
"2024-04-21 23:00:00",62.8787820252
"2024-04-22 00:00:00",64.3718702727
"2024-04-22 01:00:00",62.880616013700006
"2024-04-22 02:00:00",64.9875181639
"2024-04-22 03:00:00",60.52066473479999
"2024-04-22 04:00:00",61.5028451888
"2024-04-22 05:00:00",59.53253378470001
"2024-04-22 06:00:00",56.3275955615
"2024-04-22 07:00:00",54.6316880165
"2024-04-22 08:00:00",21.8104046228
"2024-04-22 09:00:00",6.7094488835
"2024-04-22 10:00:00",5.9764783847
"2024-04-22 11:00:00",7.1548588728
"2024-04-22 12:00:00",9.3800720255
"2024-04-22 13:00:00",15.547440165099998
"2024-04-22 14:00:00",47.474502258
"2024-04-22 15:00:00",49.4745698394
"2024-04-22 16:00:00",23.1522685815
"2024-04-22 17:00:00",54.3111670549
"2024-04-22 18:00:00",55.68438945980001
"2024-04-22 19:00:00",59.2423703107
"2024-04-22 20:00:00",59.6196909145
"2024-04-22 21:00:00",60.6229225655
"2024-04-22 22:00:00",64.4091022652
"2024-04-22 23:00:00",64.904073669
"2024-04-23 00:00:00",62.254649302800004
"2024-04-23 01:00:00",64.6990660908
"2024-04-23 02:00:00",64.4991947216
"2024-04-23 03:00:00",62.505366218199995
"2024-04-23 04:00:00",58.11407000290001
"2024-04-23 05:00:00",59.35496845849999
"2024-04-23 06:00:00",54.6446125799
"2024-04-23 07:00:00",53.9387155172
"2024-04-23 08:00:00",51.8272061698
"2024-04-23 09:00:00",48.894808461
"2024-04-23 10:00:00",6.526900923100001
"2024-04-23 11:00:00",9.6133627598
"2024-04-23 12:00:00",15.200813873500001
"2024-04-23 13:00:00",46.779704317
"2024-04-23 14:00:00",25.607999714199998
"2024-04-23 15:00:00",8.0546315464
"2024-04-23 16:00:00",12.954300410699998
"2024-04-23 17:00:00",55.393440747099994
"2024-04-23 18:00:00",55.95151168019999
"2024-04-23 19:00:00",60.6391336796
"2024-04-23 20:00:00",61.010220173300006
"2024-04-23 21:00:00",61.806402922000004
"2024-04-23 22:00:00",62.007537551999995
"2024-04-23 23:00:00",60.035604957800004
"2024-04-24 00:00:00",61.4514835577
"2024-04-24 01:00:00",69.0588947988
"2024-04-24 02:00:00",62.0385864268
"2024-04-24 03:00:00",61.3196350091
"2024-04-24 04:00:00",59.5153734269
"2024-04-24 05:00:00",59.2567429432
"2024-04-24 06:00:00",56.62250988710001
"2024-04-24 07:00:00",53.62831110079999
"2024-04-24 08:00:00",52.6134946308
"2024-04-24 09:00:00",52.423751601
"2024-04-24 10:00:00",52.1276686386
"2024-04-24 11:00:00",50.8334577317
"2024-04-24 12:00:00",49.5326077295
"2024-04-24 13:00:00",32.2569569853
"2024-04-24 14:00:00",30.2664939066
"2024-04-24 15:00:00",49.2690332787
"2024-04-24 16:00:00",53.7933085452
"2024-04-24 17:00:00",56.809587532600005
"2024-04-24 18:00:00",57.33392769360001
"2024-04-24 19:00:00",60.507071886
"2024-04-24 20:00:00",60.200804052900004
"2024-04-24 21:00:00",59.3938217085
"2024-04-24 22:00:00",62.2906045346
"2024-04-24 23:00:00",62.216427998499995
"2024-04-25 00:00:00",58.2567832054
"2024-04-25 01:00:00",64.8290101245
"2024-04-25 02:00:00",69.1111878003
"2024-04-25 03:00:00",59.5822719731
"2024-04-25 04:00:00",56.7863814589
"2024-04-25 05:00:00",61.170618815800005
"2024-04-25 06:00:00",57.0567434166
"2024-04-25 07:00:00",54.0929588185
"2024-04-25 08:00:00",52.5179098753
"2024-04-25 09:00:00",50.596693832700005
"2024-04-25 10:00:00",48.5215152193
"2024-04-25 11:00:00",50.8989712685
"2024-04-25 12:00:00",50.2022847528
"2024-04-25 13:00:00",46.8880880619
"2024-04-25 14:00:00",37.5472301336
"2024-04-25 15:00:00",53.254537565700005
"2024-04-25 16:00:00",54.1121978288
"2024-04-25 17:00:00",56.6808514506
"2024-04-25 18:00:00",56.8692750627
"2024-04-25 19:00:00",59.831380715399995
"2024-04-25 20:00:00",59.7136236655
"2024-04-25 21:00:00",60.68261586500001
"2024-04-25 22:00:00",60.437118420500006
"2024-04-25 23:00:00",63.6064745785
"2024-04-26 00:00:00",57.3233283338
"2024-04-26 01:00:00",62.3294893581
"2024-04-26 02:00:00",61.7223284131
"2024-04-26 03:00:00",58.8363908193
"2024-04-26 04:00:00",60.0762495017
"2024-04-26 05:00:00",60.99217056450001
"2024-04-26 06:00:00",56.2883172503
"2024-04-26 07:00:00",53.8212027057
"2024-04-26 08:00:00",38.9111982582
"2024-04-26 09:00:00",8.2144958712
"2024-04-26 10:00:00",10.5665921227
"2024-04-26 11:00:00",21.6841009147
"2024-04-26 12:00:00",15.1631629939
"2024-04-26 13:00:00",42.945600275
"2024-04-26 14:00:00",35.744070394
"2024-04-26 15:00:00",25.6198611356
"2024-04-26 16:00:00",49.589957349399995
"2024-04-26 17:00:00",56.01976143329999
"2024-04-26 18:00:00",57.05213447229999
"2024-04-26 19:00:00",59.34764677300001
"2024-04-26 20:00:00",61.880746516
"2024-04-26 21:00:00",60.35365872570001
"2024-04-26 22:00:00",61.1974064897
"2024-04-26 23:00:00",62.83143937780001
"2024-04-27 00:00:00",61.320346860300006
"2024-04-27 01:00:00",61.86912765369999
"2024-04-27 03:00:00",63.38459876030001
"2024-04-27 04:00:00",62.1505879742
"2024-04-27 05:00:00",57.149882276599996
"2024-04-27 06:00:00",54.3725993531
"2024-04-27 07:00:00",49.6179760191
"2024-04-27 08:00:00",12.827068320400002
"2024-04-27 09:00:00",37.679540916
"2024-04-27 10:00:00",14.501339712099998
"2024-04-27 11:00:00",23.4054540428
"2024-04-27 12:00:00",24.5784455586
"2024-04-27 13:00:00",7.274191497600001
"2024-04-27 14:00:00",46.8360815516
"2024-04-27 15:00:00",45.1305038436
"2024-04-27 16:00:00",49.761346770900005
"2024-04-27 17:00:00",53.44907143460001
"2024-04-27 18:00:00",56.22273992950001
"2024-04-27 19:00:00",59.2623656154
"2024-04-27 20:00:00",60.30270764349999
"2024-04-27 21:00:00",60.431837462500006
"2024-04-27 22:00:00",62.1068164355
"2024-04-27 23:00:00",63.389211312200004
"2024-04-28 00:00:00",61.8904984489
"2024-04-28 01:00:00",66.4734781677
"2024-04-28 02:00:00",61.44288209479999
"2024-04-28 03:00:00",60.5158946243
"2024-04-28 04:00:00",62.35096121029999
"2024-04-28 05:00:00",60.507849063
"2024-04-28 06:00:00",55.58268937030001
"2024-04-28 07:00:00",51.01455309160001
"2024-04-28 08:00:00",21.0741637993
"2024-04-28 09:00:00",10.4578061597
"2024-04-28 10:00:00",9.6725729416
"2024-04-28 11:00:00",15.921635900600002
"2024-04-28 12:00:00",37.0193915369
"2024-04-28 13:00:00",21.1159585949
"2024-04-28 14:00:00",11.2542836834
"2024-04-28 15:00:00",32.8732915808
"2024-04-28 16:00:00",39.2775453406
"2024-04-28 17:00:00",51.12845933410001
"2024-04-28 18:00:00",55.311979348799994
"2024-04-28 19:00:00",59.96638602110001
"2024-04-28 20:00:00",60.8650477439
"2024-04-28 21:00:00",59.5480723231
"2024-04-28 22:00:00",62.5013997139
"2024-04-28 23:00:00",64.1333577032
"2024-04-29 00:00:00",65.7994641424
"2024-04-29 01:00:00",66.9361752864
"2024-04-29 02:00:00",62.7470409718
"2024-04-29 03:00:00",62.6283952239
"2024-04-29 04:00:00",60.41965442179999
"2024-04-29 05:00:00",61.364490138099995
"2024-04-29 06:00:00",54.8929115212
"2024-04-29 07:00:00",56.800989251100006
"2024-04-29 08:00:00",16.690416629
"2024-04-29 09:00:00",11.3305394509
"2024-04-29 10:00:00",12.7746991108
"2024-04-29 11:00:00",11.5323104825
"2024-04-29 12:00:00",6.7558137847
"2024-04-29 13:00:00",7.1972626012
"2024-04-29 14:00:00",38.5992022664
"2024-04-29 15:00:00",44.8242908392
"2024-04-29 16:00:00",19.1346929721
"2024-04-29 17:00:00",47.3646345961
"2024-04-29 18:00:00",55.1556728204
"2024-04-29 19:00:00",59.425444019
"2024-04-29 20:00:00",60.5326397728
"2024-04-29 21:00:00",61.20276424269999
"2024-04-29 22:00:00",62.4426783281
"2024-04-29 23:00:00",61.272771842699996
"2024-04-30 00:00:00",58.049941138
"2024-04-30 01:00:00",64.4205965487
"2024-04-30 02:00:00",64.1607416763
"2024-04-30 03:00:00",62.771798379799996
"2024-04-30 04:00:00",58.5737225463
"2024-04-30 05:00:00",59.00209962200001
"2024-04-30 06:00:00",57.753793335900006
"2024-04-30 07:00:00",54.82456507169999
"2024-04-30 08:00:00",30.3237101612
"2024-04-30 09:00:00",11.5916261098
"2024-04-30 10:00:00",11.9653444381
"2024-04-30 11:00:00",18.8881549812
"2024-04-30 12:00:00",8.5647298946
"2024-04-30 13:00:00",29.4606053141
"2024-04-30 14:00:00",35.2825477644
"2024-04-30 15:00:00",41.4338207946
"2024-04-30 16:00:00",42.1547440889
"2024-04-30 17:00:00",52.7259969669
"2024-04-30 18:00:00",56.70461636620001
"2024-04-30 19:00:00",59.2643716024
"2024-04-30 20:00:00",77.9838495938
"2024-04-30 21:00:00",58.49572649569999
"2024-04-30 22:00:00",51.6736042286
"2024-04-30 23:00:00",48
"2024-05-01 00:00:00",66.2868720611
"2024-05-01 01:00:00",60.277380499100005
"2024-05-01 02:00:00",66.7645498239
"2024-05-01 03:00:00",59.02296805670001
"2024-05-01 04:00:00",60.923124830800006
"2024-05-01 05:00:00",60.3488322079
"2024-05-01 06:00:00",56.2204914629
"2024-05-01 07:00:00",54.5894009183
"2024-05-01 08:00:00",48.69014371790001
"2024-05-01 09:00:00",49.0116147447
"2024-05-01 10:00:00",9.9313168236
"2024-05-01 11:00:00",5.9106831358
"2024-05-01 12:00:00",12.5341326043
"2024-05-01 13:00:00",6.556824352399999
"2024-05-01 14:00:00",7.7531226705
"2024-05-01 15:00:00",12.8645101178
"2024-05-01 16:00:00",30.314334368100003
"2024-05-01 17:00:00",29.3415007284
"2024-05-01 18:00:00",52.639933905599996
"2024-05-01 19:00:00",57.4943876434
"2024-05-01 20:00:00",58.729077090400004
"2024-05-01 21:00:00",59.92790751790001
"2024-05-01 22:00:00",62.3244004703
"2024-05-01 23:00:00",65.021050024
"2024-05-02 00:00:00",58.5149979105
"2024-05-02 01:00:00",70.9791559624
"2024-05-02 02:00:00",59.7884962179
"2024-05-02 03:00:00",63.7065567439
"2024-05-02 04:00:00",61.5000495727
"2024-05-02 05:00:00",60.930249908300006
"2024-05-02 06:00:00",57.4126161953
"2024-05-02 07:00:00",54.1858545584
"2024-05-02 08:00:00",48.0744822591
"2024-05-02 09:00:00",10.0889803289
"2024-05-02 10:00:00",6.5356354249
"2024-05-02 11:00:00",6.295133923999999
"2024-05-02 12:00:00",24.6498708273
"2024-05-02 13:00:00",16.1749787076
"2024-05-02 14:00:00",19.9157790441
"2024-05-02 15:00:00",35.7129850329
"2024-05-02 16:00:00",27.827580132600005
"2024-05-02 17:00:00",52.4796925782
"2024-05-02 18:00:00",56.5887399119
"2024-05-02 19:00:00",61.3846584816
"2024-05-02 20:00:00",58.9098834357
"2024-05-02 21:00:00",61.9654221524
"2024-05-02 22:00:00",62.2758395185
"2024-05-02 23:00:00",62.92251673900001
"2024-05-03 00:00:00",60.224723284599996
"2024-05-03 01:00:00",62.7670381897
"2024-05-03 02:00:00",63.976808565499994
"2024-05-03 03:00:00",61.1081375256
"2024-05-03 04:00:00",59.269523201999995
"2024-05-03 05:00:00",59.970607875999995
"2024-05-03 06:00:00",56.03558615269999
"2024-05-03 07:00:00",53.0087078794
"2024-05-03 08:00:00",39.3425813172
"2024-05-03 09:00:00",21.2587502583
"2024-05-03 10:00:00",48.83673056939999
"2024-05-03 11:00:00",48.0353111236
"2024-05-03 12:00:00",49.3398292901
"2024-05-03 13:00:00",50.4760706971
"2024-05-03 14:00:00",51.00621458340001
"2024-05-03 15:00:00",53.53415901319999
"2024-05-03 16:00:00",54.554047346999994
"2024-05-03 17:00:00",58.1175439526
"2024-05-03 18:00:00",57.942470567399994
"2024-05-03 19:00:00",58.9461472034
"2024-05-03 20:00:00",59.62093292339999
"2024-05-03 21:00:00",60.3082813226
"2024-05-03 22:00:00",61.910307577199994
"2024-05-03 23:00:00",62.9489218915
"2024-05-04 00:00:00",65.244231683
"2024-05-04 01:00:00",63.02227965710001
"2024-05-04 02:00:00",60.18365798560001
"2024-05-04 03:00:00",63.609548163099994
"2024-05-04 04:00:00",61.480088365600004
"2024-05-04 05:00:00",62.8547715184
"2024-05-04 06:00:00",56.305400433799996
"2024-05-04 07:00:00",53.9008201301
"2024-05-04 08:00:00",27.2112113896
"2024-05-04 09:00:00",8.9137338304
"2024-05-04 10:00:00",5.8154300671
"2024-05-04 11:00:00",8.3214514874
"2024-05-04 12:00:00",14.953742977400001
"2024-05-04 13:00:00",35.9471272858
"2024-05-04 14:00:00",44.7174042007
"2024-05-04 15:00:00",49.0908828118
"2024-05-04 16:00:00",48.1476314729
"2024-05-04 17:00:00",49.2711152674
"2024-05-04 18:00:00",56.3254588848
"2024-05-04 19:00:00",59.1450105633
"2024-05-04 20:00:00",60.709892869
"2024-05-04 21:00:00",59.3133842956
"2024-05-04 22:00:00",60.8857597567
"2024-05-04 23:00:00",61.9356772024
"2024-05-05 00:00:00",59.383538438799995
"2024-05-05 01:00:00",64.0968791066
"2024-05-05 02:00:00",59.5435632563
"2024-05-05 03:00:00",57.23112793760001
"2024-05-05 04:00:00",55.0698902242
"2024-05-05 05:00:00",61.7553595557
"2024-05-05 06:00:00",56.97555789119999
"2024-05-05 07:00:00",53.4724677141
"2024-05-05 08:00:00",33.2916226847
"2024-05-05 09:00:00",17.5486175481
"2024-05-05 10:00:00",9.4735547683
"2024-05-05 11:00:00",16.3895946116
"2024-05-05 12:00:00",31.437462006000004
"2024-05-05 13:00:00",30.402774617
"2024-05-05 14:00:00",50.76541312610001
"2024-05-05 15:00:00",50.2095616666
"2024-05-05 16:00:00",53.1518941987
"2024-05-05 17:00:00",55.5060884308
"2024-05-05 18:00:00",58.2733324692
"2024-05-05 19:00:00",60.85171465469999
"2024-05-05 20:00:00",60.488927562899995
"2024-05-05 21:00:00",63.4607659509
"2024-05-05 22:00:00",62.7686714793
"2024-05-05 23:00:00",61.5129955298
"2024-05-06 00:00:00",63.5367193121
"2024-05-06 01:00:00",68.0019265051
"2024-05-06 02:00:00",64.0913234729
"2024-05-06 03:00:00",61.64172166990001
"2024-05-06 04:00:00",62.5190451698
"2024-05-06 05:00:00",61.9751429056
"2024-05-06 06:00:00",57.2117894379
"2024-05-06 07:00:00",54.8962344232
"2024-05-06 08:00:00",52.253668813
"2024-05-06 09:00:00",37.920201012
"2024-05-06 10:00:00",33.3019043055
"2024-05-06 11:00:00",51.3006310666
"2024-05-06 12:00:00",51.30496449350001
"2024-05-06 13:00:00",52.11368853850001
"2024-05-06 14:00:00",52.1724884163
"2024-05-06 15:00:00",54.33787400309999
"2024-05-06 16:00:00",55.1822040737
"2024-05-06 17:00:00",57.597358384100005
"2024-05-06 18:00:00",59.13313927450001
"2024-05-06 19:00:00",60.6648281121
"2024-05-06 20:00:00",61.818105734599996
"2024-05-06 21:00:00",61.83825152690001
"2024-05-06 22:00:00",63.57755139659999
"2024-05-06 23:00:00",61.5617925586
"2024-05-07 00:00:00",64.6357245762
"2024-05-07 01:00:00",66.3477812937
"2024-05-07 02:00:00",62.484607181
"2024-05-07 03:00:00",63.91275166050001
"2024-05-07 04:00:00",61.1841384538
"2024-05-07 05:00:00",61.7028432736
"2024-05-07 06:00:00",58.1477875539
"2024-05-07 07:00:00",56.3887711317
"2024-05-07 08:00:00",53.20809796219999
"2024-05-07 09:00:00",50.5599714612
"2024-05-07 10:00:00",51.1888181618
"2024-05-07 11:00:00",50.16267182199999
"2024-05-07 12:00:00",53.4997051744
"2024-05-07 13:00:00",52.2662494165
"2024-05-07 14:00:00",54.511465563499996
"2024-05-07 15:00:00",55.6250177146
"2024-05-07 16:00:00",57.3327387383
"2024-05-07 17:00:00",58.513534695
"2024-05-07 18:00:00",59.1365573814
"2024-05-07 19:00:00",61.8462718303
"2024-05-07 20:00:00",61.3369187641
"2024-05-07 21:00:00",62.13890488
"2024-05-07 22:00:00",64.1295620884
"2024-05-07 23:00:00",62.91329314840001
"2024-05-08 00:00:00",63.63375031059999
"2024-05-08 01:00:00",64.1796555016
"2024-05-08 02:00:00",64.2862930094
"2024-05-08 03:00:00",58.6154612246
"2024-05-08 04:00:00",61.00096124960001
"2024-05-08 05:00:00",58.774160496700006
"2024-05-08 06:00:00",59.6090524127
"2024-05-08 07:00:00",55.3223078715
"2024-05-08 08:00:00",51.797528874
"2024-05-08 09:00:00",37.0481201201
"2024-05-08 10:00:00",33.6680712652
"2024-05-08 11:00:00",44.1553934089
"2024-05-08 12:00:00",53.3606827776
"2024-05-08 13:00:00",51.237426257
"2024-05-08 14:00:00",49.6645570675
"2024-05-08 15:00:00",51.5160660396
"2024-05-08 16:00:00",56.889013181799996
"2024-05-08 17:00:00",57.3921238006
"2024-05-08 18:00:00",58.411471245600005
"2024-05-08 19:00:00",59.45426208819999
"2024-05-08 20:00:00",59.1113972926
"2024-05-08 21:00:00",59.8264798774
"2024-05-08 22:00:00",61.404492573300004
"2024-05-08 23:00:00",63.392213597
"2024-05-09 00:00:00",61.5982949093
"2024-05-09 01:00:00",66.0078343108
"2024-05-09 02:00:00",68.2091244265
"2024-05-09 03:00:00",59.71927624679999
"2024-05-09 04:00:00",62.3052203056
"2024-05-09 05:00:00",62.027470704200006
"2024-05-09 06:00:00",58.74407062189999
"2024-05-09 07:00:00",56.13166037050001
"2024-05-09 08:00:00",49.7207770947
"2024-05-09 09:00:00",29.401909273700003
"2024-05-09 10:00:00",8.1471972672
"2024-05-09 11:00:00",13.022062437699999
"2024-05-09 12:00:00",17.0499454054
"2024-05-09 13:00:00",18.7077151547
"2024-05-09 14:00:00",46.7962470326
"2024-05-09 15:00:00",51.3808691449
"2024-05-09 16:00:00",51.628870042799996
"2024-05-09 17:00:00",54.9799115176
"2024-05-09 18:00:00",57.07720450669999
"2024-05-09 19:00:00",60.6473829035
"2024-05-09 20:00:00",61.1754409567
"2024-05-09 21:00:00",62.548855745599994
"2024-05-09 22:00:00",63.4936183584
"2024-05-09 23:00:00",63.1517398802
"2024-05-10 00:00:00",66.1942395751
"2024-05-10 01:00:00",62.6574661388
"2024-05-10 02:00:00",62.836327579999995
"2024-05-10 03:00:00",64.7916991916
"2024-05-10 04:00:00",60.6705280772
"2024-05-10 05:00:00",62.0512684124
"2024-05-10 06:00:00",58.1558534526
"2024-05-10 07:00:00",56.020490361200004
"2024-05-10 08:00:00",22.7871153076
"2024-05-10 09:00:00",49.379058751100004
"2024-05-10 10:00:00",12.9623758565
"2024-05-10 11:00:00",6.9524390002
"2024-05-10 12:00:00",16.6842928232
"2024-05-10 13:00:00",17.3399311498
"2024-05-10 14:00:00",39.3178510204
"2024-05-10 15:00:00",50.4255484258
"2024-05-10 16:00:00",53.2844978027
"2024-05-10 17:00:00",56.62603576770001
"2024-05-10 18:00:00",60.56403690410001
"2024-05-10 19:00:00",60.3889288553
"2024-05-10 20:00:00",60.074508686399994
"2024-05-10 21:00:00",61.0988491239
"2024-05-10 22:00:00",62.3349734735
"2024-05-10 23:00:00",65.4053947804
"2024-05-11 00:00:00",66.2788446522
"2024-05-11 01:00:00",61.6650428742
"2024-05-11 02:00:00",63.8211102964
"2024-05-11 03:00:00",60.58962487310001
"2024-05-11 04:00:00",63.125784622
"2024-05-11 05:00:00",60.36429187019999
"2024-05-11 06:00:00",57.7034889621
"2024-05-11 07:00:00",55.554608760899995
"2024-05-11 08:00:00",50.640839094600004
"2024-05-11 09:00:00",33.4675774312
"2024-05-11 10:00:00",20.3138918107
"2024-05-11 11:00:00",29.0171210933
"2024-05-11 12:00:00",51.92080530709999
"2024-05-11 13:00:00",50.8091615
"2024-05-11 14:00:00",53.2718729873
"2024-05-11 15:00:00",53.09453562409999
"2024-05-11 16:00:00",54.392873853699996
"2024-05-11 17:00:00",58.8734459608
"2024-05-11 18:00:00",58.57016028959999
"2024-05-11 19:00:00",60.81528296700001
"2024-05-11 20:00:00",61.92308996909999
"2024-05-11 21:00:00",59.2654692033
"2024-05-11 22:00:00",60.100683149299996
"2024-05-11 23:00:00",60.6379423951
"2024-05-12 00:00:00",60.5164267727
"2024-05-12 01:00:00",64.5777343378
"2024-05-12 02:00:00",64.9588482346
"2024-05-12 03:00:00",64.7696727583
"2024-05-12 04:00:00",67.0744120496
"2024-05-12 05:00:00",62.8218183203
"2024-05-12 06:00:00",58.94399222359999
"2024-05-12 07:00:00",56.7996226403
"2024-05-12 08:00:00",49.1573799041
"2024-05-12 09:00:00",40.5850060536
"2024-05-12 10:00:00",28.958427447200002
"2024-05-12 11:00:00",50.4979936141
"2024-05-12 12:00:00",30.751911612100002
"2024-05-12 13:00:00",54.5211580287
"2024-05-12 14:00:00",52.63732714639999
"2024-05-12 15:00:00",57.186792517099995
"2024-05-12 16:00:00",57.563996562
"2024-05-12 17:00:00",57.8898724903
"2024-05-12 18:00:00",59.33703880069999
"2024-05-12 19:00:00",60.2027706642
"2024-05-12 20:00:00",61.174607153100006
"2024-05-12 21:00:00",61.9308465014
"2024-05-12 22:00:00",61.15251309410001
"2024-05-12 23:00:00",65.0595726616
"2024-05-13 00:00:00",61.660574695
"2024-05-13 01:00:00",63.11207314879999
"2024-05-13 02:00:00",64.4731791252
"2024-05-13 03:00:00",60.6141486287
"2024-05-13 04:00:00",61.1601856086
"2024-05-13 05:00:00",62.3401124074
"2024-05-13 06:00:00",58.8406055894
"2024-05-13 08:00:00",55.6449235706
"2024-05-13 09:00:00",52.262987165
"2024-05-13 10:00:00",57.256310804399995
"2024-05-13 11:00:00",56.8635453359
"2024-05-13 12:00:00",57.1642425968
"2024-05-13 13:00:00",55.889757496399994
"2024-05-13 14:00:00",56.95235694259999
"2024-05-13 15:00:00",59.2542810474
"2024-05-13 16:00:00",61.424217092
"2024-05-13 17:00:00",60.8605552518
"2024-05-13 18:00:00",60.25079361019999
"2024-05-13 19:00:00",61.57484081959999
"2024-05-13 20:00:00",60.59548646910001
"2024-05-13 21:00:00",62.57743887859999
"2024-05-13 22:00:00",62.770728183399996
"2024-05-13 23:00:00",64.1512958911
"2024-05-14 00:00:00",62.6943290855
"2024-05-14 01:00:00",60.300470330500005
"2024-05-14 02:00:00",62.4816255553
"2024-05-14 03:00:00",58.6557392573
"2024-05-14 04:00:00",62.307798078000005
"2024-05-14 05:00:00",62.1436113416
"2024-05-14 06:00:00",59.666331967
"2024-05-14 07:00:00",57.7709592806
"2024-05-14 08:00:00",56.6695184193
"2024-05-14 09:00:00",56.59682100020001
"2024-05-14 10:00:00",57.1345488008
"2024-05-14 11:00:00",58.1660934275
"2024-05-14 12:00:00",57.3385159335
"2024-05-14 13:00:00",57.1374569757
"2024-05-14 14:00:00",55.978248288500005
"2024-05-14 15:00:00",59.4478932506
"2024-05-14 16:00:00",60.0895593127
"2024-05-14 17:00:00",61.50124117229999
"2024-05-14 18:00:00",59.195316519500004
"2024-05-14 19:00:00",61.965188469
"2024-05-14 20:00:00",59.5479088015
"2024-05-14 21:00:00",62.45027221560001
"2024-05-14 22:00:00",62.173380539899995
"2024-05-14 23:00:00",64.5643204785
"2024-05-15 00:00:00",62.4847824469
"2024-05-15 01:00:00",65.6329247606
"2024-05-15 02:00:00",62.871622485900005
"2024-05-15 03:00:00",60.45396914869999
"2024-05-15 04:00:00",61.7785266253
"2024-05-15 05:00:00",63.0299426424
"2024-05-15 06:00:00",59.674575931999996
"2024-05-15 07:00:00",40.4033968275
"2024-05-15 08:00:00",55.7239682025
"2024-05-15 09:00:00",43.597124285
"2024-05-15 10:00:00",44.1055658149
"2024-05-15 11:00:00",55.1817021727
"2024-05-15 12:00:00",54.9902886541
"2024-05-15 13:00:00",55.0017996752
"2024-05-15 14:00:00",55.331589796
"2024-05-15 15:00:00",58.428373200799996
"2024-05-15 16:00:00",59.2776783879
"2024-05-15 17:00:00",59.91285288230001
"2024-05-15 18:00:00",60.140156198300005
"2024-05-15 19:00:00",61.0259288553
"2024-05-15 20:00:00",62.064417921600004
"2024-05-15 21:00:00",61.536741174499994
"2024-05-15 22:00:00",63.599033843399994
"2024-05-15 23:00:00",61.90312310270001
"2024-05-16 00:00:00",67.2980427015
"2024-05-16 01:00:00",65.8602921682
"2024-05-16 02:00:00",64.0038851587
"2024-05-16 03:00:00",62.3688571932
"2024-05-16 04:00:00",62.58305547639999
"2024-05-16 05:00:00",59.7105121373
"2024-05-16 06:00:00",58.88327996270001
"2024-05-16 07:00:00",57.02691242080001
"2024-05-16 08:00:00",56.0778668923
"2024-05-16 09:00:00",56.8180093371
"2024-05-16 10:00:00",56.67291519249999
"2024-05-16 11:00:00",58.5048873111
"2024-05-16 12:00:00",56.5245849406
"2024-05-16 13:00:00",57.1099094463
"2024-05-16 14:00:00",56.92983669960001
"2024-05-16 15:00:00",58.893767871
"2024-05-16 16:00:00",59.446855364300006
"2024-05-16 17:00:00",61.272120772200005
"2024-05-16 18:00:00",60.6121359755
"2024-05-16 19:00:00",61.2034694239
"2024-05-16 20:00:00",62.66560778129999
"2024-05-16 21:00:00",61.537733141
"2024-05-16 22:00:00",60.45496471570001
"2024-05-16 23:00:00",63.6316580405
"2024-05-17 00:00:00",63.248089069
"2024-05-17 01:00:00",65.4585074244
"2024-05-17 02:00:00",63.4463380318
"2024-05-17 03:00:00",62.75842290060001
"2024-05-17 04:00:00",62.6950366023
"2024-05-17 05:00:00",61.98574908650001
"2024-05-17 06:00:00",59.00016223
"2024-05-17 07:00:00",57.52211939539999
"2024-05-17 08:00:00",57.3820406798
"2024-05-17 09:00:00",57.3270395277
"2024-05-17 10:00:00",56.27479189110001
"2024-05-17 11:00:00",58.1907967159
"2024-05-17 12:00:00",57.64738177420001
"2024-05-17 13:00:00",57.03014297229999
"2024-05-17 14:00:00",54.7909264047
"2024-05-17 15:00:00",60.0329577058
"2024-05-17 16:00:00",60.604500629700006
"2024-05-17 17:00:00",61.10173972439999
"2024-05-17 18:00:00",58.84286019779999
"2024-05-17 19:00:00",61.2713692659
"2024-05-17 20:00:00",61.9069207896
"2024-05-17 21:00:00",60.4658969406
"2024-05-17 22:00:00",60.714568901300005
"2024-05-17 23:00:00",61.54886250100001
"2024-05-18 00:00:00",63.342342197899995
"2024-05-18 01:00:00",64.3279848129
"2024-05-18 02:00:00",63.455073379999995
"2024-05-18 03:00:00",61.5659871513
"2024-05-18 04:00:00",60.204888349
"2024-05-18 05:00:00",63.89522934
"2024-05-18 06:00:00",62.7331593776
"2024-05-18 07:00:00",61.387220212699994
"2024-05-18 08:00:00",60.0216667958
"2024-05-18 09:00:00",59.17305334870001
"2024-05-18 10:00:00",59.0974244301
"2024-05-18 11:00:00",58.757041480000005
"2024-05-18 12:00:00",54.292805375600004
"2024-05-18 13:00:00",58.77345360099999
"2024-05-18 14:00:00",59.19656030179999
"2024-05-18 15:00:00",59.00975019010001
"2024-05-18 16:00:00",60.180063757099994
"2024-05-18 17:00:00",61.29323315600001
"2024-05-18 18:00:00",62.7888232663
"2024-05-18 19:00:00",62.602833408200006
"2024-05-18 20:00:00",61.972475606900005
"2024-05-18 21:00:00",60.98360133300001
"2024-05-18 22:00:00",64.0466986758
"2024-05-18 23:00:00",62.9321925268
"2024-05-19 00:00:00",60.4928864191
"2024-05-19 01:00:00",63.55387724359999
"2024-05-19 02:00:00",63.50089126000001
"2024-05-19 03:00:00",67.6774585149
"2024-05-19 04:00:00",65.9156545511
"2024-05-19 05:00:00",64.7834484406
"2024-05-19 06:00:00",62.267110329
"2024-05-19 07:00:00",60.7406344192
"2024-05-19 08:00:00",61.05461378249999
"2024-05-19 09:00:00",59.5610652024
"2024-05-19 10:00:00",58.373770126100005
"2024-05-19 11:00:00",58.85969418250001
"2024-05-19 12:00:00",57.802989351799994
"2024-05-19 13:00:00",57.8862796764
"2024-05-19 14:00:00",60.1192784553
"2024-05-19 15:00:00",59.952321082500006
"2024-05-19 16:00:00",60.7892049794
"2024-05-19 17:00:00",61.5962956278
"2024-05-19 18:00:00",62.3326751127
"2024-05-19 19:00:00",61.32685187629999
"2024-05-19 20:00:00",63.2905712066
"2024-05-19 21:00:00",60.565808760799996
"2024-05-19 22:00:00",62.07210703410001
"2024-05-19 23:00:00",62.1906711641
"2024-05-20 00:00:00",66.6222734221
"2024-05-20 01:00:00",60.9903648904
"2024-05-20 02:00:00",67.3487660007
"2024-05-20 03:00:00",62.37734672900001
"2024-05-20 04:00:00",66.3386264837
"2024-05-20 05:00:00",65.3383409472
"2024-05-20 06:00:00",62.1256034119
"2024-05-20 07:00:00",61.8270311052
"2024-05-20 08:00:00",58.98169930329999
"2024-05-20 09:00:00",58.513288349
"2024-05-20 10:00:00",58.03995081459999
"2024-05-20 11:00:00",58.26446188559999
"2024-05-20 12:00:00",58.02044219769999
"2024-05-20 13:00:00",58.1838917307
"2024-05-20 14:00:00",57.7800851688
"2024-05-20 15:00:00",59.1924960489
"2024-05-20 16:00:00",59.9579251114
"2024-05-20 17:00:00",60.4253460003
"2024-05-20 18:00:00",61.6625643193
"2024-05-20 19:00:00",63.767116133399995
"2024-05-20 20:00:00",61.9828309857
"2024-05-20 21:00:00",63.29199985979999
"2024-05-20 22:00:00",62.789566529800005
"2024-05-20 23:00:00",64.4668149831
"2024-05-21 00:00:00",65.7783235148
"2024-05-21 01:00:00",68.9272621581
"2024-05-21 02:00:00",64.1260097623
"2024-05-21 03:00:00",61.0956849237
"2024-05-21 04:00:00",64.1220903732
"2024-05-21 05:00:00",62.20905467910001
"2024-05-21 06:00:00",58.2234350279
"2024-05-21 07:00:00",58.69526970230001
"2024-05-21 08:00:00",57.83531143580001
"2024-05-21 09:00:00",56.723160995
"2024-05-21 10:00:00",56.9654593406
"2024-05-21 11:00:00",58.0612597045
"2024-05-21 12:00:00",56.7135144731
"2024-05-21 13:00:00",58.00613549249999
"2024-05-21 14:00:00",58.2959241344
"2024-05-21 15:00:00",59.325997025599996
"2024-05-21 16:00:00",59.6331795076
"2024-05-21 17:00:00",59.0503706832
"2024-05-21 18:00:00",58.6852843351
"2024-05-21 19:00:00",62.03042009690001
"2024-05-21 20:00:00",62.05601784
"2024-05-21 21:00:00",60.8409729862
"2024-05-21 22:00:00",61.185326571699996
"2024-05-21 23:00:00",62.5304657719
"2024-05-22 00:00:00",60.3223793372
"2024-05-22 01:00:00",61.269863337900006
"2024-05-22 02:00:00",63.595057991199994
"2024-05-22 03:00:00",60.759014376
"2024-05-22 04:00:00",61.2986426979
"2024-05-22 05:00:00",60.122785174499995
"2024-05-22 06:00:00",58.865294094700005
"2024-05-22 07:00:00",56.3406466546
"2024-05-22 08:00:00",56.577422461299996
"2024-05-22 09:00:00",57.7081874735
"2024-05-22 10:00:00",57.7047082865
"2024-05-22 11:00:00",56.9986664956
"2024-05-22 12:00:00",56.447156270600004
"2024-05-22 13:00:00",57.175096784
"2024-05-22 14:00:00",56.8680223478
"2024-05-22 15:00:00",58.39603227719999
"2024-05-22 16:00:00",59.9906485014
"2024-05-22 17:00:00",60.6319286544
"2024-05-22 18:00:00",61.6359142614
"2024-05-22 19:00:00",62.849519774600004
"2024-05-22 20:00:00",62.63538950899999
"2024-05-22 21:00:00",61.29752678210001
"2024-05-22 22:00:00",63.31270726839999
"2024-05-22 23:00:00",68.471175225
"2024-05-23 00:00:00",62.6323972575
"2024-05-23 01:00:00",66.7687466391
"2024-05-23 02:00:00",65.7564019081
"2024-05-23 03:00:00",60.4138417964
"2024-05-23 04:00:00",62.2005377191
"2024-05-23 05:00:00",60.87972434550001
"2024-05-23 06:00:00",58.9656965241
"2024-05-23 07:00:00",59.3667974178
"2024-05-23 08:00:00",58.1223868937
"2024-05-23 09:00:00",56.65590417600001
"2024-05-23 10:00:00",57.02083194869999
"2024-05-23 11:00:00",58.1898235263
"2024-05-23 12:00:00",57.77776568640001
"2024-05-23 13:00:00",51.267670114299996
"2024-05-23 14:00:00",59.118065414
"2024-05-23 15:00:00",58.96322811280001
"2024-05-23 16:00:00",61.2971729187
"2024-05-23 17:00:00",60.2931035479
"2024-05-23 18:00:00",59.3867393597
"2024-05-23 19:00:00",56.6626671057
"2024-05-23 20:00:00",62.0780574232
"2024-05-23 21:00:00",61.98217242030001
"2024-05-23 22:00:00",62.68706572
"2024-05-23 23:00:00",62.72519765450001
"2024-05-24 00:00:00",60.86921646340001
"2024-05-24 01:00:00",76.1252252236
"2024-05-24 02:00:00",62.0426794479
"2024-05-24 03:00:00",62.5683707841
"2024-05-24 05:00:00",63.6643836992
"2024-05-24 06:00:00",58.635066533
"2024-05-24 07:00:00",59.3641361234
"2024-05-24 08:00:00",58.8641784513
"2024-05-24 09:00:00",58.53600005130001
"2024-05-24 10:00:00",57.57391238609999
"2024-05-24 11:00:00",58.31927212480001
"2024-05-24 12:00:00",59.4237147002
"2024-05-24 13:00:00",58.8970254374
"2024-05-24 14:00:00",57.0442620753
"2024-05-24 15:00:00",57.9631138256
"2024-05-24 16:00:00",59.24378102419999
"2024-05-24 17:00:00",61.1320177439
"2024-05-24 18:00:00",60.561792493199995
"2024-05-24 19:00:00",61.310015922999995
"2024-05-24 20:00:00",61.6103072414
"2024-05-24 21:00:00",56.5994238714
"2024-05-24 22:00:00",59.6283621044
"2024-05-24 23:00:00",62.90622553579999
"2024-05-25 00:00:00",59.593041637300004
"2024-05-25 01:00:00",64.6946103648
"2024-05-25 02:00:00",60.9154252377
"2024-05-25 03:00:00",58.7905483419
"2024-05-25 04:00:00",63.5687076134
"2024-05-25 05:00:00",63.3931841314
"2024-05-25 06:00:00",63.1426075067
"2024-05-25 07:00:00",61.7360627262
"2024-05-25 08:00:00",59.006789336
"2024-05-25 09:00:00",57.8590100576
"2024-05-25 10:00:00",59.2939126234
"2024-05-25 11:00:00",58.8250107769
"2024-05-25 12:00:00",58.2616670252
"2024-05-25 13:00:00",57.7151838977
"2024-05-25 14:00:00",58.2856965799
"2024-05-25 15:00:00",59.1094938845
"2024-05-25 16:00:00",59.9604233407
"2024-05-25 17:00:00",60.121528590100006
"2024-05-25 18:00:00",62.100897048499995
"2024-05-25 19:00:00",61.34025028319999
"2024-05-25 20:00:00",60.4542953435
"2024-05-25 21:00:00",57.701897356
"2024-05-25 22:00:00",57.3452401518
"2024-05-26 00:00:00",62.1143231287
"2024-05-26 01:00:00",61.7024631897
"2024-05-26 02:00:00",61.06441555579999
"2024-05-26 03:00:00",64.5100135558
"2024-05-26 04:00:00",67.2941265788
"2024-05-26 05:00:00",61.76778371219999
"2024-05-26 06:00:00",62.109209750299996
"2024-05-26 07:00:00",61.55957546420001
"2024-05-26 08:00:00",59.233978011
"2024-05-26 09:00:00",59.9713570409
"2024-05-26 10:00:00",59.54214350779999
"2024-05-26 11:00:00",59.57293948329999
"2024-05-26 12:00:00",58.68525493300001
"2024-05-26 13:00:00",58.8510063548
"2024-05-26 14:00:00",59.2267523603
"2024-05-26 15:00:00",59.6365870616
"2024-05-26 16:00:00",59.2282689792
"2024-05-26 17:00:00",60.2777315305
"2024-05-26 18:00:00",59.52137068220001
"2024-05-26 19:00:00",60.71772872769999
"2024-05-26 21:00:00",63.10395118219999
"2024-05-26 22:00:00",61.5195165197
"2024-05-26 23:00:00",66.9504691484
"2024-05-27 00:00:00",66.0044456505
"2024-05-27 01:00:00",55.940824456799994
"2024-05-27 02:00:00",56.50519682689999
"2024-05-27 03:00:00",61.3460027261
"2024-05-27 04:00:00",64.2593558329
"2024-05-27 05:00:00",61.900136703600005
"2024-05-27 06:00:00",58.65855848699999
"2024-05-27 07:00:00",57.67704697860001
"2024-05-27 08:00:00",57.8559833278
"2024-05-27 09:00:00",57.735716271499996
"2024-05-27 10:00:00",56.91965906000001
"2024-05-27 11:00:00",58.31593332770001
"2024-05-27 12:00:00",57.46610267700001
"2024-05-27 13:00:00",57.7244437606
"2024-05-27 14:00:00",59.2116180326
"2024-05-27 16:00:00",60.6020792668
"2024-05-27 17:00:00",61.169260873199995
"2024-05-27 18:00:00",60.32287771240001
"2024-05-27 19:00:00",62.3943710334
"2024-05-27 20:00:00",62.7073195627
"2024-05-27 21:00:00",61.436448572100005
"2024-05-27 22:00:00",63.6214160247
"2024-05-27 23:00:00",63.80700890380001
"2024-05-28 00:00:00",66.8616193191
"2024-05-28 01:00:00",71.5048806622
"2024-05-28 02:00:00",62.5834314267
"2024-05-28 03:00:00",61.8125142778
"2024-05-28 04:00:00",62.3557793989
"2024-05-28 05:00:00",61.823580428199996
"2024-05-28 06:00:00",59.57628433399999
"2024-05-28 07:00:00",58.584734412399996
"2024-05-28 08:00:00",58.2785979344
"2024-05-28 09:00:00",58.6018026008
"2024-05-28 10:00:00",57.9738018228
"2024-05-28 11:00:00",59.3729048116
"2024-05-28 12:00:00",58.0234487144
"2024-05-28 13:00:00",51.4370848602
"2024-05-28 14:00:00",59.05871446790001
"2024-05-28 15:00:00",59.7956386847
"2024-05-28 16:00:00",60.2476506667
"2024-05-28 17:00:00",59.5799010434
"2024-05-28 18:00:00",60.10182734949999
"2024-05-28 19:00:00",62.0124035222
"2024-05-28 20:00:00",61.8088588635
"2024-05-28 21:00:00",57.7838585094
"2024-05-28 22:00:00",61.264187588
"2024-05-28 23:00:00",62.256587918499996
"2024-05-29 00:00:00",61.45593153749999
"2024-05-29 01:00:00",59.2250880809
"2024-05-29 02:00:00",65.3557230613
"2024-05-29 03:00:00",59.633476837699995
"2024-05-29 04:00:00",60.8002981767
"2024-05-29 05:00:00",60.9792832548
"2024-05-29 06:00:00",59.5567075021
"2024-05-29 07:00:00",56.4278902705
"2024-05-29 08:00:00",57.99525415139999
"2024-05-29 09:00:00",57.652746362100004
"2024-05-29 10:00:00",57.9342922666
"2024-05-29 12:00:00",58.24878484069999
"2024-05-29 13:00:00",57.442045785
"2024-05-29 14:00:00",58.1025915912
"2024-05-29 15:00:00",58.64139618680001
"2024-05-29 16:00:00",60.1639459491
"2024-05-29 17:00:00",62.338219382199995
"2024-05-29 18:00:00",60.7418948012
"2024-05-29 19:00:00",61.1678491171
"2024-05-29 20:00:00",62.23956737340001
"2024-05-29 21:00:00",61.5602972669
"2024-05-29 22:00:00",62.468361010699994
"2024-05-29 23:00:00",63.6015527775
"2024-05-30 00:00:00",62.593781042699995
"2024-05-30 01:00:00",63.4175812788
"2024-05-30 02:00:00",63.2342880902
"2024-05-30 03:00:00",61.61749592379999
"2024-05-30 04:00:00",61.66917888230001
"2024-05-30 05:00:00",61.6012728716
"2024-05-30 06:00:00",60.57691718680001
"2024-05-30 07:00:00",58.2283536834
"2024-05-30 08:00:00",59.2735876647
"2024-05-30 09:00:00",56.045890879599995
"2024-05-30 10:00:00",57.5663772187
"2024-05-30 11:00:00",57.56520039010001
"2024-05-30 12:00:00",58.1935919753
"2024-05-30 13:00:00",58.0809713242
"2024-05-30 14:00:00",57.88604527630001
"2024-05-30 15:00:00",59.890640766500006
"2024-05-30 16:00:00",60.2048583671
"2024-05-30 17:00:00",60.43440147850001
"2024-05-30 18:00:00",60.7752765673
"2024-05-30 19:00:00",62.2991274673
"2024-05-30 20:00:00",62.88267841860001
"2024-05-30 21:00:00",62.27001146979999
"2024-05-30 22:00:00",63.423288640900005
"2024-05-30 23:00:00",61.9072120205
"2024-05-31 00:00:00",61.3309327347
"2024-05-31 01:00:00",64.9876533279
"2024-05-31 02:00:00",59.45097677159999
"2024-05-31 03:00:00",61.00498164070001
"2024-05-31 04:00:00",64.0578469756
"2024-05-31 05:00:00",61.343889887
"2024-05-31 06:00:00",60.2395263273
"2024-05-31 07:00:00",56.465254608
"2024-05-31 08:00:00",58.17183880249999
"2024-05-31 09:00:00",58.91355777930001
"2024-05-31 10:00:00",56.668566035400005
"2024-05-31 11:00:00",57.9582490913
"2024-05-31 12:00:00",58.098593527599995
"2024-05-31 13:00:00",57.6177195667
"2024-05-31 14:00:00",58.0245938358
"2024-05-31 15:00:00",59.6204555834
"2024-05-31 16:00:00",61.7713832557
"2024-05-31 17:00:00",61.803554182999996
"2024-05-31 18:00:00",61.79301486220001
"2024-05-31 19:00:00",62.479236269
"2024-05-31 20:00:00",62.1472411498
"2024-05-31 21:00:00",60.16577624440001
"2024-05-31 22:00:00",61.5953520791
"2024-05-31 23:00:00",63.56677465189999
"2024-06-01 00:00:00",61.9462617903
"2024-06-01 01:00:00",64.0714606055
"2024-06-01 02:00:00",59.532951867099996
"2024-06-01 03:00:00",64.6737157113
"2024-06-01 04:00:00",61.90916738989999
"2024-06-01 05:00:00",61.970525130000006
"2024-06-01 06:00:00",61.63237311910001
"2024-06-01 07:00:00",59.9418352996
"2024-06-01 08:00:00",59.3569886715
"2024-06-01 09:00:00",58.8472323975
"2024-06-01 10:00:00",59.606076994000006
"2024-06-01 11:00:00",58.65786679720001
"2024-06-01 12:00:00",59.3809761464
"2024-06-01 13:00:00",59.3876768
"2024-06-01 14:00:00",59.4244304714
"2024-06-01 15:00:00",60.5765965099
"2024-06-01 16:00:00",61.9838769411
"2024-06-01 17:00:00",62.196192834799994
"2024-06-01 18:00:00",61.863346418499994
"2024-06-01 19:00:00",64.0146271924
"2024-06-01 20:00:00",63.6926698734
"2024-06-01 21:00:00",61.9890215076
"2024-06-01 22:00:00",62.6346409627
"2024-06-01 23:00:00",63.12349820979999
"2024-06-02 00:00:00",63.1294113842
"2024-06-02 01:00:00",63.3990154553
"2024-06-02 02:00:00",66.0950324663
"2024-06-02 03:00:00",60.415389298600005
"2024-06-02 04:00:00",66.9977205484
"2024-06-02 05:00:00",64.2140357747
"2024-06-02 06:00:00",62.8764237261
"2024-06-02 07:00:00",61.36778323840001
"2024-06-02 08:00:00",61.2915986822
"2024-06-02 09:00:00",59.971638406100006
"2024-06-02 10:00:00",60.19208383969999
"2024-06-02 11:00:00",59.6794029615
"2024-06-02 12:00:00",58.88295629380001
"2024-06-02 13:00:00",59.604986743400005
"2024-06-02 14:00:00",59.8034963412
"2024-06-02 15:00:00",60.8668340644
"2024-06-02 16:00:00",62.2471224779
"2024-06-02 17:00:00",62.26007024199999
"2024-06-02 18:00:00",61.563716178899995
"2024-06-02 19:00:00",61.84138291970001
"2024-06-02 20:00:00",63.5600401007
"2024-06-02 21:00:00",61.5624332469
"2024-06-02 22:00:00",64.5372916415
"2024-06-02 23:00:00",63.4043401852
"2024-06-03 00:00:00",62.66486091310001
"2024-06-03 01:00:00",64.2108279349
"2024-06-03 02:00:00",60.7494790214
"2024-06-03 03:00:00",62.71412633589999
"2024-06-03 04:00:00",63.061410563
"2024-06-03 05:00:00",61.6775457506
"2024-06-03 06:00:00",59.263247209
"2024-06-03 07:00:00",58.75800312290001
"2024-06-03 08:00:00",57.9559744893
"2024-06-03 09:00:00",58.791283526
"2024-06-03 10:00:00",57.109536512199995
"2024-06-03 11:00:00",57.884271977100006
"2024-06-03 12:00:00",58.95517421809999
"2024-06-03 13:00:00",58.693485249000005
"2024-06-03 14:00:00",58.2549454082
"2024-06-03 15:00:00",59.69620900609999
"2024-06-03 16:00:00",61.3421135695
"2024-06-03 17:00:00",59.740626983400006
"2024-06-03 18:00:00",56.5254932646
"2024-06-03 19:00:00",62.33028796280001
"2024-06-03 20:00:00",63.6823332649
"2024-06-03 21:00:00",60.7225954942
"2024-06-03 22:00:00",62.207706356399996
"2024-06-03 23:00:00",64.1668490135
"2024-06-04 00:00:00",65.8130572752
"2024-06-04 01:00:00",64.6359294135
"2024-06-04 02:00:00",63.8997714376
"2024-06-04 03:00:00",64.4592335525
"2024-06-04 04:00:00",59.69472299400001
"2024-06-04 05:00:00",60.98511461860001
"2024-06-04 06:00:00",59.051349489299994
"2024-06-04 07:00:00",59.1260196492
"2024-06-04 08:00:00",57.4162739771
"2024-06-04 09:00:00",57.39364169409999
"2024-06-04 10:00:00",56.5487450179
"2024-06-04 11:00:00",57.6304010755
"2024-06-04 12:00:00",58.508855634999996
"2024-06-04 13:00:00",58.2428141674
"2024-06-04 14:00:00",58.509118311799995
"2024-06-04 15:00:00",60.033138962399995
"2024-06-04 16:00:00",60.15904181879999
"2024-06-04 17:00:00",61.3215159093
"2024-06-04 18:00:00",61.57888375969999
"2024-06-04 19:00:00",62.378952371699995
"2024-06-04 20:00:00",62.4477792262
"2024-06-04 21:00:00",62.831734681600004
"2024-06-04 22:00:00",62.0132261073
"2024-06-04 23:00:00",63.511058264999996
"2024-06-05 00:00:00",65.9903268637
"2024-06-05 01:00:00",61.2147323606
"2024-06-05 02:00:00",63.240029229899996
"2024-06-05 03:00:00",62.872410614799996
"2024-06-05 04:00:00",61.4409923688
"2024-06-05 05:00:00",60.3264862258
"2024-06-05 06:00:00",60.4620340783
"2024-06-05 07:00:00",59.8247103588
"2024-06-05 08:00:00",57.758495310799994
"2024-06-05 09:00:00",55.796998410200004
"2024-06-05 10:00:00",57.939118499
"2024-06-05 11:00:00",59.1394284859
"2024-06-05 12:00:00",58.5906222345
"2024-06-05 13:00:00",57.745182477
"2024-06-05 14:00:00",59.3136642896
"2024-06-05 15:00:00",59.59519006810001
"2024-06-05 16:00:00",60.7630047015
"2024-06-05 17:00:00",62.9877072433
"2024-06-05 18:00:00",62.677116925
"2024-06-05 19:00:00",61.270499079
"2024-06-05 20:00:00",63.17005293300001
"2024-06-05 21:00:00",61.311748195499995
"2024-06-05 22:00:00",62.323785791000006
"2024-06-05 23:00:00",61.3733160532
"2024-06-06 00:00:00",62.228571020000004
"2024-06-06 01:00:00",62.1826611734
"2024-06-06 02:00:00",64.0354366424
"2024-06-06 03:00:00",62.9900247657
"2024-06-06 04:00:00",61.6389390414
"2024-06-06 05:00:00",61.033435656200005
"2024-06-06 06:00:00",62.12734053050001
"2024-06-06 07:00:00",59.7118742591
"2024-06-06 08:00:00",56.693043266900006
"2024-06-06 09:00:00",53.1097923316
"2024-06-06 10:00:00",58.7010635802
"2024-06-06 11:00:00",57.9841654363
"2024-06-06 12:00:00",57.8361639059
"2024-06-06 13:00:00",59.169121111900004
"2024-06-06 14:00:00",58.8996571055
"2024-06-06 15:00:00",59.35763609199999
"2024-06-06 16:00:00",60.9294835533
"2024-06-06 17:00:00",61.60200630589999
"2024-06-06 18:00:00",62.210915130000004
"2024-06-06 19:00:00",62.2222376668
"2024-06-06 20:00:00",63.080623366000005
"2024-06-06 21:00:00",61.271837661
"2024-06-06 22:00:00",61.241327979400005
"2024-06-06 23:00:00",62.1445388872
"2024-06-07 00:00:00",62.0628111683
"2024-06-07 01:00:00",64.0117691709
"2024-06-07 02:00:00",66.6423747011
"2024-06-07 03:00:00",62.153748222100006
"2024-06-07 04:00:00",62.0407785116
"2024-06-07 05:00:00",62.649103786999994
"2024-06-07 06:00:00",60.48339433979999
"2024-06-07 07:00:00",59.8616981747
"2024-06-07 08:00:00",59.75589444129999
"2024-06-07 09:00:00",57.4808696213
"2024-06-07 10:00:00",56.3402610837
"2024-06-07 11:00:00",58.4881193759
"2024-06-07 12:00:00",58.7268437764
"2024-06-07 13:00:00",58.2675852901
"2024-06-07 14:00:00",58.2549250884
"2024-06-07 15:00:00",60.6915640467
"2024-06-07 16:00:00",61.549809385
"2024-06-07 17:00:00",61.114264311
"2024-06-07 18:00:00",61.8440753019
"2024-06-07 19:00:00",61.7068229741
"2024-06-07 20:00:00",62.831102940700006
"2024-06-07 21:00:00",61.6279378452
"2024-06-07 22:00:00",61.2334728841
"2024-06-07 23:00:00",63.957566833099996
"2024-06-08 00:00:00",63.45625162739999
"2024-06-08 01:00:00",70.469786589
"2024-06-08 02:00:00",59.8838001094
"2024-06-08 03:00:00",60.033607034
"2024-06-08 04:00:00",62.7307573448
"2024-06-08 05:00:00",64.7648704827
"2024-06-08 06:00:00",60.5600019629
"2024-06-08 07:00:00",59.1164740922
"2024-06-08 08:00:00",59.9550123944
"2024-06-08 09:00:00",58.23916856740001
"2024-06-08 10:00:00",58.2018075266
"2024-06-08 11:00:00",59.065993138399996
"2024-06-08 12:00:00",58.3897489901
"2024-06-08 13:00:00",58.26426264449999
"2024-06-08 14:00:00",58.478335661100004
"2024-06-08 15:00:00",60.3402980785
"2024-06-08 16:00:00",60.98865843469999
"2024-06-08 17:00:00",61.606382769
"2024-06-08 18:00:00",62.2449501028
"2024-06-08 19:00:00",63.14304439360001
"2024-06-08 20:00:00",63.9443201524
"2024-06-08 21:00:00",62.050076064399995
"2024-06-08 22:00:00",61.04045121440001
"2024-06-08 23:00:00",61.94080822989999
"2024-06-09 00:00:00",64.5079777957
"2024-06-09 01:00:00",63.5914100733
"2024-06-09 02:00:00",65.3185008112
"2024-06-09 03:00:00",62.82160321879999
"2024-06-09 04:00:00",68.8707742802
"2024-06-09 05:00:00",64.8941839252
"2024-06-09 06:00:00",65.3054249144
"2024-06-09 07:00:00",61.847629410699994
"2024-06-09 08:00:00",60.08177762140001
"2024-06-09 09:00:00",58.917525348
"2024-06-09 10:00:00",58.2076121018
"2024-06-09 11:00:00",59.4150202908
"2024-06-09 12:00:00",59.206391575
"2024-06-09 13:00:00",58.834217826300005
"2024-06-09 14:00:00",58.826301204800004
"2024-06-09 15:00:00",60.4335614323
"2024-06-09 16:00:00",61.517007242
"2024-06-09 17:00:00",62.47434386969999
"2024-06-09 18:00:00",62.18550129129999
"2024-06-09 19:00:00",61.1256390845
"2024-06-09 20:00:00",62.5761892527
"2024-06-09 21:00:00",63.66724995460001
"2024-06-09 22:00:00",60.242967397899996
"2024-06-09 23:00:00",63.87816279690001
"2024-06-10 00:00:00",66.466236671
"2024-06-10 01:00:00",66.5140138432
"2024-06-10 02:00:00",72.1034220892
"2024-06-10 03:00:00",62.78822612330001
"2024-06-10 04:00:00",60.5107137155
"2024-06-10 05:00:00",60.90171046540001
"2024-06-10 06:00:00",58.77668951649999
"2024-06-10 07:00:00",58.01463963769999
"2024-06-10 08:00:00",57.48936860429999
"2024-06-10 09:00:00",56.682761757899996
"2024-06-10 10:00:00",58.318770514700006
"2024-06-10 11:00:00",57.98647982210001
"2024-06-10 12:00:00",59.1956761841
"2024-06-10 13:00:00",58.241265747599996
"2024-06-10 14:00:00",59.031116001
"2024-06-10 15:00:00",59.5942356629
"2024-06-10 16:00:00",60.490770012999995
"2024-06-10 17:00:00",61.7229775531
"2024-06-10 18:00:00",61.72915792519999
"2024-06-10 19:00:00",61.868637116
"2024-06-10 20:00:00",63.1150015374
"2024-06-10 21:00:00",61.068708061600006
"2024-06-10 22:00:00",62.228003592499995
"2024-06-10 23:00:00",61.7583311273
"2024-06-11 00:00:00",58.011859061200006
"2024-06-11 01:00:00",64.2834663549
"2024-06-11 02:00:00",67.1088225518
"2024-06-11 03:00:00",60.8251090905
"2024-06-11 04:00:00",60.53033350599999
"2024-06-11 05:00:00",60.6852100961
"2024-06-11 06:00:00",59.9465325915
"2024-06-11 07:00:00",59.58801051369999
"2024-06-11 08:00:00",59.4635886588
"2024-06-11 09:00:00",58.0685196577
"2024-06-11 10:00:00",58.18844802350001
"2024-06-11 11:00:00",59.7330726132
"2024-06-11 12:00:00",59.03670936809999
"2024-06-11 13:00:00",57.6392157782
"2024-06-11 14:00:00",58.1919694775
"2024-06-11 15:00:00",59.9017305721
"2024-06-11 16:00:00",61.0620540866
"2024-06-11 17:00:00",62.6781724239
"2024-06-11 18:00:00",61.5156481187
"2024-06-11 19:00:00",61.4709111268
"2024-06-11 20:00:00",62.359478574700006
"2024-06-11 21:00:00",62.67756120280001
"2024-06-11 22:00:00",61.4262213418
"2024-06-11 23:00:00",62.926805450699995
"2024-06-12 00:00:00",63.89138460200001
"2024-06-12 01:00:00",63.392476934
"2024-06-12 02:00:00",63.688797466500006
"2024-06-12 03:00:00",62.0990307838
"2024-06-12 04:00:00",63.453658315000006
"2024-06-12 05:00:00",60.63871780160001
"2024-06-12 06:00:00",60.7168275032
"2024-06-12 07:00:00",59.632669591600006
"2024-06-12 08:00:00",58.054476346899996
"2024-06-12 09:00:00",57.923355496099994
"2024-06-12 10:00:00",57.6121397192
"2024-06-12 11:00:00",57.860964819399996
"2024-06-12 12:00:00",58.3709835646
"2024-06-12 13:00:00",58.620249087
"2024-06-12 14:00:00",58.5982718168
"2024-06-12 15:00:00",59.00247112179999
"2024-06-12 16:00:00",60.15180026630001
"2024-06-12 17:00:00",60.9130909115
"2024-06-12 18:00:00",60.420713671200005
"2024-06-12 19:00:00",62.7839579154
"2024-06-12 20:00:00",61.907279449399994
"2024-06-12 21:00:00",62.7806869121
"2024-06-12 22:00:00",62.77674185960001
"2024-06-12 23:00:00",65.065032519
"2024-06-13 00:00:00",58.564030178
"2024-06-13 01:00:00",62.42813118229999
"2024-06-13 02:00:00",73.0725060904
"2024-06-13 03:00:00",61.8491220487
"2024-06-13 04:00:00",61.8086038825
"2024-06-13 05:00:00",61.6179370163
"2024-06-13 06:00:00",60.0888134159
"2024-06-13 07:00:00",60.2707602182
"2024-06-13 08:00:00",58.994278371
"2024-06-13 09:00:00",57.001161026300004
"2024-06-13 10:00:00",57.7649838402
"2024-06-13 11:00:00",59.1137113561
"2024-06-13 12:00:00",57.7218039549
"2024-06-13 13:00:00",56.8902969406
"2024-06-13 14:00:00",58.0764907755
"2024-06-13 15:00:00",59.4181931089
"2024-06-13 16:00:00",60.4004793363
"2024-06-13 17:00:00",61.24520934940001
"2024-06-13 18:00:00",61.658600005900006
"2024-06-13 19:00:00",62.086889895700004
"2024-06-13 20:00:00",62.25160227290001
"2024-06-13 21:00:00",62.73629953380001
"2024-06-13 22:00:00",61.4653634262
"2024-06-13 23:00:00",62.8649647065
"2024-06-14 00:00:00",61.8387997888
"2024-06-14 01:00:00",64.3028707878
"2024-06-14 02:00:00",66.2998886372
"2024-06-14 03:00:00",60.3943565047
"2024-06-14 04:00:00",62.1920280487
"2024-06-14 05:00:00",60.6086284683
"2024-06-14 06:00:00",60.3211249547
"2024-06-14 07:00:00",58.063617345599994
"2024-06-14 08:00:00",57.1691211207
"2024-06-14 09:00:00",57.231980588899994
"2024-06-14 10:00:00",57.116194605900006
"2024-06-14 11:00:00",58.2187269722
"2024-06-14 12:00:00",58.3488642251
"2024-06-14 13:00:00",58.780372089900006
"2024-06-14 14:00:00",58.4785277965
"2024-06-14 15:00:00",58.332005184
"2024-06-14 16:00:00",52.78557622
"2024-06-14 17:00:00",53.7273330172
"2024-06-14 18:00:00",61.10748543289999
"2024-06-14 19:00:00",62.80972590889999
"2024-06-14 20:00:00",63.47915481590001
"2024-06-14 21:00:00",61.66714285780001
"2024-06-14 22:00:00",61.957309621
"2024-06-14 23:00:00",61.4319951866
"2024-06-15 00:00:00",61.7563678561
"2024-06-15 01:00:00",64.8333067088
"2024-06-15 02:00:00",65.6339181002
"2024-06-15 03:00:00",57.53812099990001
"2024-06-15 04:00:00",64.1306904989
"2024-06-15 05:00:00",61.8022465518
"2024-06-15 06:00:00",58.067537328600004
"2024-06-15 07:00:00",59.475288786600004
"2024-06-15 08:00:00",57.30436804400001
"2024-06-15 09:00:00",59.43240254589999
"2024-06-15 10:00:00",59.811864832199994
"2024-06-15 11:00:00",60.16928766369999
"2024-06-15 12:00:00",59.1684055505
"2024-06-15 13:00:00",59.1445132748
"2024-06-15 14:00:00",58.76603454359999
"2024-06-15 15:00:00",59.963804806
"2024-06-15 16:00:00",60.83747618689999
"2024-06-15 17:00:00",61.67091879429999
"2024-06-15 18:00:00",62.9123173707
"2024-06-15 19:00:00",62.6124535902
"2024-06-15 20:00:00",62.6149138775
"2024-06-15 21:00:00",63.312925361299996
"2024-06-15 22:00:00",61.0150115002
"2024-06-15 23:00:00",62.9049683701
"2024-06-16 00:00:00",60.81545745879999
"2024-06-16 01:00:00",66.178076612
"2024-06-16 02:00:00",66.6990181388
"2024-06-16 03:00:00",65.1917593362
"2024-06-16 04:00:00",67.4355610362
"2024-06-16 05:00:00",67.1929984154
"2024-06-16 06:00:00",61.661724667600005
"2024-06-16 07:00:00",61.99947378659999
"2024-06-16 08:00:00",61.91010504100001
"2024-06-16 09:00:00",61.495407223899996
"2024-06-16 10:00:00",58.8125405796
"2024-06-16 11:00:00",59.96745321019999
"2024-06-16 12:00:00",59.5745493048
"2024-06-16 13:00:00",60.6826681648
"2024-06-16 14:00:00",59.6394804018
"2024-06-16 15:00:00",59.95670986780001
"2024-06-16 16:00:00",61.0846107807
"2024-06-16 17:00:00",62.7605662503
"2024-06-16 18:00:00",64.0258258981
"2024-06-16 19:00:00",63.083151988800005
"2024-06-16 20:00:00",64.6486659969
"2024-06-16 21:00:00",62.0715616266
"2024-06-16 22:00:00",62.1340695145
"2024-06-16 23:00:00",61.7873474846
"2024-06-17 00:00:00",59.3626553794
"2024-06-17 01:00:00",63.043031442899995
"2024-06-17 02:00:00",66.1025385363
"2024-06-17 03:00:00",63.304385315000005
"2024-06-17 04:00:00",64.7276529881
"2024-06-17 05:00:00",60.0368740104
"2024-06-17 06:00:00",59.67286256050001
"2024-06-17 07:00:00",60.322422066200005
"2024-06-17 08:00:00",59.5199493233
"2024-06-17 09:00:00",59.164925447099996
"2024-06-17 10:00:00",58.20912422560001
"2024-06-17 11:00:00",57.73474303460001
"2024-06-17 12:00:00",58.3702265088
"2024-06-17 13:00:00",58.9740809023
"2024-06-17 14:00:00",60.0160061117
"2024-06-17 15:00:00",60.268783956200004
"2024-06-17 16:00:00",60.8393065804
"2024-06-17 17:00:00",62.1800612254
"2024-06-17 18:00:00",61.8939569666
"2024-06-17 19:00:00",62.9525087183
"2024-06-17 20:00:00",64.2088276379
"2024-06-17 21:00:00",64.2611617639
"2024-06-17 22:00:00",62.26574747909999
"2024-06-17 23:00:00",62.5062541217
"2024-06-18 00:00:00",70.5416460975
"2024-06-18 01:00:00",66.0477226712
"2024-06-18 02:00:00",62.0947910228
"2024-06-18 03:00:00",63.08192814990001
"2024-06-18 04:00:00",62.3363633486
"2024-06-18 05:00:00",60.867162822
"2024-06-18 06:00:00",60.941183601300004
"2024-06-18 07:00:00",59.42193355909999
"2024-06-18 08:00:00",57.0390511433
"2024-06-18 09:00:00",57.7109673778
"2024-06-18 10:00:00",57.9684279929
"2024-06-18 11:00:00",57.581417209
"2024-06-18 12:00:00",57.5124428867
"2024-06-18 13:00:00",57.8980641262
"2024-06-18 14:00:00",58.63174081319999
"2024-06-18 15:00:00",59.876090252000004
"2024-06-18 16:00:00",59.685453809
"2024-06-18 17:00:00",61.30543465029999
"2024-06-18 18:00:00",60.9026076589
"2024-06-18 19:00:00",60.6111862868
"2024-06-18 20:00:00",62.12428205789999
"2024-06-18 21:00:00",61.96672784409999
"2024-06-18 22:00:00",61.5866670483
"2024-06-18 23:00:00",62.3787085921
"2024-06-19 00:00:00",65.605668269
"2024-06-19 01:00:00",70.5722210055
"2024-06-19 02:00:00",67.6832691739
"2024-06-19 03:00:00",62.7180379722
"2024-06-19 04:00:00",64.0849743288
"2024-06-19 05:00:00",61.6711095259
"2024-06-19 06:00:00",59.26373365589999
"2024-06-19 07:00:00",59.6393992317
"2024-06-19 08:00:00",58.661109820600004
"2024-06-19 09:00:00",56.81860034150001
"2024-06-19 10:00:00",57.842002546100005
"2024-06-19 11:00:00",58.368598359100005
"2024-06-19 12:00:00",57.535253171
"2024-06-19 13:00:00",58.5782725249
"2024-06-19 14:00:00",58.412378544
"2024-06-19 15:00:00",59.51468242440001
"2024-06-19 16:00:00",60.0078023241
"2024-06-19 17:00:00",61.0322571691
"2024-06-19 18:00:00",61.24921857820001
"2024-06-19 19:00:00",62.2938421411
"2024-06-19 20:00:00",61.50953176059999
"2024-06-19 21:00:00",61.392105479
"2024-06-19 22:00:00",60.9674062638
"2024-06-19 23:00:00",63.74100361219999
"2024-06-20 00:00:00",61.8915492292
"2024-06-20 01:00:00",63.624938581799995
"2024-06-20 02:00:00",41.228446748
"2024-06-20 03:00:00",63.56861602419999
"2024-06-20 04:00:00",60.72646573590001
"2024-06-20 05:00:00",61.4191221444
"2024-06-20 06:00:00",59.412649932700006
"2024-06-20 07:00:00",58.89945353769999
"2024-06-20 08:00:00",57.5230371062
"2024-06-20 09:00:00",57.28398025759999
"2024-06-20 10:00:00",58.24517699250001
"2024-06-20 11:00:00",56.864714249500004
"2024-06-20 12:00:00",57.6458295552
"2024-06-20 13:00:00",58.00891000469999
"2024-06-20 14:00:00",59.0227551286
"2024-06-20 15:00:00",59.1855068157
"2024-06-20 16:00:00",60.3268308587
"2024-06-20 17:00:00",59.94508909040001
"2024-06-20 18:00:00",60.276557419899994
"2024-06-20 19:00:00",62.244456162400006
"2024-06-20 20:00:00",63.329207516400004
"2024-06-20 21:00:00",61.26624616350001
"2024-06-20 22:00:00",61.37954813849999
"2024-06-20 23:00:00",62.2580640528
"2024-06-21 00:00:00",61.3888744372
"2024-06-21 01:00:00",67.9542295472
"2024-06-21 02:00:00",57.904779874000006
"2024-06-21 03:00:00",60.1268568177
"2024-06-21 04:00:00",62.8486205155
"2024-06-21 05:00:00",60.058987455
"2024-06-21 06:00:00",58.6964439795
"2024-06-21 07:00:00",58.203951203100004
"2024-06-21 08:00:00",57.1332998991
"2024-06-21 09:00:00",56.45575903929999
"2024-06-21 10:00:00",58.1294042597
"2024-06-21 11:00:00",56.7993905813
"2024-06-21 12:00:00",57.006168322099995
"2024-06-21 13:00:00",58.0354767734
"2024-06-21 14:00:00",57.402006978799996
"2024-06-21 15:00:00",58.414479826199994
"2024-06-21 16:00:00",59.31986080650001
"2024-06-21 17:00:00",59.9611148049
"2024-06-21 18:00:00",60.3843501346
"2024-06-21 19:00:00",61.1962366231
"2024-06-21 20:00:00",63.560197711399994
"2024-06-21 21:00:00",62.6139876259
"2024-06-21 22:00:00",62.25288483509999
"2024-06-21 23:00:00",62.69936396840001
"2024-06-22 00:00:00",62.68825296570001
"2024-06-22 01:00:00",62.0527878356
"2024-06-22 02:00:00",66.2123951145
"2024-06-22 03:00:00",63.884505407400006
"2024-06-22 04:00:00",62.58910375060001
"2024-06-22 05:00:00",62.454344248599995
"2024-06-22 06:00:00",61.958463797099995
"2024-06-22 07:00:00",60.2873968486
"2024-06-22 08:00:00",59.78880784239999
"2024-06-22 09:00:00",58.5819511898
"2024-06-22 10:00:00",58.5037520472
"2024-06-22 11:00:00",58.64308854219999
"2024-06-22 12:00:00",57.5754981229
"2024-06-22 13:00:00",59.558573258600006
"2024-06-22 14:00:00",59.1167459789
"2024-06-22 15:00:00",59.9082886702
"2024-06-22 16:00:00",61.26006177859999
"2024-06-22 17:00:00",61.3735674488
"2024-06-22 18:00:00",62.282526383100006
"2024-06-22 19:00:00",60.70822319930001
"2024-06-22 20:00:00",62.7853262633
"2024-06-22 21:00:00",61.8753561919
"2024-06-22 22:00:00",60.63442446
"2024-06-22 23:00:00",61.3518424376
"2024-06-23 00:00:00",59.122842413
"2024-06-23 01:00:00",67.2282360279
"2024-06-23 02:00:00",61.9709534009
"2024-06-23 03:00:00",69.177994905
"2024-06-23 04:00:00",65.8683515635
"2024-06-23 05:00:00",65.2117851612
"2024-06-23 06:00:00",60.3251066588
"2024-06-23 07:00:00",62.7224158979
"2024-06-23 08:00:00",60.564861594099995
"2024-06-23 09:00:00",59.49927782400001
"2024-06-23 10:00:00",58.302985247200006
"2024-06-23 11:00:00",59.4466709818
"2024-06-23 12:00:00",59.4364495125
"2024-06-23 13:00:00",58.95853917160001
"2024-06-23 14:00:00",59.23998159100001
"2024-06-23 15:00:00",61.0240054851
"2024-06-23 16:00:00",62.22054658329999
"2024-06-23 17:00:00",61.008665920300004
"2024-06-23 18:00:00",61.129431378300005
"2024-06-23 19:00:00",62.31913423639999
"2024-06-23 20:00:00",62.4515723869
"2024-06-23 21:00:00",62.83886194880001
"2024-06-23 22:00:00",63.516281252199995
"2024-06-23 23:00:00",64.8518463169
"2024-06-24 00:00:00",61.89207090859999
"2024-06-24 01:00:00",62.72753109239999
"2024-06-24 02:00:00",65.1454896664
"2024-06-24 03:00:00",61.053154395300005
"2024-06-24 04:00:00",59.13931750910001
"2024-06-24 05:00:00",62.0405184162
"2024-06-24 06:00:00",60.5346481207
"2024-06-24 07:00:00",59.2186206867
"2024-06-24 08:00:00",58.5412007722
"2024-06-24 09:00:00",58.5489799256
"2024-06-24 10:00:00",57.9644036725
"2024-06-24 11:00:00",57.366750238399995
"2024-06-24 12:00:00",58.53375532030001
"2024-06-24 13:00:00",58.459551442
"2024-06-24 14:00:00",59.2393299386
"2024-06-24 15:00:00",59.4390465749
"2024-06-24 16:00:00",60.8571120309
"2024-06-24 17:00:00",61.2377166568
"2024-06-24 18:00:00",60.61444679820001
"2024-06-24 19:00:00",61.143431204500004
"2024-06-24 20:00:00",63.24603878580001
"2024-06-24 21:00:00",62.3161347075
"2024-06-24 22:00:00",61.2401443876
"2024-06-24 23:00:00",61.8840484922
"2024-06-25 00:00:00",63.5339262588
"2024-06-25 01:00:00",64.9302514927
"2024-06-25 02:00:00",53.86533325880001
"2024-06-25 03:00:00",59.2813355499
"2024-06-25 04:00:00",62.349087003600005
"2024-06-25 05:00:00",61.9650660621
"2024-06-25 06:00:00",60.1183234429
"2024-06-25 07:00:00",57.7416880339
"2024-06-25 08:00:00",58.214669176099996
"2024-06-25 09:00:00",55.7305367556
"2024-06-25 10:00:00",57.1414500195
"2024-06-25 11:00:00",56.7506996872
"2024-06-25 12:00:00",58.4480896106
"2024-06-25 13:00:00",57.51797752230001
"2024-06-25 14:00:00",59.0282334309
"2024-06-25 15:00:00",59.507846336600004
"2024-06-25 16:00:00",61.2188757025
"2024-06-25 17:00:00",62.40546851639999
"2024-06-25 18:00:00",63.4016215427
"2024-06-25 19:00:00",63.82560206680001
"2024-06-25 20:00:00",62.25351736150001
"2024-06-25 21:00:00",61.81146594
"2024-06-25 22:00:00",60.9670412737
"2024-06-25 23:00:00",61.9610780037
"2024-06-26 00:00:00",66.5957751355
"2024-06-26 01:00:00",69.6811465066
"2024-06-26 02:00:00",64.1606640367
"2024-06-26 03:00:00",60.536322289999994
"2024-06-26 04:00:00",63.2162455682
"2024-06-26 05:00:00",62.21923037999999
"2024-06-26 06:00:00",60.6626318938
"2024-06-26 07:00:00",58.4233851156
"2024-06-26 08:00:00",58.851872632399996
"2024-06-26 09:00:00",56.9006365429
"2024-06-26 10:00:00",57.426494221
"2024-06-26 11:00:00",58.43988383050001
"2024-06-26 12:00:00",58.44015536109999
"2024-06-26 13:00:00",58.1783949552
"2024-06-26 14:00:00",59.080076556399995
"2024-06-26 15:00:00",59.95124248829999
"2024-06-26 16:00:00",61.03358720620001
"2024-06-26 17:00:00",61.43881118640001
"2024-06-26 18:00:00",61.3740552363
"2024-06-26 19:00:00",63.286153894600005
"2024-06-26 20:00:00",63.5503811368
"2024-06-26 21:00:00",62.0993327918
"2024-06-26 22:00:00",63.5745195586
"2024-06-26 23:00:00",60.4245767796
"2024-06-27 00:00:00",62.88976582709999
"2024-06-27 01:00:00",68.4857521152
"2024-06-27 02:00:00",65.8952015063
"2024-06-27 03:00:00",61.666673426500004
"2024-06-27 04:00:00",63.41005043460001
"2024-06-27 05:00:00",60.2322272134
"2024-06-27 06:00:00",57.8257685096
"2024-06-27 07:00:00",57.3694093458
"2024-06-27 08:00:00",57.4829184484
"2024-06-27 09:00:00",57.855610552
"2024-06-27 10:00:00",57.0725001163
"2024-06-27 11:00:00",58.3458187454
"2024-06-27 12:00:00",57.912592950800004
"2024-06-27 13:00:00",56.5701339173
"2024-06-27 14:00:00",57.80494866830001
"2024-06-27 15:00:00",58.8014996018
"2024-06-27 16:00:00",59.893297670900004
"2024-06-27 17:00:00",59.47369916099999
"2024-06-27 18:00:00",60.9067605151
"2024-06-27 19:00:00",60.945955617100005
"2024-06-27 20:00:00",61.77161183100001
"2024-06-27 21:00:00",62.18599934169999
"2024-06-27 22:00:00",61.6891121946
"2024-06-27 23:00:00",62.0329791711
"2024-06-28 00:00:00",66.0278922987
"2024-06-28 01:00:00",64.6270317141
"2024-06-28 02:00:00",60.0352988056
"2024-06-28 03:00:00",59.9311133601
"2024-06-28 04:00:00",62.0067333078
"2024-06-28 05:00:00",61.5901964837
"2024-06-28 06:00:00",59.157473188699996
"2024-06-28 07:00:00",59.06554758960001
"2024-06-28 08:00:00",58.15018235189999
"2024-06-28 09:00:00",57.501366627
"2024-06-28 10:00:00",55.866827158099994
"2024-06-28 11:00:00",58.8138036296
"2024-06-28 12:00:00",57.2896679034
"2024-06-28 13:00:00",57.414333256800006
"2024-06-28 14:00:00",58.3935276736
"2024-06-28 15:00:00",58.6688759773
"2024-06-28 16:00:00",58.974906208200004
"2024-06-28 17:00:00",59.20566208219999
"2024-06-28 18:00:00",60.4900693719
"2024-06-28 19:00:00",61.3382286394
"2024-06-28 20:00:00",61.8236324133
"2024-06-28 21:00:00",60.45767048239999
"2024-06-28 22:00:00",61.604217901
"2024-06-28 23:00:00",62.860006656299994
"2024-06-29 00:00:00",62.6334640708
"2024-06-29 01:00:00",64.8824899423
"2024-06-29 02:00:00",62.265507545199995
"2024-06-29 03:00:00",59.2348955596
"2024-06-29 04:00:00",64.4717400416
"2024-06-29 05:00:00",61.4578218505
"2024-06-29 06:00:00",61.80864746339999
"2024-06-29 07:00:00",60.67659356560001
"2024-06-29 08:00:00",58.9271260312
"2024-06-29 09:00:00",58.164916591899996
"2024-06-29 10:00:00",58.891858668000005
"2024-06-29 11:00:00",57.7385701973
"2024-06-29 12:00:00",58.589772787
"2024-06-29 13:00:00",58.4421145672
"2024-06-29 14:00:00",59.50679126659999
"2024-06-29 15:00:00",61.1658754779
"2024-06-29 16:00:00",61.8070633086
"2024-06-29 17:00:00",61.3383306179
"2024-06-29 18:00:00",62.679500043900006
"2024-06-29 19:00:00",60.96997623229999
"2024-06-29 20:00:00",61.084626621000005
"2024-06-29 21:00:00",61.3635889208
"2024-06-29 22:00:00",60.82049470829999
"2024-06-30 00:00:00",64.719630194
"2024-06-30 01:00:00",62.7165036381
"2024-06-30 02:00:00",65.7231506479
"2024-06-30 03:00:00",59.6940877148
"2024-06-30 04:00:00",71.0154786489
"2024-06-30 05:00:00",60.668214499799994
"2024-06-30 06:00:00",62.3785347369
"2024-06-30 07:00:00",60.0489029266
"2024-06-30 08:00:00",59.2275097931
"2024-06-30 09:00:00",59.01461582939999
"2024-06-30 10:00:00",60.18643223200001
"2024-06-30 11:00:00",59.20008889919999
"2024-06-30 12:00:00",58.76293324160001
"2024-06-30 13:00:00",59.49390693379999
"2024-06-30 14:00:00",59.1237417185
"2024-06-30 15:00:00",59.54568641629999
"2024-06-30 16:00:00",60.7070804951
"2024-06-30 17:00:00",60.47361590930001
"2024-06-30 18:00:00",61.210284554
"2024-06-30 19:00:00",61.3267443461
"2024-06-30 20:00:00",62.9672090092
"2024-06-30 21:00:00",62.072553122200006
"2024-06-30 22:00:00",61.8271210855
"2024-06-30 23:00:00",63.50193291520001
"2024-07-01 00:00:00",63.901052312
"2024-07-01 01:00:00",60.2766837773
"2024-07-01 02:00:00",62.484808650999994
"2024-07-01 03:00:00",60.74735209810001
"2024-07-01 04:00:00",61.1127521073
"2024-07-01 05:00:00",61.097269064799995
"2024-07-01 06:00:00",58.59082188269999
"2024-07-01 07:00:00",58.3041311654
"2024-07-01 08:00:00",57.5519411482
"2024-07-01 09:00:00",56.96431243640001
"2024-07-01 10:00:00",56.6687502612
"2024-07-01 11:00:00",57.659782128
"2024-07-01 12:00:00",56.7568905193
"2024-07-01 13:00:00",56.21745720509999
"2024-07-01 14:00:00",57.56572478639999
"2024-07-01 15:00:00",58.7441873193
"2024-07-01 16:00:00",60.079887532600004
"2024-07-01 17:00:00",61.16674612060001
"2024-07-01 18:00:00",60.82536360219999
"2024-07-01 19:00:00",62.426985338499996
"2024-07-01 20:00:00",59.66041016239999
"2024-07-01 21:00:00",59.812041866799994
"2024-07-01 22:00:00",60.9349344893
"2024-07-01 23:00:00",62.1785418434
"2024-07-02 00:00:00",61.6312779307
"2024-07-02 01:00:00",58.93677440190001
"2024-07-02 02:00:00",64.2277526716
"2024-07-02 03:00:00",59.431030004200004
"2024-07-02 04:00:00",60.470205539800006
"2024-07-02 05:00:00",59.461061033300005
"2024-07-02 06:00:00",59.2203073934
"2024-07-02 07:00:00",57.96261467410001
"2024-07-02 08:00:00",57.8075810726
"2024-07-02 09:00:00",56.1934653556
"2024-07-02 10:00:00",56.8796631102
"2024-07-02 11:00:00",58.61562215309999
"2024-07-02 12:00:00",57.5125404672
"2024-07-02 13:00:00",58.060036482099996
"2024-07-02 14:00:00",57.240009569
"2024-07-02 15:00:00",59.8217021609
"2024-07-02 16:00:00",60.6950333656
"2024-07-02 17:00:00",61.1984479643
"2024-07-02 18:00:00",62.1165758728
"2024-07-02 19:00:00",62.1072198501
"2024-07-02 20:00:00",62.1730733917
"2024-07-02 21:00:00",61.1713846982
"2024-07-02 22:00:00",60.670158486000005
"2024-07-02 23:00:00",63.0403301339